<?xml version="1.0" encoding="UTF-8"?><InteractionHistory Id="local-22" Version="1"><InteractionEvent Delta="null" EndDate="2019-06-14 00:56:18.5 WIB" Interest="14.0" Kind="edit" Navigation="null" OriginId="org.eclipse.jdt.ui.CompilationUnitEditor" StartDate="2019-06-14 00:45:56.778 WIB" StructureHandle="=java-prolog/src\/main\/java&amp;lt;com.spacetimecat.java.prolog{Calls.java[Calls~frame~QFunction\&amp;lt;QFrame;QCall;&amp;gt;;" StructureKind="java" NumEvents="14" CreationCount="592"/><InteractionEvent Delta="null" EndDate="2019-06-14 00:45:54.268 WIB" Interest="17.868" Kind="propagation" Navigation="org.eclipse.mylyn.core.model.edges.containment" OriginId="org.eclipse.mylyn.core.model.interest.propagation" StartDate="2019-06-14 00:05:55.62 WIB" StructureHandle="=java-prolog/src\/main\/java&amp;lt;com.spacetimecat.java.prolog{Calls.java[Calls~frame~QFunction\&amp;lt;QFrame;QCall;&amp;gt;;" StructureKind="java" NumEvents="20" CreationCount="592"/><InteractionEvent Delta="null" EndDate="2019-06-14 02:01:02.200 WIB" Interest="16.0" Kind="selection" Navigation="null" OriginId="org.eclipse.jdt.ui.CompilationUnitEditor" StartDate="2019-06-14 00:41:22.867 WIB" StructureHandle="=java-prolog/src\/main\/java&amp;lt;com.spacetimecat.java.prolog{Calls.java[Calls~frame~QFunction\&amp;lt;QFrame;QCall;&amp;gt;;" StructureKind="java" NumEvents="16" CreationCount="592"/><InteractionEvent Delta="null" EndDate="2019-06-14 01:25:52.546 WIB" Interest="5.9530005" Kind="manipulation" Navigation="null" OriginId="org.eclipse.mylyn.core.model.interest.decay.correction" StartDate="2019-06-14 01:25:52.546 WIB" StructureHandle="=java-prolog/src\/test\/java&amp;lt;com.spacetimecat.java.prolog.example{Example.java[Example~disjunctive_normal_form" StructureKind="java"/><InteractionEvent Delta="null" EndDate="2019-06-14 01:25:52.546 WIB" Interest="2.0" Kind="selection" Navigation="null" OriginId="org.eclipse.jdt.ui.CompilationUnitEditor" StartDate="2019-06-14 00:48:40.17 WIB" StructureHandle="=java-prolog/src\/test\/java&amp;lt;com.spacetimecat.java.prolog.example{Example.java[Example~disjunctive_normal_form" StructureKind="java" NumEvents="2" CreationCount="1007"/><InteractionEvent Delta="null" EndDate="2019-06-14 02:02:08.590 WIB" Interest="9.0" Kind="propagation" Navigation="null" OriginId="org.eclipse.jdt.ui.CompilationUnitEditor" StartDate="2019-06-14 02:01:52.804 WIB" StructureHandle="/java-prolog/src/main/java/com/spacetimecat/java/prolog/Call_once.java" StructureKind="resource" NumEvents="9" CreationCount="1667"/><InteractionEvent Delta="null" EndDate="2019-06-14 01:06:52.688 WIB" Interest="44.0" Kind="edit" Navigation="null" OriginId="org.eclipse.jdt.ui.CompilationUnitEditor" StartDate="2019-06-14 00:19:32.830 WIB" StructureHandle="=java-prolog/src\/test\/java&amp;lt;com.spacetimecat.java.prolog.example{Example.java[Example~backtracking" StructureKind="java" NumEvents="44" CreationCount="619"/><InteractionEvent Delta="null" EndDate="2019-06-14 01:06:17.995 WIB" Interest="26.0" Kind="selection" Navigation="null" OriginId="org.eclipse.jdt.ui.CompilationUnitEditor" StartDate="2019-06-14 00:19:00.976 WIB" StructureHandle="=java-prolog/src\/test\/java&amp;lt;com.spacetimecat.java.prolog.example{Example.java[Example~backtracking" StructureKind="java" NumEvents="26" CreationCount="619"/><InteractionEvent Delta="null" EndDate="2019-06-14 00:05:18.414 WIB" Interest="2.0" Kind="edit" Navigation="null" OriginId="org.eclipse.jdt.ui.CompilationUnitEditor" StartDate="2019-06-14 00:05:16.338 WIB" StructureHandle="=java-prolog/src\/main\/java&amp;lt;com.spacetimecat.java.prolog{Call_Member.java[Call_Member~reset" StructureKind="java" NumEvents="2" CreationCount="575"/><InteractionEvent Delta="null" EndDate="2019-06-14 00:05:12.789 WIB" Interest="1.0" Kind="selection" Navigation="null" OriginId="org.eclipse.jdt.ui.CompilationUnitEditor" StartDate="2019-06-14 00:05:12.789 WIB" StructureHandle="=java-prolog/src\/main\/java&amp;lt;com.spacetimecat.java.prolog{Call_Member.java[Call_Member~reset" StructureKind="java"/><InteractionEvent Delta="null" EndDate="2019-06-14 02:02:33.597 WIB" Interest="196.523" Kind="propagation" Navigation="org.eclipse.mylyn.core.model.edges.containment" OriginId="org.eclipse.mylyn.core.model.interest.propagation" StartDate="2019-06-13 22:50:00.221 WIB" StructureHandle="=java-prolog/src\/main\/java" StructureKind="java" NumEvents="277" CreationCount="1"/><InteractionEvent Delta="null" EndDate="2019-06-14 01:37:33.22 WIB" Interest="7.5150003" Kind="manipulation" Navigation="null" OriginId="org.eclipse.mylyn.core.model.interest.decay.correction" StartDate="2019-06-14 00:48:19.555 WIB" StructureHandle="=java-prolog/src\/main\/java&amp;lt;com.spacetimecat.java.prolog{Calls.java[Calls~or~\[QCall;" StructureKind="java" NumEvents="3" CreationCount="751"/><InteractionEvent Delta="null" EndDate="2019-06-14 02:01:27.217 WIB" Interest="1.0" Kind="edit" Navigation="null" OriginId="org.eclipse.jdt.ui.CompilationUnitEditor" StartDate="2019-06-14 02:01:27.217 WIB" StructureHandle="=java-prolog/src\/main\/java&amp;lt;com.spacetimecat.java.prolog{Calls.java[Calls~or~\[QCall;" StructureKind="java"/><InteractionEvent Delta="null" EndDate="2019-06-14 00:50:52.971 WIB" Interest="3.0370002" Kind="propagation" Navigation="org.eclipse.mylyn.core.model.edges.containment" OriginId="org.eclipse.mylyn.core.model.interest.propagation" StartDate="2019-06-14 00:33:10.236 WIB" StructureHandle="=java-prolog/src\/main\/java&amp;lt;com.spacetimecat.java.prolog{Calls.java[Calls~or~\[QCall;" StructureKind="java" NumEvents="3" CreationCount="751"/><InteractionEvent Delta="null" EndDate="2019-06-14 02:02:13.193 WIB" Interest="7.0" Kind="selection" Navigation="null" OriginId="org.eclipse.jdt.ui.CompilationUnitEditor" StartDate="2019-06-14 00:48:19.555 WIB" StructureHandle="=java-prolog/src\/main\/java&amp;lt;com.spacetimecat.java.prolog{Calls.java[Calls~or~\[QCall;" StructureKind="java" NumEvents="7" CreationCount="751"/><InteractionEvent Delta="null" EndDate="2019-06-14 01:10:18.601 WIB" Interest="14.1" Kind="manipulation" Navigation="null" OriginId="org.eclipse.mylyn.core.model.interest.decay.correction" StartDate="2019-06-13 23:59:51.86 WIB" StructureHandle="=java-prolog/src\/main\/java&amp;lt;com.spacetimecat.java.prolog{Call.java[Call~unify~QTerm;~QTerm;" StructureKind="java" NumEvents="3" CreationCount="19"/><InteractionEvent Delta="null" EndDate="2019-06-14 01:10:18.601 WIB" Interest="9.0" Kind="selection" Navigation="null" OriginId="org.eclipse.jdt.ui.CompilationUnitEditor" StartDate="2019-06-13 22:50:58.786 WIB" StructureHandle="=java-prolog/src\/main\/java&amp;lt;com.spacetimecat.java.prolog{Call.java[Call~unify~QTerm;~QTerm;" StructureKind="java" NumEvents="9" CreationCount="19"/><InteractionEvent Delta="null" EndDate="2019-06-14 02:02:35.196 WIB" Interest="3.0" Kind="edit" Navigation="null" OriginId="org.eclipse.jdt.ui.CompilationUnitEditor" StartDate="2019-06-14 00:53:31.659 WIB" StructureHandle="=java-prolog/src\/main\/java&amp;lt;com.spacetimecat.java.prolog{Calls.java[Calls~cut~QFrame;" StructureKind="java" NumEvents="3" CreationCount="599"/><InteractionEvent Delta="null" EndDate="2019-06-14 02:01:03.576 WIB" Interest="19.693" Kind="propagation" Navigation="org.eclipse.mylyn.core.model.edges.containment" OriginId="org.eclipse.mylyn.core.model.interest.propagation" StartDate="2019-06-14 00:06:10.652 WIB" StructureHandle="=java-prolog/src\/main\/java&amp;lt;com.spacetimecat.java.prolog{Calls.java[Calls~cut~QFrame;" StructureKind="java" NumEvents="20" CreationCount="599"/><InteractionEvent Delta="null" EndDate="2019-06-14 02:02:35.163 WIB" Interest="6.0" Kind="selection" Navigation="null" OriginId="org.eclipse.jdt.ui.CompilationUnitEditor" StartDate="2019-06-14 00:53:10.410 WIB" StructureHandle="=java-prolog/src\/main\/java&amp;lt;com.spacetimecat.java.prolog{Calls.java[Calls~cut~QFrame;" StructureKind="java" NumEvents="6" CreationCount="599"/><InteractionEvent Delta="null" EndDate="2019-06-14 00:41:19.697 WIB" Interest="9.880001" Kind="manipulation" Navigation="null" OriginId="org.eclipse.mylyn.core.model.interest.decay.correction" StartDate="2019-06-14 00:41:19.697 WIB" StructureHandle="=java-prolog/src\/main\/java&amp;lt;com.spacetimecat.java.prolog{Calls.java[Calls~and~\[QCall;" StructureKind="java"/><InteractionEvent Delta="null" EndDate="2019-06-14 02:01:23.815 WIB" Interest="7.0" Kind="edit" Navigation="null" OriginId="org.eclipse.jdt.ui.CompilationUnitEditor" StartDate="2019-06-14 00:41:20.443 WIB" StructureHandle="=java-prolog/src\/main\/java&amp;lt;com.spacetimecat.java.prolog{Calls.java[Calls~and~\[QCall;" StructureKind="java" NumEvents="7" CreationCount="275"/><InteractionEvent Delta="null" EndDate="2019-06-14 02:01:21.989 WIB" Interest="14.0" Kind="selection" Navigation="null" OriginId="org.eclipse.jdt.ui.CompilationUnitEditor" StartDate="2019-06-13 23:47:02.254 WIB" StructureHandle="=java-prolog/src\/main\/java&amp;lt;com.spacetimecat.java.prolog{Calls.java[Calls~and~\[QCall;" StructureKind="java" NumEvents="14" CreationCount="275"/><InteractionEvent Delta="null" EndDate="2019-06-14 00:40:45.20 WIB" Interest="21.0" Kind="propagation" Navigation="null" OriginId="org.eclipse.jdt.ui.CompilationUnitEditor" StartDate="2019-06-13 23:58:17.989 WIB" StructureHandle="/java-prolog/src/main/java/com/spacetimecat/java/prolog/Unification.java" StructureKind="resource" NumEvents="21" CreationCount="395"/><InteractionEvent Delta="null" EndDate="2019-06-14 00:51:24.461 WIB" Interest="16.0" Kind="edit" Navigation="null" OriginId="org.eclipse.jdt.ui.CompilationUnitEditor" StartDate="2019-06-14 00:04:47.700 WIB" StructureHandle="=java-prolog/src\/main\/java&amp;lt;com.spacetimecat.java.prolog{Call_And.java[Call_And~do_reset" StructureKind="java" NumEvents="16" CreationCount="561"/><InteractionEvent Delta="null" EndDate="2019-06-14 00:48:59.460 WIB" Interest="2.5670004" Kind="manipulation" Navigation="null" OriginId="org.eclipse.mylyn.core.model.interest.decay.correction" StartDate="2019-06-14 00:48:59.460 WIB" StructureHandle="=java-prolog/src\/main\/java&amp;lt;com.spacetimecat.java.prolog{Call_And.java[Call_And~do_reset" StructureKind="java"/><InteractionEvent Delta="null" EndDate="2019-06-14 00:54:35.753 WIB" Interest="10.0" Kind="selection" Navigation="null" OriginId="org.eclipse.jdt.ui.CompilationUnitEditor" StartDate="2019-06-14 00:04:46.16 WIB" StructureHandle="=java-prolog/src\/main\/java&amp;lt;com.spacetimecat.java.prolog{Call_And.java[Call_And~do_reset" StructureKind="java" NumEvents="10" CreationCount="561"/><InteractionEvent Delta="null" EndDate="2019-06-14 00:54:57.802 WIB" Interest="17.0" Kind="edit" Navigation="null" OriginId="org.eclipse.jdt.ui.CompilationUnitEditor" StartDate="2019-06-14 00:04:54.912 WIB" StructureHandle="=java-prolog/src\/main\/java&amp;lt;com.spacetimecat.java.prolog{Call_And.java[Call_And~do_next" StructureKind="java" NumEvents="17" CreationCount="565"/><InteractionEvent Delta="null" EndDate="2019-06-14 00:51:01.656 WIB" Interest="1.3320003" Kind="manipulation" Navigation="null" OriginId="org.eclipse.mylyn.core.model.interest.decay.correction" StartDate="2019-06-14 00:51:01.656 WIB" StructureHandle="=java-prolog/src\/main\/java&amp;lt;com.spacetimecat.java.prolog{Call_And.java[Call_And~do_next" StructureKind="java"/><InteractionEvent Delta="null" EndDate="2019-06-14 00:54:38.608 WIB" Interest="14.0" Kind="selection" Navigation="null" OriginId="org.eclipse.jdt.ui.CompilationUnitEditor" StartDate="2019-06-14 00:04:54.20 WIB" StructureHandle="=java-prolog/src\/main\/java&amp;lt;com.spacetimecat.java.prolog{Call_And.java[Call_And~do_next" StructureKind="java" NumEvents="14" CreationCount="565"/><InteractionEvent Delta="null" EndDate="2019-06-14 00:53:25.647 WIB" Interest="2.0" Kind="selection" Navigation="null" OriginId="org.eclipse.jdt.ui.CompilationUnitEditor" StartDate="2019-06-14 00:53:23.41 WIB" StructureHandle="=java-prolog/src\/main\/java&amp;lt;com.spacetimecat.java.prolog{Frame.java[Frame" StructureKind="java" NumEvents="2" CreationCount="1151"/><InteractionEvent Delta="null" EndDate="2019-06-14 00:53:24.901 WIB" Interest="0.71700007" Kind="propagation" Navigation="org.eclipse.mylyn.core.model.edges.containment" OriginId="org.eclipse.mylyn.core.model.interest.propagation" StartDate="2019-06-14 00:53:24.181 WIB" StructureHandle="=java-prolog/src\/main\/java&amp;lt;com.spacetimecat.java.prolog{Frame.java[Frame" StructureKind="java" NumEvents="2" CreationCount="1151"/><InteractionEvent Delta="null" EndDate="2019-06-14 00:32:08.67 WIB" Interest="4.0" Kind="edit" Navigation="null" OriginId="org.eclipse.jdt.ui.CompilationUnitEditor" StartDate="2019-06-14 00:00:47.45 WIB" StructureHandle="=java-prolog/src\/main\/java&amp;lt;com.spacetimecat.java.prolog{Call.java[Call~do_reset" StructureKind="java" NumEvents="4" CreationCount="459"/><InteractionEvent Delta="null" EndDate="2019-06-14 00:32:32.326 WIB" Interest="5.0" Kind="selection" Navigation="null" OriginId="org.eclipse.jdt.ui.CompilationUnitEditor" StartDate="2019-06-14 00:00:45.913 WIB" StructureHandle="=java-prolog/src\/main\/java&amp;lt;com.spacetimecat.java.prolog{Call.java[Call~do_reset" StructureKind="java" NumEvents="5" CreationCount="459"/><InteractionEvent Delta="null" EndDate="2019-06-14 02:02:36.180 WIB" Interest="66.837" Kind="propagation" Navigation="org.eclipse.mylyn.core.model.edges.containment" OriginId="org.eclipse.mylyn.core.model.interest.propagation" StartDate="2019-06-14 00:04:30.528 WIB" StructureHandle="=java-prolog/src\/test\/java" StructureKind="java" NumEvents="102" CreationCount="558"/><InteractionEvent Delta="null" EndDate="2019-06-14 00:40:41.709 WIB" Interest="4.0" Kind="selection" Navigation="null" OriginId="org.eclipse.jdt.ui.CompilationUnitEditor" StartDate="2019-06-14 00:34:37.412 WIB" StructureHandle="=java-prolog/src\/main\/java&amp;lt;com.spacetimecat.java.prolog{Term.java" StructureKind="java" NumEvents="4" CreationCount="753"/><InteractionEvent Delta="null" EndDate="2019-06-14 00:40:31.197 WIB" Interest="64.91699" Kind="propagation" Navigation="org.eclipse.mylyn.core.model.edges.containment" OriginId="org.eclipse.mylyn.core.model.interest.propagation" StartDate="2019-06-14 00:34:38.63 WIB" StructureHandle="=java-prolog/src\/main\/java&amp;lt;com.spacetimecat.java.prolog{Term.java" StructureKind="java" NumEvents="95" CreationCount="753"/><InteractionEvent Delta="null" EndDate="2019-06-14 02:02:35.197 WIB" Interest="1334.0" Kind="propagation" Navigation="org.eclipse.mylyn.core.model.edges.containment" OriginId="org.eclipse.mylyn.core.model.interest.propagation" StartDate="2019-06-13 22:50:00.221 WIB" StructureHandle="/" StructureKind="resource" NumEvents="1334" CreationCount="1"/><InteractionEvent Delta="null" EndDate="2019-06-14 02:02:26.154 WIB" Interest="9.0" Kind="propagation" Navigation="null" OriginId="org.eclipse.jdt.ui.CompilationUnitEditor" StartDate="2019-06-14 02:01:43.918 WIB" StructureHandle="/java-prolog/src/main/java/com/spacetimecat/java/prolog/Call_cut.java" StructureKind="resource" NumEvents="9" CreationCount="1665"/><InteractionEvent Delta="null" EndDate="2019-06-14 02:02:35.197 WIB" Interest="1334.0" Kind="propagation" Navigation="org.eclipse.mylyn.core.model.edges.containment" OriginId="org.eclipse.mylyn.core.model.interest.propagation" StartDate="2019-06-13 22:50:00.221 WIB" StructureHandle="/java-prolog/src/main/java" StructureKind="resource" NumEvents="1334" CreationCount="1"/><InteractionEvent Delta="null" EndDate="2019-06-14 01:09:27.184 WIB" Interest="14.546001" Kind="propagation" Navigation="org.eclipse.mylyn.core.model.edges.containment" OriginId="org.eclipse.mylyn.core.model.interest.propagation" StartDate="2019-06-14 00:05:36.118 WIB" StructureHandle="=java-prolog/src\/main\/java&amp;lt;com.spacetimecat.java.prolog{Call_Or.java[Call_Or" StructureKind="java" NumEvents="13" CreationCount="583"/><InteractionEvent Delta="null" EndDate="2019-06-14 00:56:27.864 WIB" Interest="4.0" Kind="selection" Navigation="null" OriginId="org.eclipse.jdt.ui.CompilationUnitEditor" StartDate="2019-06-14 00:51:04.640 WIB" StructureHandle="=java-prolog/src\/main\/java&amp;lt;com.spacetimecat.java.prolog{Call_Or.java[Call_Or" StructureKind="java" NumEvents="4" CreationCount="583"/><InteractionEvent Delta="null" EndDate="2019-06-14 00:50:52.971 WIB" Interest="2.0" Kind="selection" Navigation="null" OriginId="org.eclipse.jdt.ui.TypeHierarchy" StartDate="2019-06-14 00:33:10.236 WIB" StructureHandle="=java-prolog/src\/main\/java&amp;lt;com.spacetimecat.java.prolog{Calls.java[Calls~or~\[QCall;[" StructureKind="java" NumEvents="2" CreationCount="751"/><InteractionEvent Delta="null" EndDate="2019-06-14 00:50:51.393 WIB" Interest="5.168" Kind="propagation" Navigation="org.eclipse.mylyn.core.model.edges.containment" OriginId="org.eclipse.mylyn.core.model.interest.propagation" StartDate="2019-06-14 00:50:51.393 WIB" StructureHandle="=java-prolog/src\/main\/java&amp;lt;com.spacetimecat.java.prolog{Calls.java[Calls~or~\[QCall;[" StructureKind="java"/><InteractionEvent Delta="null" EndDate="2019-06-14 02:00:50.216 WIB" Interest="7.0" Kind="edit" Navigation="null" OriginId="org.eclipse.jdt.ui.CompilationUnitEditor" StartDate="2019-06-14 01:37:47.962 WIB" StructureHandle="=java-prolog/src\/main\/java&amp;lt;com.spacetimecat.java.prolog{Calls.java[Calls~once~QCall;" StructureKind="java" NumEvents="7" CreationCount="1611"/><InteractionEvent Delta="null" EndDate="2019-06-14 02:02:09.50 WIB" Interest="7.0" Kind="selection" Navigation="null" OriginId="org.eclipse.jdt.ui.CompilationUnitEditor" StartDate="2019-06-14 01:37:38.387 WIB" StructureHandle="=java-prolog/src\/main\/java&amp;lt;com.spacetimecat.java.prolog{Calls.java[Calls~once~QCall;" StructureKind="java" NumEvents="7" CreationCount="1611"/><InteractionEvent Delta="null" EndDate="2019-06-14 02:00:27.256 WIB" Interest="1.5040011" Kind="propagation" Navigation="org.eclipse.mylyn.core.model.edges.containment" OriginId="org.eclipse.mylyn.core.model.interest.propagation" StartDate="2019-06-14 02:00:26.287 WIB" StructureHandle="=java-prolog/src\/main\/java&amp;lt;com.spacetimecat.java.prolog{Calls.java[Calls~once~QCall;" StructureKind="java" NumEvents="2" CreationCount="1611"/><InteractionEvent Delta="null" EndDate="2019-06-14 01:59:59.494 WIB" Interest="4.0" Kind="edit" Navigation="null" OriginId="org.eclipse.jdt.ui.CompilationUnitEditor" StartDate="2019-06-14 01:59:24.665 WIB" StructureHandle="=java-prolog/src\/main\/java&amp;lt;com.spacetimecat.java.prolog{Calls.java[Calls~once~QCall;[~do_reset" StructureKind="java" NumEvents="4" CreationCount="1623"/><InteractionEvent Delta="null" EndDate="2019-06-14 02:00:18.712 WIB" Interest="5.0" Kind="selection" Navigation="null" OriginId="org.eclipse.jdt.ui.CompilationUnitEditor" StartDate="2019-06-14 01:38:03.38 WIB" StructureHandle="=java-prolog/src\/main\/java&amp;lt;com.spacetimecat.java.prolog{Calls.java[Calls~once~QCall;[~do_reset" StructureKind="java" NumEvents="5" CreationCount="1623"/><InteractionEvent Delta="null" EndDate="2019-06-14 00:04:45.355 WIB" Interest="5.5030003" Kind="manipulation" Navigation="null" OriginId="org.eclipse.mylyn.core.model.interest.decay.correction" StartDate="2019-06-14 00:04:45.355 WIB" StructureHandle="/java-prolog/src/main/java/com/spacetimecat/java/prolog/Call_And.java" StructureKind="resource"/><InteractionEvent Delta="null" EndDate="2019-06-14 00:54:57.802 WIB" Interest="88.0" Kind="propagation" Navigation="null" OriginId="org.eclipse.jdt.ui.CompilationUnitEditor" StartDate="2019-06-13 22:50:00.220 WIB" StructureHandle="/java-prolog/src/main/java/com/spacetimecat/java/prolog/Call_And.java" StructureKind="resource" NumEvents="88" CreationCount="1"/><InteractionEvent Delta="null" EndDate="2019-06-13 23:56:11.595 WIB" Interest="10.0" Kind="edit" Navigation="null" OriginId="org.eclipse.jdt.ui.CompilationUnitEditor" StartDate="2019-06-13 23:43:36.177 WIB" StructureHandle="=java-prolog/src\/main\/java&amp;lt;com.spacetimecat.java.prolog{Search.java" StructureKind="java" NumEvents="10" CreationCount="163"/><InteractionEvent Delta="null" EndDate="2019-06-13 23:49:47.251 WIB" Interest="13.141" Kind="propagation" Navigation="org.eclipse.mylyn.core.model.edges.containment" OriginId="org.eclipse.mylyn.core.model.interest.propagation" StartDate="2019-06-13 23:43:07.724 WIB" StructureHandle="=java-prolog/src\/main\/java&amp;lt;com.spacetimecat.java.prolog{Search.java" StructureKind="java" NumEvents="20" CreationCount="163"/><InteractionEvent Delta="null" EndDate="2019-06-14 00:46:17.126 WIB" Interest="76.0" Kind="selection" Navigation="null" OriginId="org.eclipse.jdt.ui.CompilationUnitEditor" StartDate="2019-06-13 23:43:08.771 WIB" StructureHandle="=java-prolog/src\/main\/java&amp;lt;com.spacetimecat.java.prolog{Search.java" StructureKind="java" NumEvents="76" CreationCount="163"/><InteractionEvent Delta="null" EndDate="2019-06-14 01:09:27.184 WIB" Interest="43.0" Kind="propagation" Navigation="null" OriginId="org.eclipse.jdt.ui.CompilationUnitEditor" StartDate="2019-06-14 00:05:35.446 WIB" StructureHandle="/java-prolog/src/main/java/com/spacetimecat/java/prolog/Call_Or.java" StructureKind="resource" NumEvents="43" CreationCount="582"/><InteractionEvent Delta="null" EndDate="2019-06-14 02:02:36.253 WIB" Interest="369.0" Kind="propagation" Navigation="org.eclipse.mylyn.core.model.edges.containment" OriginId="org.eclipse.mylyn.core.model.interest.propagation" StartDate="2019-06-14 00:04:30.528 WIB" StructureHandle="/java-prolog/src/test/java/com/spacetimecat" StructureKind="resource" NumEvents="369" CreationCount="558"/><InteractionEvent Delta="null" EndDate="2019-06-14 00:30:42.643 WIB" Interest="3.7680001" Kind="propagation" Navigation="org.eclipse.mylyn.core.model.edges.containment" OriginId="org.eclipse.mylyn.core.model.interest.propagation" StartDate="2019-06-14 00:05:12.789 WIB" StructureHandle="=java-prolog/src\/main\/java&amp;lt;com.spacetimecat.java.prolog{Call_Member.java[Call_Member" StructureKind="java" NumEvents="5" CreationCount="575"/><InteractionEvent Delta="null" EndDate="2019-06-14 01:32:42.551 WIB" Interest="46.0" Kind="edit" Navigation="null" OriginId="org.eclipse.jdt.ui.CompilationUnitEditor" StartDate="2019-06-14 01:28:49.132 WIB" StructureHandle="=java-prolog/src\/test\/java&amp;lt;com.spacetimecat.java.prolog.example{Example.java[Example~cut_2" StructureKind="java" NumEvents="46" CreationCount="1480"/><InteractionEvent Delta="null" EndDate="2019-06-14 01:32:51.758 WIB" Interest="3.0" Kind="selection" Navigation="null" OriginId="org.eclipse.jdt.ui.CompilationUnitEditor" StartDate="2019-06-14 01:28:48.157 WIB" StructureHandle="=java-prolog/src\/test\/java&amp;lt;com.spacetimecat.java.prolog.example{Example.java[Example~cut_2" StructureKind="java" NumEvents="3" CreationCount="1480"/><InteractionEvent Delta="null" EndDate="2019-06-14 01:10:13.931 WIB" Interest="23.0" Kind="edit" Navigation="null" OriginId="org.eclipse.jdt.ui.CompilationUnitEditor" StartDate="2019-06-13 23:44:57.950 WIB" StructureHandle="=java-prolog/src\/main\/java&amp;lt;com.spacetimecat.java.prolog{Call.java[Call~next" StructureKind="java" NumEvents="23" CreationCount="227"/><InteractionEvent Delta="null" EndDate="2019-06-14 02:02:26.871 WIB" Interest="27.0" Kind="selection" Navigation="null" OriginId="org.eclipse.jdt.ui.CompilationUnitEditor" StartDate="2019-06-13 23:44:56.831 WIB" StructureHandle="=java-prolog/src\/main\/java&amp;lt;com.spacetimecat.java.prolog{Call.java[Call~next" StructureKind="java" NumEvents="27" CreationCount="227"/><InteractionEvent Delta="null" EndDate="2019-06-14 00:37:57.219 WIB" Interest="5.3950005" Kind="manipulation" Navigation="null" OriginId="org.eclipse.mylyn.core.model.interest.decay.correction" StartDate="2019-06-14 00:37:57.219 WIB" StructureHandle="=java-prolog/src\/main\/java&amp;lt;com.spacetimecat.java.prolog{Unification.java[Unification~unify~QTerm;~QTerm;" StructureKind="java"/><InteractionEvent Delta="null" EndDate="2019-06-14 00:37:57.219 WIB" Interest="3.0" Kind="selection" Navigation="null" OriginId="org.eclipse.jdt.ui.CompilationUnitEditor" StartDate="2019-06-13 23:58:31.88 WIB" StructureHandle="=java-prolog/src\/main\/java&amp;lt;com.spacetimecat.java.prolog{Unification.java[Unification~unify~QTerm;~QTerm;" StructureKind="java" NumEvents="3" CreationCount="399"/><InteractionEvent Delta="null" EndDate="2019-06-14 01:32:51.176 WIB" Interest="63.0" Kind="edit" Navigation="null" OriginId="org.eclipse.jdt.ui.CompilationUnitEditor" StartDate="2019-06-14 00:48:43.902 WIB" StructureHandle="=java-prolog/src\/test\/java&amp;lt;com.spacetimecat.java.prolog.example{Example.java[Example~cut_1" StructureKind="java" NumEvents="63" CreationCount="1008"/><InteractionEvent Delta="null" EndDate="2019-06-14 01:25:53.810 WIB" Interest="5.2530003" Kind="manipulation" Navigation="null" OriginId="org.eclipse.mylyn.core.model.interest.decay.correction" StartDate="2019-06-14 01:25:53.810 WIB" StructureHandle="=java-prolog/src\/test\/java&amp;lt;com.spacetimecat.java.prolog.example{Example.java[Example~cut" StructureKind="java"/><InteractionEvent Delta="null" EndDate="2019-06-14 01:32:43.878 WIB" Interest="3.0" Kind="selection" Navigation="null" OriginId="org.eclipse.jdt.ui.CompilationUnitEditor" StartDate="2019-06-14 00:48:42.425 WIB" StructureHandle="=java-prolog/src\/test\/java&amp;lt;com.spacetimecat.java.prolog.example{Example.java[Example~cut_1" StructureKind="java" NumEvents="3" CreationCount="1008"/><InteractionEvent Delta="null" EndDate="2019-06-14 00:49:46.997 WIB" Interest="4.4460006" Kind="manipulation" Navigation="null" OriginId="org.eclipse.mylyn.core.model.interest.decay.correction" StartDate="2019-06-14 00:49:46.997 WIB" StructureHandle="=java-prolog/src\/main\/java&amp;lt;com.spacetimecat.java.prolog{Call_Or.java[Call_Or~do_next" StructureKind="java"/><InteractionEvent Delta="null" EndDate="2019-06-14 00:52:04.314 WIB" Interest="3.0" Kind="edit" Navigation="null" OriginId="org.eclipse.jdt.ui.CompilationUnitEditor" StartDate="2019-06-14 00:49:48.567 WIB" StructureHandle="=java-prolog/src\/main\/java&amp;lt;com.spacetimecat.java.prolog{Call_Or.java[Call_Or~do_next" StructureKind="java" NumEvents="3" CreationCount="587"/><InteractionEvent Delta="null" EndDate="2019-06-14 00:52:17.414 WIB" Interest="6.0" Kind="selection" Navigation="null" OriginId="org.eclipse.jdt.ui.CompilationUnitEditor" StartDate="2019-06-14 00:05:47.829 WIB" StructureHandle="=java-prolog/src\/main\/java&amp;lt;com.spacetimecat.java.prolog{Call_Or.java[Call_Or~do_next" StructureKind="java" NumEvents="6" CreationCount="587"/><InteractionEvent Delta="null" EndDate="2019-06-14 00:51:34.598 WIB" Interest="33.0" Kind="edit" Navigation="null" OriginId="org.eclipse.jdt.ui.CompilationUnitEditor" StartDate="2019-06-13 22:51:03.669 WIB" StructureHandle="=java-prolog/src\/main\/java&amp;lt;com.spacetimecat.java.prolog{Call.java[Call~undo" StructureKind="java" NumEvents="33" CreationCount="20"/><InteractionEvent Delta="null" EndDate="2019-06-14 00:51:37.130 WIB" Interest="17.0" Kind="selection" Navigation="null" OriginId="org.eclipse.jdt.ui.CompilationUnitEditor" StartDate="2019-06-13 22:51:00.990 WIB" StructureHandle="=java-prolog/src\/main\/java&amp;lt;com.spacetimecat.java.prolog{Call.java[Call~undo" StructureKind="java" NumEvents="17" CreationCount="20"/><InteractionEvent Delta="null" EndDate="2019-06-14 02:02:36.253 WIB" Interest="369.0" Kind="propagation" Navigation="org.eclipse.mylyn.core.model.edges.containment" OriginId="org.eclipse.mylyn.core.model.interest.propagation" StartDate="2019-06-14 00:04:30.528 WIB" StructureHandle="/java-prolog/src/test/java" StructureKind="resource" NumEvents="369" CreationCount="558"/><InteractionEvent Delta="null" EndDate="2019-06-14 00:54:06.109 WIB" Interest="7.0" Kind="edit" Navigation="null" OriginId="org.eclipse.jdt.ui.CompilationUnitEditor" StartDate="2019-06-14 00:06:10.111 WIB" StructureHandle="=java-prolog/src\/main\/java&amp;lt;com.spacetimecat.java.prolog{Calls.java[Calls~frame~QFunction\&amp;lt;QFrame;QCall;&amp;gt;;[~do_next" StructureKind="java" NumEvents="7" CreationCount="596"/><InteractionEvent Delta="null" EndDate="2019-06-14 00:54:05.253 WIB" Interest="17.0" Kind="selection" Navigation="null" OriginId="org.eclipse.jdt.ui.CompilationUnitEditor" StartDate="2019-06-14 00:06:04.686 WIB" StructureHandle="=java-prolog/src\/main\/java&amp;lt;com.spacetimecat.java.prolog{Calls.java[Calls~frame~QFunction\&amp;lt;QFrame;QCall;&amp;gt;;[~do_next" StructureKind="java" NumEvents="17" CreationCount="596"/><InteractionEvent Delta="null" EndDate="2019-06-14 02:02:35.196 WIB" Interest="320.0" Kind="propagation" Navigation="null" OriginId="org.eclipse.jdt.ui.CompilationUnitEditor" StartDate="2019-06-13 23:47:00.896 WIB" StructureHandle="/java-prolog/src/main/java/com/spacetimecat/java/prolog/Calls.java" StructureKind="resource" NumEvents="320" CreationCount="273"/><InteractionEvent Delta="null" EndDate="2019-06-14 02:02:36.253 WIB" Interest="369.0" Kind="propagation" Navigation="null" OriginId="org.eclipse.jdt.ui.CompilationUnitEditor" StartDate="2019-06-14 00:04:30.527 WIB" StructureHandle="/java-prolog/src/test/java/com/spacetimecat/java/prolog/example/Example.java" StructureKind="resource" NumEvents="369" CreationCount="558"/><InteractionEvent Delta="null" EndDate="2019-06-14 02:02:36.253 WIB" Interest="369.0" Kind="propagation" Navigation="org.eclipse.mylyn.core.model.edges.containment" OriginId="org.eclipse.mylyn.core.model.interest.propagation" StartDate="2019-06-14 00:04:30.528 WIB" StructureHandle="/java-prolog/src/test" StructureKind="resource" NumEvents="369" CreationCount="558"/><InteractionEvent Delta="null" EndDate="2019-06-14 00:47:57.905 WIB" Interest="4.083" Kind="manipulation" Navigation="null" OriginId="org.eclipse.mylyn.core.model.interest.decay.correction" StartDate="2019-06-14 00:47:57.905 WIB" StructureHandle="=java-prolog/src\/main\/java&amp;lt;com.spacetimecat.java.prolog{Call_And.java[Call_And~Call_And~\[QCall;" StructureKind="java"/><InteractionEvent Delta="null" EndDate="2019-06-14 00:47:57.906 WIB" Interest="3.0" Kind="selection" Navigation="null" OriginId="org.eclipse.jdt.ui.CompilationUnitEditor" StartDate="2019-06-14 00:30:41.422 WIB" StructureHandle="=java-prolog/src\/main\/java&amp;lt;com.spacetimecat.java.prolog{Call_And.java[Call_And~Call_And~\[QCall;" StructureKind="java" NumEvents="3" CreationCount="680"/><InteractionEvent Delta="null" EndDate="2019-06-14 01:25:42.799 WIB" Interest="18.0" Kind="edit" Navigation="null" OriginId="org.eclipse.jdt.ui.CompilationUnitEditor" StartDate="2019-06-13 23:47:07.742 WIB" StructureHandle="=java-prolog/src\/main\/java&amp;lt;com.spacetimecat.java.prolog{Calls.java[Calls" StructureKind="java" NumEvents="18" CreationCount="274"/><InteractionEvent Delta="null" EndDate="2019-06-14 01:37:30.666 WIB" Interest="34.0" Kind="selection" Navigation="null" OriginId="org.eclipse.jdt.ui.CompilationUnitEditor" StartDate="2019-06-13 23:47:01.549 WIB" StructureHandle="=java-prolog/src\/main\/java&amp;lt;com.spacetimecat.java.prolog{Calls.java[Calls" StructureKind="java" NumEvents="34" CreationCount="274"/><InteractionEvent Delta="null" EndDate="2019-06-14 00:56:18.5 WIB" Interest="27.973999" Kind="propagation" Navigation="org.eclipse.mylyn.core.model.edges.containment" OriginId="org.eclipse.mylyn.core.model.interest.propagation" StartDate="2019-06-13 23:47:02.254 WIB" StructureHandle="=java-prolog/src\/main\/java&amp;lt;com.spacetimecat.java.prolog{Calls.java[Calls" StructureKind="java" NumEvents="37" CreationCount="274"/><InteractionEvent Delta="null" EndDate="2019-06-14 00:48:07.795 WIB" Interest="1.0" Kind="selection" Navigation="null" OriginId="org.eclipse.jdt.ui.CompilationUnitEditor" StartDate="2019-06-14 00:48:07.795 WIB" StructureHandle="=java-prolog/src\/main\/java&amp;lt;com.spacetimecat.java.prolog{Call_And.java[Call_And~create~\[QCall;" StructureKind="java"/><InteractionEvent Delta="null" EndDate="2019-06-14 00:50:51.393 WIB" Interest="1.0" Kind="selection" Navigation="null" OriginId="org.eclipse.jdt.callhierarchy.view" StartDate="2019-06-14 00:50:51.393 WIB" StructureHandle="=java-prolog/src\/main\/java&amp;lt;com.spacetimecat.java.prolog{Calls.java[Calls~or~\[QCall;[~reset" StructureKind="java"/><InteractionEvent Delta="null" EndDate="2019-06-14 00:04:23.503 WIB" Interest="5.0" Kind="edit" Navigation="null" OriginId="org.eclipse.jdt.ui.CompilationUnitEditor" StartDate="2019-06-14 00:01:39.782 WIB" StructureHandle="=java-prolog/src\/main\/java&amp;lt;com.spacetimecat.java.prolog{Call.java[Call~do_next" StructureKind="java" NumEvents="5" CreationCount="483"/><InteractionEvent Delta="null" EndDate="2019-06-14 01:09:50.875 WIB" Interest="3.644001" Kind="manipulation" Navigation="null" OriginId="org.eclipse.mylyn.core.model.interest.decay.correction" StartDate="2019-06-14 01:09:50.875 WIB" StructureHandle="=java-prolog/src\/main\/java&amp;lt;com.spacetimecat.java.prolog{Call.java[Call~do_next" StructureKind="java"/><InteractionEvent Delta="null" EndDate="2019-06-14 01:09:50.875 WIB" Interest="8.0" Kind="selection" Navigation="null" OriginId="org.eclipse.jdt.ui.CompilationUnitEditor" StartDate="2019-06-14 00:01:36.366 WIB" StructureHandle="=java-prolog/src\/main\/java&amp;lt;com.spacetimecat.java.prolog{Call.java[Call~do_next" StructureKind="java" NumEvents="8" CreationCount="483"/><InteractionEvent Delta="null" EndDate="2019-06-13 23:59:08.841 WIB" Interest="3.0" Kind="edit" Navigation="null" OriginId="org.eclipse.jdt.ui.CompilationUnitEditor" StartDate="2019-06-13 23:55:59.383 WIB" StructureHandle="=java-prolog/src\/main\/java&amp;lt;com.spacetimecat.java.prolog{Call.java[Call^u" StructureKind="java" NumEvents="3" CreationCount="351"/><InteractionEvent Delta="null" EndDate="2019-06-14 00:31:16.214 WIB" Interest="8.0" Kind="selection" Navigation="null" OriginId="org.eclipse.jdt.ui.CompilationUnitEditor" StartDate="2019-06-13 23:55:57.230 WIB" StructureHandle="=java-prolog/src\/main\/java&amp;lt;com.spacetimecat.java.prolog{Call.java[Call^u" StructureKind="java" NumEvents="8" CreationCount="351"/><InteractionEvent Delta="null" EndDate="2019-06-14 00:38:01.692 WIB" Interest="1.3290002" Kind="manipulation" Navigation="null" OriginId="org.eclipse.mylyn.core.model.interest.decay.correction" StartDate="2019-06-14 00:38:01.692 WIB" StructureHandle="=java-prolog/src\/main\/java&amp;lt;com.spacetimecat.java.prolog{Unification.java[Unification~unify_clobber~QTerm;~QTerm;" StructureKind="java"/><InteractionEvent Delta="null" EndDate="2019-06-14 00:40:45.20 WIB" Interest="5.0" Kind="selection" Navigation="null" OriginId="org.eclipse.jdt.ui.CompilationUnitEditor" StartDate="2019-06-14 00:31:04.111 WIB" StructureHandle="=java-prolog/src\/main\/java&amp;lt;com.spacetimecat.java.prolog{Unification.java[Unification~unify_clobber~QTerm;~QTerm;" StructureKind="java" NumEvents="5" CreationCount="698"/><InteractionEvent Delta="null" EndDate="2019-06-14 02:02:35.197 WIB" Interest="1334.0" Kind="propagation" Navigation="org.eclipse.mylyn.core.model.edges.containment" OriginId="org.eclipse.mylyn.core.model.interest.propagation" StartDate="2019-06-13 22:50:00.220 WIB" StructureHandle="/java-prolog/src/main/java/com/spacetimecat/java" StructureKind="resource" NumEvents="1334" CreationCount="1"/><InteractionEvent Delta="null" EndDate="2019-06-14 02:02:03.138 WIB" Interest="2.0" Kind="edit" Navigation="null" OriginId="org.eclipse.jdt.ui.CompilationUnitEditor" StartDate="2019-06-14 02:01:59.511 WIB" StructureHandle="=java-prolog/src\/main\/java&amp;lt;com.spacetimecat.java.prolog{Call_once.java[Call_once" StructureKind="java" NumEvents="2" CreationCount="1671"/><InteractionEvent Delta="null" EndDate="2019-06-14 02:01:56.428 WIB" Interest="2.0" Kind="propagation" Navigation="org.eclipse.mylyn.core.model.edges.containment" OriginId="org.eclipse.mylyn.core.model.interest.propagation" StartDate="2019-06-14 02:01:56.426 WIB" StructureHandle="=java-prolog/src\/main\/java&amp;lt;com.spacetimecat.java.prolog{Call_once.java[Call_once" StructureKind="java" NumEvents="2" CreationCount="1671"/><InteractionEvent Delta="null" EndDate="2019-06-14 02:01:58.876 WIB" Interest="1.0" Kind="selection" Navigation="null" OriginId="org.eclipse.jdt.ui.CompilationUnitEditor" StartDate="2019-06-14 02:01:58.876 WIB" StructureHandle="=java-prolog/src\/main\/java&amp;lt;com.spacetimecat.java.prolog{Call_once.java[Call_once" StructureKind="java"/><InteractionEvent Delta="null" EndDate="2019-06-14 02:02:16.135 WIB" Interest="1.0" Kind="selection" Navigation="null" OriginId="org.eclipse.jdt.ui.CompilationUnitEditor" StartDate="2019-06-14 02:02:16.135 WIB" StructureHandle="=java-prolog/src\/main\/java&amp;lt;com.spacetimecat.java.prolog{Call_cut.java[Call_cut~Call_cut~QFrame;" StructureKind="java"/><InteractionEvent Delta="null" EndDate="2019-06-14 02:02:33.597 WIB" Interest="196.523" Kind="propagation" Navigation="org.eclipse.mylyn.core.model.edges.containment" OriginId="org.eclipse.mylyn.core.model.interest.propagation" StartDate="2019-06-13 22:50:00.221 WIB" StructureHandle="=java-prolog/src\/main\/java&amp;lt;com.spacetimecat.java.prolog" StructureKind="java" NumEvents="278" CreationCount="1"/><InteractionEvent Delta="null" EndDate="2019-06-14 00:30:45.440 WIB" Interest="0.2980001" Kind="manipulation" Navigation="null" OriginId="org.eclipse.mylyn.core.model.interest.decay.correction" StartDate="2019-06-14 00:30:45.440 WIB" StructureHandle="=java-prolog/src\/main\/java&amp;lt;com.spacetimecat.java.prolog{Unification.java" StructureKind="java"/><InteractionEvent Delta="null" EndDate="2019-06-14 00:40:44.956 WIB" Interest="9.0" Kind="selection" Navigation="null" OriginId="org.eclipse.jdt.ui.CompilationUnitEditor" StartDate="2019-06-13 23:58:17.989 WIB" StructureHandle="=java-prolog/src\/main\/java&amp;lt;com.spacetimecat.java.prolog{Unification.java" StructureKind="java" NumEvents="9" CreationCount="395"/><InteractionEvent Delta="null" EndDate="2019-06-14 00:38:01.693 WIB" Interest="2.1820002" Kind="propagation" Navigation="org.eclipse.mylyn.core.model.edges.containment" OriginId="org.eclipse.mylyn.core.model.interest.propagation" StartDate="2019-06-13 23:58:18.629 WIB" StructureHandle="=java-prolog/src\/main\/java&amp;lt;com.spacetimecat.java.prolog{Unification.java" StructureKind="java" NumEvents="5" CreationCount="395"/><InteractionEvent Delta="null" EndDate="2019-06-13 22:50:11.32 WIB" Interest="3.0" Kind="edit" Navigation="null" OriginId="org.eclipse.jdt.ui.CompilationUnitEditor" StartDate="2019-06-13 22:50:00.220 WIB" StructureHandle="=java-prolog/src\/main\/java&amp;lt;com.spacetimecat.java.prolog{Call_And.java" StructureKind="java" NumEvents="3" CreationCount="1"/><InteractionEvent Delta="null" EndDate="2019-06-14 00:04:45.355 WIB" Interest="6.386" Kind="manipulation" Navigation="null" OriginId="org.eclipse.mylyn.core.model.interest.decay.correction" StartDate="2019-06-14 00:04:45.355 WIB" StructureHandle="=java-prolog/src\/main\/java&amp;lt;com.spacetimecat.java.prolog{Call_And.java" StructureKind="java"/><InteractionEvent Delta="null" EndDate="2019-06-14 00:54:33.440 WIB" Interest="13.0" Kind="selection" Navigation="null" OriginId="org.eclipse.jdt.ui.CompilationUnitEditor" StartDate="2019-06-13 22:50:08.526 WIB" StructureHandle="=java-prolog/src\/main\/java&amp;lt;com.spacetimecat.java.prolog{Call_And.java" StructureKind="java" NumEvents="13" CreationCount="1"/><InteractionEvent Delta="null" EndDate="2019-06-14 00:54:57.803 WIB" Interest="15.334" Kind="propagation" Navigation="org.eclipse.mylyn.core.model.edges.containment" OriginId="org.eclipse.mylyn.core.model.interest.propagation" StartDate="2019-06-14 00:04:46.16 WIB" StructureHandle="=java-prolog/src\/main\/java&amp;lt;com.spacetimecat.java.prolog{Call_And.java" StructureKind="java" NumEvents="28" CreationCount="1"/><InteractionEvent Delta="null" EndDate="2019-06-14 02:02:32.30 WIB" Interest="197.0" Kind="edit" Navigation="null" OriginId="org.eclipse.jdt.ui.CompilationUnitEditor" StartDate="2019-06-13 22:50:22.873 WIB" StructureHandle="=java-prolog/src\/main\/java&amp;lt;com.spacetimecat.java.prolog{Call.java[Call" StructureKind="java" NumEvents="197" CreationCount="7"/><InteractionEvent Delta="null" EndDate="2019-06-14 02:02:29.173 WIB" Interest="53.0" Kind="selection" Navigation="null" OriginId="org.eclipse.jdt.ui.CompilationUnitEditor" StartDate="2019-06-13 22:50:20.805 WIB" StructureHandle="=java-prolog/src\/main\/java&amp;lt;com.spacetimecat.java.prolog{Call.java[Call" StructureKind="java" NumEvents="53" CreationCount="7"/><InteractionEvent Delta="null" EndDate="2019-06-13 22:51:37.951 WIB" Interest="0.22099972" Kind="propagation" Navigation="org.eclipse.mylyn.core.model.edges.containment" OriginId="org.eclipse.mylyn.core.model.interest.propagation" StartDate="2019-06-13 22:51:37.951 WIB" StructureHandle="=java-prolog/src\/main\/java&amp;lt;com.spacetimecat.java.prolog{Call.java[Call" StructureKind="java"/><InteractionEvent Delta="null" EndDate="2019-06-13 23:58:59.620 WIB" Interest="1.0" Kind="selection" Navigation="null" OriginId="org.eclipse.jdt.ui.CompilationUnitEditor" StartDate="2019-06-13 23:58:59.620 WIB" StructureHandle="=java-prolog/src\/main\/java&amp;lt;com.spacetimecat.java.prolog{Unification.java[Unification~unify_array~QTerm_Array;~QTerm_Array;" StructureKind="java"/><InteractionEvent Delta="null" EndDate="2019-06-14 00:37:31.4 WIB" Interest="2.0" Kind="selection" Navigation="null" OriginId="org.eclipse.jdt.ui.CompilationUnitEditor" StartDate="2019-06-14 00:37:28.126 WIB" StructureHandle="=java-prolog/src\/main\/java&amp;lt;com.spacetimecat.java.prolog{Term.java[Term~Term" StructureKind="java" NumEvents="2" CreationCount="824"/><InteractionEvent Delta="null" EndDate="2019-06-14 02:02:35.197 WIB" Interest="1334.0" Kind="propagation" Navigation="org.eclipse.mylyn.core.model.edges.containment" OriginId="org.eclipse.mylyn.core.model.interest.propagation" StartDate="2019-06-13 22:50:00.221 WIB" StructureHandle="/java-prolog/src/main/java/com/spacetimecat" StructureKind="resource" NumEvents="1334" CreationCount="1"/><InteractionEvent Delta="null" EndDate="2019-06-14 00:05:27.594 WIB" Interest="1.0" Kind="edit" Navigation="null" OriginId="org.eclipse.jdt.ui.CompilationUnitEditor" StartDate="2019-06-14 00:05:27.594 WIB" StructureHandle="=java-prolog/src\/main\/java&amp;lt;com.spacetimecat.java.prolog{Call_Member.java[Call_Member~do_next" StructureKind="java"/><InteractionEvent Delta="null" EndDate="2019-06-14 00:30:42.643 WIB" Interest="3.0" Kind="selection" Navigation="null" OriginId="org.eclipse.jdt.ui.CompilationUnitEditor" StartDate="2019-06-14 00:05:22.138 WIB" StructureHandle="=java-prolog/src\/main\/java&amp;lt;com.spacetimecat.java.prolog{Call_Member.java[Call_Member~do_next" StructureKind="java" NumEvents="3" CreationCount="579"/><InteractionEvent Delta="null" EndDate="2019-06-14 02:00:55.177 WIB" Interest="1.0" Kind="edit" Navigation="null" OriginId="org.eclipse.jdt.ui.CompilationUnitEditor" StartDate="2019-06-14 02:00:55.177 WIB" StructureHandle="=java-prolog/src\/main\/java&amp;lt;com.spacetimecat.java.prolog{Calls.java[Calls~frame~QFunction\&amp;lt;QFrame;QCall;&amp;gt;;[" StructureKind="java"/><InteractionEvent Delta="null" EndDate="2019-06-14 00:54:06.109 WIB" Interest="19.968" Kind="propagation" Navigation="org.eclipse.mylyn.core.model.edges.containment" OriginId="org.eclipse.mylyn.core.model.interest.propagation" StartDate="2019-06-14 00:05:55.62 WIB" StructureHandle="=java-prolog/src\/main\/java&amp;lt;com.spacetimecat.java.prolog{Calls.java[Calls~frame~QFunction\&amp;lt;QFrame;QCall;&amp;gt;;[" StructureKind="java" NumEvents="23" CreationCount="592"/><InteractionEvent Delta="null" EndDate="2019-06-14 02:00:53.863 WIB" Interest="3.0" Kind="selection" Navigation="null" OriginId="org.eclipse.jdt.ui.CompilationUnitEditor" StartDate="2019-06-14 00:41:27.306 WIB" StructureHandle="=java-prolog/src\/main\/java&amp;lt;com.spacetimecat.java.prolog{Calls.java[Calls~frame~QFunction\&amp;lt;QFrame;QCall;&amp;gt;;[" StructureKind="java" NumEvents="3" CreationCount="592"/><InteractionEvent Delta="null" EndDate="2019-06-14 00:49:46.461 WIB" Interest="4.0" Kind="edit" Navigation="null" OriginId="org.eclipse.jdt.ui.CompilationUnitEditor" StartDate="2019-06-14 00:05:39.380 WIB" StructureHandle="=java-prolog/src\/main\/java&amp;lt;com.spacetimecat.java.prolog{Call_Or.java[Call_Or~do_reset" StructureKind="java" NumEvents="4" CreationCount="583"/><InteractionEvent Delta="null" EndDate="2019-06-14 00:49:27.226 WIB" Interest="5.7460003" Kind="manipulation" Navigation="null" OriginId="org.eclipse.mylyn.core.model.interest.decay.correction" StartDate="2019-06-14 00:49:27.226 WIB" StructureHandle="=java-prolog/src\/main\/java&amp;lt;com.spacetimecat.java.prolog{Call_Or.java[Call_Or~do_reset" StructureKind="java"/><InteractionEvent Delta="null" EndDate="2019-06-14 01:09:27.184 WIB" Interest="10.0" Kind="selection" Navigation="null" OriginId="org.eclipse.jdt.ui.CompilationUnitEditor" StartDate="2019-06-14 00:05:36.118 WIB" StructureHandle="=java-prolog/src\/main\/java&amp;lt;com.spacetimecat.java.prolog{Call_Or.java[Call_Or~do_reset" StructureKind="java" NumEvents="10" CreationCount="583"/><InteractionEvent Delta="null" EndDate="2019-06-14 00:54:09.509 WIB" Interest="4.0" Kind="propagation" Navigation="org.eclipse.mylyn.core.model.edges.containment" OriginId="org.eclipse.mylyn.core.model.interest.propagation" StartDate="2019-06-14 00:48:45.993 WIB" StructureHandle="=java-prolog/src\/test\/java&amp;lt;com.spacetimecat.java.prolog.example{Example.java#" StructureKind="java" NumEvents="4" CreationCount="1010"/><InteractionEvent Delta="null" EndDate="2019-06-14 00:51:22.412 WIB" Interest="1.0" Kind="edit" Navigation="null" OriginId="org.eclipse.jdt.ui.CompilationUnitEditor" StartDate="2019-06-14 00:51:22.412 WIB" StructureHandle="=java-prolog/src\/main\/java&amp;lt;com.spacetimecat.java.prolog{Call_And.java[Call_And^depth" StructureKind="java"/><InteractionEvent Delta="null" EndDate="2019-06-14 00:51:22.405 WIB" Interest="1.0" Kind="selection" Navigation="null" OriginId="org.eclipse.jdt.ui.CompilationUnitEditor" StartDate="2019-06-14 00:51:22.405 WIB" StructureHandle="=java-prolog/src\/main\/java&amp;lt;com.spacetimecat.java.prolog{Call_And.java[Call_And^depth" StructureKind="java"/><InteractionEvent Delta="null" EndDate="2019-06-14 00:36:24.875 WIB" Interest="1.0" Kind="selection" Navigation="null" OriginId="org.eclipse.jdt.ui.CompilationUnitEditor" StartDate="2019-06-14 00:36:24.875 WIB" StructureHandle="=java-prolog/src\/main\/java&amp;lt;com.spacetimecat.java.prolog{Term.java[Term~dereference~I~I" StructureKind="java"/><InteractionEvent Delta="null" EndDate="2019-06-14 02:02:22.842 WIB" Interest="2.0229998" Kind="propagation" Navigation="org.eclipse.mylyn.core.model.edges.containment" OriginId="org.eclipse.mylyn.core.model.interest.propagation" StartDate="2019-06-14 02:01:43.918 WIB" StructureHandle="=java-prolog/src\/main\/java&amp;lt;com.spacetimecat.java.prolog{Call_cut.java" StructureKind="java" NumEvents="3" CreationCount="1665"/><InteractionEvent Delta="null" EndDate="2019-06-14 02:02:26.154 WIB" Interest="4.0" Kind="selection" Navigation="null" OriginId="org.eclipse.jdt.ui.CompilationUnitEditor" StartDate="2019-06-14 02:02:15.482 WIB" StructureHandle="=java-prolog/src\/main\/java&amp;lt;com.spacetimecat.java.prolog{Call_cut.java" StructureKind="java" NumEvents="4" CreationCount="1665"/><InteractionEvent Delta="null" EndDate="2019-06-14 02:01:30.518 WIB" Interest="2.0" Kind="edit" Navigation="null" OriginId="org.eclipse.jdt.ui.CompilationUnitEditor" StartDate="2019-06-14 01:37:36.44 WIB" StructureHandle="=java-prolog/src\/main\/java&amp;lt;com.spacetimecat.java.prolog{Calls.java[Calls~member~QTerm;~\[QTerm;" StructureKind="java" NumEvents="2" CreationCount="1609"/><InteractionEvent Delta="null" EndDate="2019-06-14 02:02:14.290 WIB" Interest="4.0" Kind="selection" Navigation="null" OriginId="org.eclipse.jdt.ui.CompilationUnitEditor" StartDate="2019-06-14 01:37:34.637 WIB" StructureHandle="=java-prolog/src\/main\/java&amp;lt;com.spacetimecat.java.prolog{Calls.java[Calls~member~QTerm;~\[QTerm;" StructureKind="java" NumEvents="4" CreationCount="1609"/><InteractionEvent Delta="null" EndDate="2019-06-14 02:02:33.597 WIB" Interest="540.0" Kind="propagation" Navigation="null" OriginId="org.eclipse.jdt.ui.CompilationUnitEditor" StartDate="2019-06-13 22:50:20.151 WIB" StructureHandle="/java-prolog/src/main/java/com/spacetimecat/java/prolog/Call.java" StructureKind="resource" NumEvents="540" CreationCount="6"/><InteractionEvent Delta="null" EndDate="2019-06-14 00:53:37.286 WIB" Interest="5.0" Kind="edit" Navigation="null" OriginId="org.eclipse.jdt.ui.CompilationUnitEditor" StartDate="2019-06-14 00:05:56.742 WIB" StructureHandle="=java-prolog/src\/main\/java&amp;lt;com.spacetimecat.java.prolog{Calls.java[Calls~frame~QFunction\&amp;lt;QFrame;QCall;&amp;gt;;[~do_reset" StructureKind="java" NumEvents="5" CreationCount="592"/><InteractionEvent Delta="null" EndDate="2019-06-14 02:00:21.637 WIB" Interest="9.384001" Kind="manipulation" Navigation="null" OriginId="org.eclipse.mylyn.core.model.interest.decay.correction" StartDate="2019-06-14 00:52:26.573 WIB" StructureHandle="=java-prolog/src\/main\/java&amp;lt;com.spacetimecat.java.prolog{Calls.java[Calls~frame~QFunction\&amp;lt;QFrame;QCall;&amp;gt;;[~do_reset" StructureKind="java" NumEvents="2" CreationCount="592"/><InteractionEvent Delta="null" EndDate="2019-06-14 02:00:21.637 WIB" Interest="6.0" Kind="selection" Navigation="null" OriginId="org.eclipse.jdt.ui.CompilationUnitEditor" StartDate="2019-06-14 00:05:55.61 WIB" StructureHandle="=java-prolog/src\/main\/java&amp;lt;com.spacetimecat.java.prolog{Calls.java[Calls~frame~QFunction\&amp;lt;QFrame;QCall;&amp;gt;;[~do_reset" StructureKind="java" NumEvents="6" CreationCount="592"/><InteractionEvent Delta="null" EndDate="2019-06-14 02:02:22.842 WIB" Interest="1.0" Kind="edit" Navigation="null" OriginId="org.eclipse.jdt.ui.CompilationUnitEditor" StartDate="2019-06-14 02:02:22.842 WIB" StructureHandle="=java-prolog/src\/main\/java&amp;lt;com.spacetimecat.java.prolog{Call_cut.java[Call_cut" StructureKind="java"/><InteractionEvent Delta="null" EndDate="2019-06-14 02:02:17.83 WIB" Interest="1.017" Kind="propagation" Navigation="org.eclipse.mylyn.core.model.edges.containment" OriginId="org.eclipse.mylyn.core.model.interest.propagation" StartDate="2019-06-14 02:02:16.136 WIB" StructureHandle="=java-prolog/src\/main\/java&amp;lt;com.spacetimecat.java.prolog{Call_cut.java[Call_cut" StructureKind="java" NumEvents="2" CreationCount="1683"/><InteractionEvent Delta="null" EndDate="2019-06-14 02:02:21.259 WIB" Interest="1.0" Kind="selection" Navigation="null" OriginId="org.eclipse.jdt.ui.CompilationUnitEditor" StartDate="2019-06-14 02:02:21.259 WIB" StructureHandle="=java-prolog/src\/main\/java&amp;lt;com.spacetimecat.java.prolog{Call_cut.java[Call_cut" StructureKind="java"/><InteractionEvent Delta="null" EndDate="2019-06-14 00:51:00.848 WIB" Interest="64.0" Kind="edit" Navigation="null" OriginId="org.eclipse.jdt.ui.CompilationUnitEditor" StartDate="2019-06-13 23:57:12.212 WIB" StructureHandle="=java-prolog/src\/main\/java&amp;lt;com.spacetimecat.java.prolog{Call.java[Call~reset" StructureKind="java" NumEvents="64" CreationCount="350"/><InteractionEvent Delta="null" EndDate="2019-06-14 00:51:32.964 WIB" Interest="22.0" Kind="selection" Navigation="null" OriginId="org.eclipse.jdt.ui.CompilationUnitEditor" StartDate="2019-06-13 23:55:54.774 WIB" StructureHandle="=java-prolog/src\/main\/java&amp;lt;com.spacetimecat.java.prolog{Call.java[Call~reset" StructureKind="java" NumEvents="22" CreationCount="350"/><InteractionEvent Delta="null" EndDate="2019-06-14 02:02:33.596 WIB" Interest="52.0" Kind="selection" Navigation="null" OriginId="org.eclipse.jdt.ui.CompilationUnitEditor" StartDate="2019-06-13 22:50:20.151 WIB" StructureHandle="=java-prolog/src\/main\/java&amp;lt;com.spacetimecat.java.prolog{Call.java" StructureKind="java" NumEvents="52" CreationCount="6"/><InteractionEvent Delta="null" EndDate="2019-06-14 01:09:49.432 WIB" Interest="144.43799" Kind="propagation" Navigation="org.eclipse.mylyn.core.model.edges.containment" OriginId="org.eclipse.mylyn.core.model.interest.propagation" StartDate="2019-06-13 22:50:20.805 WIB" StructureHandle="=java-prolog/src\/main\/java&amp;lt;com.spacetimecat.java.prolog{Call.java" StructureKind="java" NumEvents="213" CreationCount="6"/><InteractionEvent Delta="null" EndDate="2019-06-13 23:58:20.772 WIB" Interest="1.0" Kind="edit" Navigation="null" OriginId="org.eclipse.jdt.ui.CompilationUnitEditor" StartDate="2019-06-13 23:58:20.772 WIB" StructureHandle="=java-prolog/src\/main\/java&amp;lt;com.spacetimecat.java.prolog{Unification.java[Unification~Unification" StructureKind="java"/><InteractionEvent Delta="null" EndDate="2019-06-13 23:58:18.629 WIB" Interest="1.0" Kind="selection" Navigation="null" OriginId="org.eclipse.jdt.ui.CompilationUnitEditor" StartDate="2019-06-13 23:58:18.629 WIB" StructureHandle="=java-prolog/src\/main\/java&amp;lt;com.spacetimecat.java.prolog{Unification.java[Unification~Unification" StructureKind="java"/><InteractionEvent Delta="null" EndDate="2019-06-14 00:30:42.643 WIB" Interest="10.0" Kind="propagation" Navigation="null" OriginId="org.eclipse.jdt.ui.CompilationUnitEditor" StartDate="2019-06-14 00:05:12.60 WIB" StructureHandle="/java-prolog/src/main/java/com/spacetimecat/java/prolog/Call_Member.java" StructureKind="resource" NumEvents="10" CreationCount="574"/><InteractionEvent Delta="null" EndDate="2019-06-14 02:02:35.197 WIB" Interest="1334.0" Kind="propagation" Navigation="org.eclipse.mylyn.core.model.edges.containment" OriginId="org.eclipse.mylyn.core.model.interest.propagation" StartDate="2019-06-13 22:50:00.221 WIB" StructureHandle="/java-prolog/src/main/java/com" StructureKind="resource" NumEvents="1334" CreationCount="1"/><InteractionEvent Delta="null" EndDate="2019-06-14 02:02:35.197 WIB" Interest="1334.0" Kind="propagation" Navigation="org.eclipse.mylyn.core.model.edges.containment" OriginId="org.eclipse.mylyn.core.model.interest.propagation" StartDate="2019-06-13 22:50:00.221 WIB" StructureHandle="/java-prolog/src/main" StructureKind="resource" NumEvents="1334" CreationCount="1"/><InteractionEvent Delta="null" EndDate="2019-06-14 01:59:51.533 WIB" Interest="4.0" Kind="edit" Navigation="null" OriginId="org.eclipse.jdt.ui.CompilationUnitEditor" StartDate="2019-06-14 01:59:46.832 WIB" StructureHandle="=java-prolog/src\/main\/java&amp;lt;com.spacetimecat.java.prolog{Calls.java[Calls~once~QCall;[~do_next" StructureKind="java" NumEvents="4" CreationCount="1624"/><InteractionEvent Delta="null" EndDate="2019-06-14 02:00:22.835 WIB" Interest="4.0" Kind="selection" Navigation="null" OriginId="org.eclipse.jdt.ui.CompilationUnitEditor" StartDate="2019-06-14 01:38:06.141 WIB" StructureHandle="=java-prolog/src\/main\/java&amp;lt;com.spacetimecat.java.prolog{Calls.java[Calls~once~QCall;[~do_next" StructureKind="java" NumEvents="4" CreationCount="1624"/><InteractionEvent Delta="null" EndDate="2019-06-14 00:53:51.446 WIB" Interest="8.0" Kind="propagation" Navigation="null" OriginId="org.eclipse.jdt.ui.CompilationUnitEditor" StartDate="2019-06-14 00:53:22.401 WIB" StructureHandle="/java-prolog/src/main/java/com/spacetimecat/java/prolog/Frame.java" StructureKind="resource" NumEvents="8" CreationCount="1150"/><InteractionEvent Delta="null" EndDate="2019-06-14 00:30:42.597 WIB" Interest="2.0" Kind="selection" Navigation="null" OriginId="org.eclipse.jdt.ui.CompilationUnitEditor" StartDate="2019-06-14 00:05:12.60 WIB" StructureHandle="=java-prolog/src\/main\/java&amp;lt;com.spacetimecat.java.prolog{Call_Member.java" StructureKind="java" NumEvents="2" CreationCount="574"/><InteractionEvent Delta="null" EndDate="2019-06-14 02:01:30.245 WIB" Interest="2.7850003" Kind="propagation" Navigation="null" OriginId="org.eclipse.mylyn.resources.ui.interest.updater" StartDate="2019-06-14 00:05:12.789 WIB" StructureHandle="=java-prolog/src\/main\/java&amp;lt;com.spacetimecat.java.prolog{Call_member.java" StructureKind="java" NumEvents="6" CreationCount="574"/><InteractionEvent Delta="null" EndDate="2019-06-14 02:01:53.309 WIB" Interest="9.920001" Kind="manipulation" Navigation="null" OriginId="org.eclipse.mylyn.core.model.interest.decay.correction" StartDate="2019-06-14 02:01:53.309 WIB" StructureHandle="=java-prolog/src\/main\/java&amp;lt;com.spacetimecat.java.prolog{Calls.java[Calls~Calls" StructureKind="java"/><InteractionEvent Delta="null" EndDate="2019-06-14 02:01:53.309 WIB" Interest="4.0" Kind="selection" Navigation="null" OriginId="org.eclipse.jdt.ui.CompilationUnitEditor" StartDate="2019-06-14 00:41:07.340 WIB" StructureHandle="=java-prolog/src\/main\/java&amp;lt;com.spacetimecat.java.prolog{Calls.java[Calls~Calls" StructureKind="java" NumEvents="4" CreationCount="907"/><InteractionEvent Delta="null" EndDate="2019-06-14 02:02:03.139 WIB" Interest="3.468" Kind="propagation" Navigation="org.eclipse.mylyn.core.model.edges.containment" OriginId="org.eclipse.mylyn.core.model.interest.propagation" StartDate="2019-06-14 02:01:52.804 WIB" StructureHandle="=java-prolog/src\/main\/java&amp;lt;com.spacetimecat.java.prolog{Call_once.java" StructureKind="java" NumEvents="5" CreationCount="1667"/><InteractionEvent Delta="null" EndDate="2019-06-14 02:02:08.590 WIB" Interest="2.0" Kind="selection" Navigation="null" OriginId="org.eclipse.jdt.ui.CompilationUnitEditor" StartDate="2019-06-14 02:01:55.787 WIB" StructureHandle="=java-prolog/src\/main\/java&amp;lt;com.spacetimecat.java.prolog{Call_once.java" StructureKind="java" NumEvents="2" CreationCount="1667"/><InteractionEvent Delta="null" EndDate="2019-06-14 00:06:12.13 WIB" Interest="1.0" Kind="edit" Navigation="null" OriginId="org.eclipse.jdt.ui.CompilationUnitEditor" StartDate="2019-06-14 00:06:12.13 WIB" StructureHandle="=java-prolog/src\/main\/java&amp;lt;com.spacetimecat.java.prolog{Calls.java[Calls~cut~QFrame;[~reset" StructureKind="java"/><InteractionEvent Delta="null" EndDate="2019-06-14 00:52:48.716 WIB" Interest="6.3270006" Kind="manipulation" Navigation="null" OriginId="org.eclipse.mylyn.core.model.interest.decay.correction" StartDate="2019-06-14 00:52:48.716 WIB" StructureHandle="=java-prolog/src\/main\/java&amp;lt;com.spacetimecat.java.prolog{Calls.java[Calls~cut~QFrame;[~do_reset" StructureKind="java"/><InteractionEvent Delta="null" EndDate="2019-06-14 00:52:48.716 WIB" Interest="3.0" Kind="selection" Navigation="null" OriginId="org.eclipse.jdt.ui.CompilationUnitEditor" StartDate="2019-06-14 00:06:10.652 WIB" StructureHandle="=java-prolog/src\/main\/java&amp;lt;com.spacetimecat.java.prolog{Calls.java[Calls~cut~QFrame;[~do_reset" StructureKind="java" NumEvents="3" CreationCount="599"/><InteractionEvent Delta="null" EndDate="2019-06-13 23:45:06.850 WIB" Interest="0.19000006" Kind="manipulation" Navigation="null" OriginId="org.eclipse.mylyn.core.model.interest.decay.correction" StartDate="2019-06-13 23:45:06.850 WIB" StructureHandle="=java-prolog/src\/main\/java&amp;lt;com.spacetimecat.java.prolog{Search.java[Search~next" StructureKind="java"/><InteractionEvent Delta="null" EndDate="2019-06-13 23:46:31.725 WIB" Interest="24.0" Kind="edit" Navigation="null" OriginId="org.eclipse.jdt.ui.CompilationUnitEditor" StartDate="2019-06-13 23:45:08.222 WIB" StructureHandle="=java-prolog/src\/main\/java&amp;lt;com.spacetimecat.java.prolog{Search.java[Search~next" StructureKind="java" NumEvents="24" CreationCount="166"/><InteractionEvent Delta="null" EndDate="2019-06-13 23:49:22.378 WIB" Interest="3.0" Kind="selection" Navigation="null" OriginId="org.eclipse.jdt.ui.CompilationUnitEditor" StartDate="2019-06-13 23:43:14.798 WIB" StructureHandle="=java-prolog/src\/main\/java&amp;lt;com.spacetimecat.java.prolog{Search.java[Search~next" StructureKind="java" NumEvents="3" CreationCount="166"/><InteractionEvent Delta="null" EndDate="2019-06-14 02:02:36.253 WIB" Interest="369.0" Kind="propagation" Navigation="org.eclipse.mylyn.core.model.edges.containment" OriginId="org.eclipse.mylyn.core.model.interest.propagation" StartDate="2019-06-14 00:04:30.528 WIB" StructureHandle="/java-prolog/src/test/java/com/spacetimecat/java" StructureKind="resource" NumEvents="369" CreationCount="558"/><InteractionEvent Delta="null" EndDate="2019-06-14 00:53:51.446 WIB" Interest="4.0" Kind="selection" Navigation="null" OriginId="org.eclipse.jdt.ui.CompilationUnitEditor" StartDate="2019-06-14 00:53:22.401 WIB" StructureHandle="=java-prolog/src\/main\/java&amp;lt;com.spacetimecat.java.prolog{Frame.java" StructureKind="java" NumEvents="4" CreationCount="1150"/><InteractionEvent Delta="null" EndDate="2019-06-14 00:53:25.648 WIB" Interest="1.7340001" Kind="propagation" Navigation="org.eclipse.mylyn.core.model.edges.containment" OriginId="org.eclipse.mylyn.core.model.interest.propagation" StartDate="2019-06-14 00:53:23.41 WIB" StructureHandle="=java-prolog/src\/main\/java&amp;lt;com.spacetimecat.java.prolog{Frame.java" StructureKind="java" NumEvents="4" CreationCount="1150"/><InteractionEvent Delta="null" EndDate="2019-06-14 01:32:53.768 WIB" Interest="2.0" Kind="edit" Navigation="null" OriginId="org.eclipse.jdt.ui.CompilationUnitEditor" StartDate="2019-06-14 00:18:54.26 WIB" StructureHandle="=java-prolog/src\/test\/java&amp;lt;com.spacetimecat.java.prolog.example{Example.java[Example" StructureKind="java" NumEvents="2" CreationCount="559"/><InteractionEvent Delta="null" EndDate="2019-06-14 01:32:52.486 WIB" Interest="7.0" Kind="selection" Navigation="null" OriginId="org.eclipse.jdt.ui.CompilationUnitEditor" StartDate="2019-06-14 00:04:31.216 WIB" StructureHandle="=java-prolog/src\/test\/java&amp;lt;com.spacetimecat.java.prolog.example{Example.java[Example" StructureKind="java" NumEvents="7" CreationCount="559"/><InteractionEvent Delta="null" EndDate="2019-06-14 02:02:36.253 WIB" Interest="56.692005" Kind="propagation" Navigation="org.eclipse.mylyn.core.model.edges.containment" OriginId="org.eclipse.mylyn.core.model.interest.propagation" StartDate="2019-06-14 00:19:08.707 WIB" StructureHandle="=java-prolog/src\/test\/java&amp;lt;com.spacetimecat.java.prolog.example{Example.java[Example" StructureKind="java" NumEvents="73" CreationCount="559"/><InteractionEvent Delta="null" EndDate="2019-06-14 00:40:31.197 WIB" Interest="87.0" Kind="edit" Navigation="null" OriginId="org.eclipse.jdt.ui.CompilationUnitEditor" StartDate="2019-06-14 00:34:38.955 WIB" StructureHandle="=java-prolog/src\/main\/java&amp;lt;com.spacetimecat.java.prolog{Term.java[Term" StructureKind="java" NumEvents="87" CreationCount="754"/><InteractionEvent Delta="null" EndDate="2019-06-14 00:40:41.752 WIB" Interest="8.0" Kind="selection" Navigation="null" OriginId="org.eclipse.jdt.ui.CompilationUnitEditor" StartDate="2019-06-14 00:34:38.63 WIB" StructureHandle="=java-prolog/src\/main\/java&amp;lt;com.spacetimecat.java.prolog{Term.java[Term" StructureKind="java" NumEvents="8" CreationCount="754"/><InteractionEvent Delta="null" EndDate="2019-06-14 00:48:00.585 WIB" Interest="1.0" Kind="edit" Navigation="null" OriginId="org.eclipse.jdt.ui.CompilationUnitEditor" StartDate="2019-06-14 00:48:00.585 WIB" StructureHandle="=java-prolog/src\/main\/java&amp;lt;com.spacetimecat.java.prolog{Call_And.java[Call_And^calls" StructureKind="java"/><InteractionEvent Delta="null" EndDate="2019-06-14 00:47:59.650 WIB" Interest="1.0" Kind="selection" Navigation="null" OriginId="org.eclipse.jdt.ui.CompilationUnitEditor" StartDate="2019-06-14 00:47:59.650 WIB" StructureHandle="=java-prolog/src\/main\/java&amp;lt;com.spacetimecat.java.prolog{Call_And.java[Call_And^calls" StructureKind="java"/><InteractionEvent Delta="null" EndDate="2019-06-14 02:02:35.197 WIB" Interest="1334.0" Kind="propagation" Navigation="org.eclipse.mylyn.core.model.edges.containment" OriginId="org.eclipse.mylyn.core.model.interest.propagation" StartDate="2019-06-13 22:50:00.221 WIB" StructureHandle="/java-prolog/src" StructureKind="resource" NumEvents="1334" CreationCount="1"/><InteractionEvent Delta="null" EndDate="2019-06-14 02:02:36.180 WIB" Interest="42.0" Kind="selection" Navigation="null" OriginId="org.eclipse.jdt.ui.CompilationUnitEditor" StartDate="2019-06-14 00:04:30.527 WIB" StructureHandle="=java-prolog/src\/test\/java&amp;lt;com.spacetimecat.java.prolog.example{Example.java" StructureKind="java" NumEvents="42" CreationCount="558"/><InteractionEvent Delta="null" EndDate="2019-06-14 01:06:52.689 WIB" Interest="24.837" Kind="propagation" Navigation="org.eclipse.mylyn.core.model.edges.containment" OriginId="org.eclipse.mylyn.core.model.interest.propagation" StartDate="2019-06-14 00:04:31.217 WIB" StructureHandle="=java-prolog/src\/test\/java&amp;lt;com.spacetimecat.java.prolog.example{Example.java" StructureKind="java" NumEvents="44" CreationCount="558"/><InteractionEvent Delta="null" EndDate="2019-06-14 02:02:36.253 WIB" Interest="369.0" Kind="propagation" Navigation="org.eclipse.mylyn.core.model.edges.containment" OriginId="org.eclipse.mylyn.core.model.interest.propagation" StartDate="2019-06-14 00:04:30.527 WIB" StructureHandle="/java-prolog/src/test/java/com/spacetimecat/java/prolog" StructureKind="resource" NumEvents="369" CreationCount="558"/><InteractionEvent Delta="null" EndDate="2019-06-14 02:02:35.197 WIB" Interest="1334.0" Kind="propagation" Navigation="null" OriginId="org.eclipse.jdt.ui.CompilationUnitEditor" StartDate="2019-06-13 22:50:00.220 WIB" StructureHandle="/java-prolog/src/main/java/com/spacetimecat/java/prolog" StructureKind="resource" NumEvents="1334" CreationCount="1"/><InteractionEvent Delta="null" EndDate="2019-06-14 02:02:03.957 WIB" Interest="3.0" Kind="selection" Navigation="null" OriginId="org.eclipse.jdt.ui.CompilationUnitEditor" StartDate="2019-06-14 02:01:56.426 WIB" StructureHandle="=java-prolog/src\/main\/java&amp;lt;com.spacetimecat.java.prolog{Call_once.java[Call_once~Call_once~QCall;" StructureKind="java" NumEvents="3" CreationCount="1671"/><InteractionEvent Delta="null" EndDate="2019-06-14 00:46:17.126 WIB" Interest="161.0" Kind="propagation" Navigation="null" OriginId="org.eclipse.jdt.ui.CompilationUnitEditor" StartDate="2019-06-13 23:43:07.724 WIB" StructureHandle="/java-prolog/src/main/java/com/spacetimecat/java/prolog/Search.java" StructureKind="resource" NumEvents="161" CreationCount="163"/><InteractionEvent Delta="null" EndDate="2019-06-14 00:40:45.20 WIB" Interest="10.463001" Kind="propagation" Navigation="org.eclipse.mylyn.core.model.edges.containment" OriginId="org.eclipse.mylyn.core.model.interest.propagation" StartDate="2019-06-13 23:58:18.629 WIB" StructureHandle="=java-prolog/src\/main\/java&amp;lt;com.spacetimecat.java.prolog{Unification.java[Unification" StructureKind="java" NumEvents="8" CreationCount="396"/><InteractionEvent Delta="null" EndDate="2019-06-13 23:58:25.681 WIB" Interest="1.0" Kind="selection" Navigation="null" OriginId="org.eclipse.jdt.ui.CompilationUnitEditor" StartDate="2019-06-13 23:58:25.681 WIB" StructureHandle="=java-prolog/src\/main\/java&amp;lt;com.spacetimecat.java.prolog{Unification.java[Unification" StructureKind="java"/><InteractionEvent Delta="null" EndDate="2019-06-14 02:02:36.180 WIB" Interest="66.837" Kind="propagation" Navigation="org.eclipse.mylyn.core.model.edges.containment" OriginId="org.eclipse.mylyn.core.model.interest.propagation" StartDate="2019-06-14 00:04:30.528 WIB" StructureHandle="=java-prolog/src\/test\/java&amp;lt;com.spacetimecat.java.prolog.example" StructureKind="java" NumEvents="100" CreationCount="558"/><InteractionEvent Delta="null" EndDate="2019-06-14 02:02:35.107 WIB" Interest="57.0" Kind="selection" Navigation="null" OriginId="org.eclipse.jdt.ui.CompilationUnitEditor" StartDate="2019-06-13 23:47:00.896 WIB" StructureHandle="=java-prolog/src\/main\/java&amp;lt;com.spacetimecat.java.prolog{Calls.java" StructureKind="java" NumEvents="57" CreationCount="273"/><InteractionEvent Delta="null" EndDate="2019-06-14 01:25:42.800 WIB" Interest="20.591" Kind="propagation" Navigation="org.eclipse.mylyn.core.model.edges.containment" OriginId="org.eclipse.mylyn.core.model.interest.propagation" StartDate="2019-06-13 23:47:01.550 WIB" StructureHandle="=java-prolog/src\/main\/java&amp;lt;com.spacetimecat.java.prolog{Calls.java" StructureKind="java" NumEvents="37" CreationCount="273"/><InteractionEvent Delta="null" EndDate="2019-06-14 00:49:26.570 WIB" Interest="4.361001" Kind="manipulation" Navigation="null" OriginId="org.eclipse.mylyn.core.model.interest.decay.correction" StartDate="2019-06-14 00:49:26.570 WIB" StructureHandle="=java-prolog/src\/main\/java&amp;lt;com.spacetimecat.java.prolog{Call_Or.java" StructureKind="java"/><InteractionEvent Delta="null" EndDate="2019-06-14 01:09:27.142 WIB" Interest="13.0" Kind="selection" Navigation="null" OriginId="org.eclipse.jdt.ui.CompilationUnitEditor" StartDate="2019-06-14 00:05:35.446 WIB" StructureHandle="=java-prolog/src\/main\/java&amp;lt;com.spacetimecat.java.prolog{Call_Or.java" StructureKind="java" NumEvents="13" CreationCount="582"/><InteractionEvent Delta="null" EndDate="2019-06-14 00:51:04.640 WIB" Interest="5.2019987" Kind="propagation" Navigation="org.eclipse.mylyn.core.model.edges.containment" OriginId="org.eclipse.mylyn.core.model.interest.propagation" StartDate="2019-06-14 00:05:36.118 WIB" StructureHandle="=java-prolog/src\/main\/java&amp;lt;com.spacetimecat.java.prolog{Call_Or.java" StructureKind="java" NumEvents="10" CreationCount="582"/><InteractionEvent Delta="null" EndDate="2019-06-14 00:04:21.884 WIB" Interest="2.0" Kind="edit" Navigation="null" OriginId="org.eclipse.jdt.ui.CompilationUnitEditor" StartDate="2019-06-14 00:04:10.416 WIB" StructureHandle="=java-prolog/src\/main\/java&amp;lt;com.spacetimecat.java.prolog{Call.java[Call~each_1~QTerm;~QConsumer\&amp;lt;QObject;&amp;gt;;" StructureKind="java" NumEvents="2" CreationCount="427"/><InteractionEvent Delta="null" EndDate="2019-06-14 00:32:34.689 WIB" Interest="8.0" Kind="selection" Navigation="null" OriginId="org.eclipse.jdt.ui.CompilationUnitEditor" StartDate="2019-06-13 23:59:26.695 WIB" StructureHandle="=java-prolog/src\/main\/java&amp;lt;com.spacetimecat.java.prolog{Call.java[Call~each_1~QTerm;~QConsumer\&amp;lt;QObject;&amp;gt;;" StructureKind="java" NumEvents="8" CreationCount="427"/><InteractionEvent Delta="null" EndDate="2019-06-14 00:54:09.508 WIB" Interest="4.0" Kind="selection" Navigation="null" OriginId="org.eclipse.jdt.ui.CompilationUnitEditor" StartDate="2019-06-14 00:48:45.992 WIB" StructureHandle="=java-prolog/src\/test\/java&amp;lt;com.spacetimecat.java.prolog.example{Example.java#org.junit.jupiter.api.Assertions.assertEquals" StructureKind="java" NumEvents="4" CreationCount="1010"/><InteractionEvent Delta="null" EndDate="2019-06-13 23:49:47.251 WIB" Interest="33.0" Kind="edit" Navigation="null" OriginId="org.eclipse.jdt.ui.CompilationUnitEditor" StartDate="2019-06-13 23:43:51.229 WIB" StructureHandle="=java-prolog/src\/main\/java&amp;lt;com.spacetimecat.java.prolog{Search.java[Search" StructureKind="java" NumEvents="33" CreationCount="186"/><InteractionEvent Delta="null" EndDate="2019-06-13 23:49:44.636 WIB" Interest="8.0" Kind="selection" Navigation="null" OriginId="org.eclipse.jdt.ui.CompilationUnitEditor" StartDate="2019-06-13 23:43:49.662 WIB" StructureHandle="=java-prolog/src\/main\/java&amp;lt;com.spacetimecat.java.prolog{Search.java[Search" StructureKind="java" NumEvents="8" CreationCount="186"/><InteractionEvent Delta="null" EndDate="2019-06-13 23:46:31.726 WIB" Interest="5.249999" Kind="propagation" Navigation="org.eclipse.mylyn.core.model.edges.containment" OriginId="org.eclipse.mylyn.core.model.interest.propagation" StartDate="2019-06-13 23:46:09.787 WIB" StructureHandle="=java-prolog/src\/main\/java&amp;lt;com.spacetimecat.java.prolog{Search.java[Search" StructureKind="java" NumEvents="8" CreationCount="186"/><InteractionEvent Delta="null" EndDate="2019-06-14 02:02:35.197 WIB" Interest="1333.0" Kind="propagation" Navigation="org.eclipse.mylyn.core.model.edges.containment" OriginId="org.eclipse.mylyn.core.model.interest.propagation" StartDate="2019-06-13 22:50:00.221 WIB" StructureHandle="=java-prolog" StructureKind="resource" NumEvents="1333" CreationCount="1"/><InteractionEvent Delta="null" EndDate="2019-06-13 22:50:14.562 WIB" Interest="1.0" Kind="selection" Navigation="null" OriginId="org.eclipse.jdt.ui.PackageExplorer" StartDate="2019-06-13 22:50:14.562 WIB" StructureHandle="=java-prolog" StructureKind="java"/><InteractionEvent Delta="null" EndDate="2019-06-14 02:02:36.253 WIB" Interest="369.0" Kind="propagation" Navigation="org.eclipse.mylyn.core.model.edges.containment" OriginId="org.eclipse.mylyn.core.model.interest.propagation" StartDate="2019-06-14 00:04:30.527 WIB" StructureHandle="/java-prolog/src/test/java/com/spacetimecat/java/prolog/example" StructureKind="resource" NumEvents="369" CreationCount="558"/><InteractionEvent Delta="null" EndDate="2019-06-14 02:02:36.253 WIB" Interest="369.0" Kind="propagation" Navigation="org.eclipse.mylyn.core.model.edges.containment" OriginId="org.eclipse.mylyn.core.model.interest.propagation" StartDate="2019-06-14 00:04:30.528 WIB" StructureHandle="/java-prolog/src/test/java/com" StructureKind="resource" NumEvents="369" CreationCount="558"/><InteractionEvent Delta="null" EndDate="2019-06-14 01:07:18.672 WIB" Interest="2.4820004" Kind="manipulation" Navigation="null" OriginId="org.eclipse.mylyn.core.model.interest.decay.correction" StartDate="2019-06-14 00:48:34.268 WIB" StructureHandle="=java-prolog/src\/test\/java&amp;lt;com.spacetimecat.java.prolog.example{Example.java[Example~backtracking_conjunction_with_unification" StructureKind="java" NumEvents="2" CreationCount="899"/><InteractionEvent Delta="null" EndDate="2019-06-14 01:11:35.634 WIB" Interest="20.0" Kind="edit" Navigation="null" OriginId="org.eclipse.jdt.ui.CompilationUnitEditor" StartDate="2019-06-14 00:48:35.7 WIB" StructureHandle="=java-prolog/src\/test\/java&amp;lt;com.spacetimecat.java.prolog.example{Example.java[Example~backtracking_conjunction_with_unification" StructureKind="java" NumEvents="20" CreationCount="899"/><InteractionEvent Delta="null" EndDate="2019-06-14 01:11:18.15 WIB" Interest="10.0" Kind="selection" Navigation="null" OriginId="org.eclipse.jdt.ui.CompilationUnitEditor" StartDate="2019-06-14 00:40:55.381 WIB" StructureHandle="=java-prolog/src\/test\/java&amp;lt;com.spacetimecat.java.prolog.example{Example.java[Example~backtracking_conjunction_with_unification" StructureKind="java" NumEvents="10" CreationCount="899"/><InteractionEvent Delta="null" EndDate="2019-06-14 00:51:21.515 WIB" Interest="1.0" Kind="edit" Navigation="null" OriginId="org.eclipse.jdt.ui.CompilationUnitEditor" StartDate="2019-06-14 00:51:21.515 WIB" StructureHandle="=java-prolog/src\/main\/java&amp;lt;com.spacetimecat.java.prolog{Call_And.java[Call_And" StructureKind="java"/><InteractionEvent Delta="null" EndDate="2019-06-14 00:54:57.802 WIB" Interest="22.6" Kind="propagation" Navigation="org.eclipse.mylyn.core.model.edges.containment" OriginId="org.eclipse.mylyn.core.model.interest.propagation" StartDate="2019-06-14 00:04:46.16 WIB" StructureHandle="=java-prolog/src\/main\/java&amp;lt;com.spacetimecat.java.prolog{Call_And.java[Call_And" StructureKind="java" NumEvents="32" CreationCount="561"/><InteractionEvent Delta="null" EndDate="2019-06-14 00:54:34.86 WIB" Interest="4.0" Kind="selection" Navigation="null" OriginId="org.eclipse.jdt.ui.CompilationUnitEditor" StartDate="2019-06-14 00:48:09.528 WIB" StructureHandle="=java-prolog/src\/main\/java&amp;lt;com.spacetimecat.java.prolog{Call_And.java[Call_And" StructureKind="java" NumEvents="4" CreationCount="561"/><InteractionEvent Delta="null" EndDate="2019-06-14 00:47:46.760 WIB" Interest="4.6270003" Kind="manipulation" Navigation="null" OriginId="org.eclipse.mylyn.core.model.interest.decay.correction" StartDate="2019-06-14 00:47:46.760 WIB" StructureHandle="=java-prolog/src\/test\/java&amp;lt;com.spacetimecat.java.prolog.example{Example.java[Example~backtracking_conjunction" StructureKind="java"/><InteractionEvent Delta="null" EndDate="2019-06-14 01:11:49.11 WIB" Interest="20.0" Kind="edit" Navigation="null" OriginId="org.eclipse.jdt.ui.CompilationUnitEditor" StartDate="2019-06-14 00:47:48.240 WIB" StructureHandle="=java-prolog/src\/test\/java&amp;lt;com.spacetimecat.java.prolog.example{Example.java[Example~backtracking_conjunction" StructureKind="java" NumEvents="20" CreationCount="640"/><InteractionEvent Delta="null" EndDate="2019-06-14 01:25:50.276 WIB" Interest="9.0" Kind="selection" Navigation="null" OriginId="org.eclipse.jdt.ui.CompilationUnitEditor" StartDate="2019-06-14 00:19:12.57 WIB" StructureHandle="=java-prolog/src\/test\/java&amp;lt;com.spacetimecat.java.prolog.example{Example.java[Example~backtracking_conjunction" StructureKind="java" NumEvents="9" CreationCount="640"/><InteractionEvent Delta="null" EndDate="2019-06-14 00:40:41.752 WIB" Interest="125.0" Kind="propagation" Navigation="null" OriginId="org.eclipse.jdt.ui.CompilationUnitEditor" StartDate="2019-06-14 00:34:37.412 WIB" StructureHandle="/java-prolog/src/main/java/com/spacetimecat/java/prolog/Term.java" StructureKind="resource" NumEvents="125" CreationCount="753"/><InteractionEvent Delta="null" EndDate="2019-06-14 00:37:16.472 WIB" Interest="18.0" Kind="edit" Navigation="null" OriginId="org.eclipse.jdt.ui.CompilationUnitEditor" StartDate="2019-06-14 00:36:35.492 WIB" StructureHandle="=java-prolog/src\/main\/java&amp;lt;com.spacetimecat.java.prolog{Term.java[Term~toString" StructureKind="java" NumEvents="18" CreationCount="798"/><InteractionEvent Delta="null" EndDate="2019-06-14 00:37:19.691 WIB" Interest="2.0" Kind="selection" Navigation="null" OriginId="org.eclipse.jdt.ui.CompilationUnitEditor" StartDate="2019-06-14 00:36:31.969 WIB" StructureHandle="=java-prolog/src\/main\/java&amp;lt;com.spacetimecat.java.prolog{Term.java[Term~toString" StructureKind="java" NumEvents="2" CreationCount="798"/><InteractionEvent Delta="null" EndDate="2019-06-14 00:53:45.642 WIB" Interest="14.0" Kind="edit" Navigation="null" OriginId="org.eclipse.jdt.ui.CompilationUnitEditor" StartDate="2019-06-14 00:06:21.763 WIB" StructureHandle="=java-prolog/src\/main\/java&amp;lt;com.spacetimecat.java.prolog{Calls.java[Calls~cut~QFrame;[~do_next" StructureKind="java" NumEvents="14" CreationCount="602"/><InteractionEvent Delta="null" EndDate="2019-06-14 00:52:43.357 WIB" Interest="5.5420003" Kind="manipulation" Navigation="null" OriginId="org.eclipse.mylyn.core.model.interest.decay.correction" StartDate="2019-06-14 00:52:43.357 WIB" StructureHandle="=java-prolog/src\/main\/java&amp;lt;com.spacetimecat.java.prolog{Calls.java[Calls~cut~QFrame;[~do_next" StructureKind="java"/><InteractionEvent Delta="null" EndDate="2019-06-14 01:10:25.55 WIB" Interest="8.0" Kind="selection" Navigation="null" OriginId="org.eclipse.jdt.ui.CompilationUnitEditor" StartDate="2019-06-14 00:06:20.238 WIB" StructureHandle="=java-prolog/src\/main\/java&amp;lt;com.spacetimecat.java.prolog{Calls.java[Calls~cut~QFrame;[~do_next" StructureKind="java" NumEvents="8" CreationCount="602"/><InteractionEvent Delta="null" EndDate="2019-06-14 01:37:18.304 WIB" Interest="65.0" Kind="edit" Navigation="null" OriginId="org.eclipse.jdt.ui.CompilationUnitEditor" StartDate="2019-06-14 01:33:00.940 WIB" StructureHandle="=java-prolog/src\/test\/java&amp;lt;com.spacetimecat.java.prolog.example{Example.java[Example~cut_3" StructureKind="java" NumEvents="65" CreationCount="1535"/><InteractionEvent Delta="null" EndDate="2019-06-14 02:02:36.252 WIB" Interest="3.0" Kind="selection" Navigation="null" OriginId="org.eclipse.jdt.ui.CompilationUnitEditor" StartDate="2019-06-14 01:32:55.559 WIB" StructureHandle="=java-prolog/src\/test\/java&amp;lt;com.spacetimecat.java.prolog.example{Example.java[Example~cut_3" StructureKind="java" NumEvents="3" CreationCount="1535"/></InteractionHistory>