<?xml version="1.0" encoding="UTF-8"?><InteractionHistory Id="local-30" Version="1"><InteractionEvent Delta="null" EndDate="2019-06-24 01:33:06.498 WIB" Interest="31.067997" Kind="propagation" Navigation="org.eclipse.mylyn.core.model.edges.containment" OriginId="org.eclipse.mylyn.core.model.interest.propagation" StartDate="2019-06-23 20:44:28.973 WIB" StructureHandle="/org.eclipse.jdt.ui/ui/org/eclipse/jdt" StructureKind="resource" NumEvents="33" CreationCount="1"/><InteractionEvent Delta="null" EndDate="2019-06-24 01:32:50.211 WIB" Interest="16.0" Kind="propagation" Navigation="null" OriginId="org.eclipse.jdt.ui.CompilationUnitEditor" StartDate="2019-06-23 20:46:13.828 WIB" StructureHandle="/org.eclipse.jdt.ui/ui/org/eclipse/jdt/internal/ui/javaeditor/JavaEditor.java" StructureKind="resource" NumEvents="16" CreationCount="16"/><InteractionEvent Delta="null" EndDate="2019-06-23 21:30:12.888 WIB" Interest="11.917" Kind="propagation" Navigation="org.eclipse.mylyn.core.model.edges.containment" OriginId="org.eclipse.mylyn.core.model.interest.propagation" StartDate="2019-06-23 20:59:42.236 WIB" StructureHandle="" StructureKind="java" NumEvents="17" CreationCount="28"/><InteractionEvent Delta="null" EndDate="2019-06-23 20:46:09.945 WIB" Interest="2.0" Kind="selection" Navigation="null" OriginId="org.eclipse.jdt.ui.CompilationUnitEditor" StartDate="2019-06-23 20:46:01.678 WIB" StructureHandle="=org.eclipse.jdt.ui/ui&amp;lt;org.eclipse.jdt.internal.ui.javaeditor{CompilationUnitEditor.java[CompilationUnitEditor^CONTENTASSIST_COMPLETE_PREFIX" StructureKind="java" NumEvents="2" CreationCount="10"/><InteractionEvent Delta="null" EndDate="2019-06-23 20:46:11.205 WIB" Interest="3.0" Kind="edit" Navigation="null" OriginId="org.eclipse.jdt.ui.CompilationUnitEditor" StartDate="2019-06-23 20:46:03.172 WIB" StructureHandle="=org.eclipse.jdt.ui/ui&amp;lt;org.eclipse.jdt.internal.ui.javaeditor{CompilationUnitEditor.java[CompilationUnitEditor^CONTENTASSIST_COMPLETE_PREFIX" StructureKind="java" NumEvents="3" CreationCount="10"/><InteractionEvent Delta="null" EndDate="2019-06-24 01:33:05.774 WIB" Interest="6.8700004" Kind="propagation" Navigation="org.eclipse.mylyn.core.model.edges.containment" OriginId="org.eclipse.mylyn.core.model.interest.propagation" StartDate="2019-06-23 20:44:28.973 WIB" StructureHandle="=org.eclipse.jdt.ui/ui&amp;lt;org.eclipse.jdt.internal.ui.actions" StructureKind="java" NumEvents="10" CreationCount="1"/><InteractionEvent Delta="null" EndDate="2019-06-24 01:33:06.498 WIB" Interest="31.067997" Kind="propagation" Navigation="org.eclipse.mylyn.core.model.edges.containment" OriginId="org.eclipse.mylyn.core.model.interest.propagation" StartDate="2019-06-23 20:44:28.973 WIB" StructureHandle="/org.eclipse.jdt.ui/ui/org/eclipse" StructureKind="resource" NumEvents="33" CreationCount="1"/><InteractionEvent Delta="null" EndDate="2019-06-23 21:01:41.52 WIB" Interest="2.0" Kind="selection" Navigation="null" OriginId="org.eclipse.jdt.ui.ClassFileEditor" StartDate="2019-06-23 21:01:27.761 WIB" StructureHandle="=org.eclipse.jdt.debug.ui/\/junk\/eclipse\/plugins\/org.eclipse.ui.workbench.texteditor_3.12.0.v20190519-2344.jar&amp;lt;org.eclipse.ui.texteditor(ContentAssistAction.class[ContentAssistAction~ContentAssistAction~Ljava.util.ResourceBundle;~Ljava.lang.String;~Lorg.eclipse.ui.texteditor.ITextEditor;" StructureKind="java" NumEvents="2" CreationCount="31"/><InteractionEvent Delta="null" EndDate="2019-06-23 21:01:50.232 WIB" Interest="1.0" Kind="edit" Navigation="null" OriginId="org.eclipse.jdt.ui.ClassFileEditor" StartDate="2019-06-23 21:01:50.232 WIB" StructureHandle="=org.eclipse.jdt.debug.ui/\/junk\/eclipse\/plugins\/org.eclipse.ui.workbench.texteditor_3.12.0.v20190519-2344.jar&amp;lt;org.eclipse.ui.texteditor(ContentAssistAction.class[ContentAssistAction~ContentAssistAction~Ljava.util.ResourceBundle;~Ljava.lang.String;~Lorg.eclipse.ui.texteditor.ITextEditor;" StructureKind="java"/><InteractionEvent Delta="null" EndDate="2019-06-24 01:32:59.943 WIB" Interest="6.0" Kind="selection" Navigation="null" OriginId="org.eclipse.jdt.ui.CompilationUnitEditor" StartDate="2019-06-23 20:59:14.669 WIB" StructureHandle="=org.eclipse.ui.workbench/Eclipse UI&amp;lt;org.eclipse.ui.internal.quickaccess{QuickAccessDialog.java" StructureKind="java" NumEvents="6" CreationCount="12"/><InteractionEvent Delta="null" EndDate="2019-06-24 01:32:41.615 WIB" Interest="3.6020005" Kind="propagation" Navigation="org.eclipse.mylyn.core.model.edges.containment" OriginId="org.eclipse.mylyn.core.model.interest.propagation" StartDate="2019-06-23 22:36:09.268 WIB" StructureHandle="=org.eclipse.ui.workbench/Eclipse UI&amp;lt;org.eclipse.ui.internal.quickaccess{QuickAccessDialog.java" StructureKind="java" NumEvents="3" CreationCount="12"/><InteractionEvent Delta="null" EndDate="2019-06-24 01:33:06.498 WIB" Interest="31.067997" Kind="propagation" Navigation="org.eclipse.mylyn.core.model.edges.containment" OriginId="org.eclipse.mylyn.core.model.interest.propagation" StartDate="2019-06-23 20:44:28.973 WIB" StructureHandle="/org.eclipse.jdt.ui/ui/org/eclipse/jdt/internal" StructureKind="resource" NumEvents="33" CreationCount="1"/><InteractionEvent Delta="null" EndDate="2019-06-24 01:32:59.944 WIB" Interest="9.3810005" Kind="propagation" Navigation="org.eclipse.mylyn.core.model.edges.containment" OriginId="org.eclipse.mylyn.core.model.interest.propagation" StartDate="2019-06-23 20:59:14.670 WIB" StructureHandle="=org.eclipse.ui.workbench/Eclipse UI" StructureKind="java" NumEvents="9" CreationCount="25"/><InteractionEvent Delta="null" EndDate="2019-06-24 01:33:06.498 WIB" Interest="32.0" Kind="propagation" Navigation="null" OriginId="org.eclipse.jdt.ui.CompilationUnitEditor" StartDate="2019-06-23 20:44:35.853 WIB" StructureHandle="/org.eclipse.jdt.ui/ui/org/eclipse/jdt/internal/ui/javaeditor" StructureKind="resource" NumEvents="32" CreationCount="5"/><InteractionEvent Delta="null" EndDate="2019-06-24 01:33:06.498 WIB" Interest="31.067999" Kind="propagation" Navigation="org.eclipse.mylyn.core.model.edges.containment" OriginId="org.eclipse.mylyn.core.model.interest.propagation" StartDate="2019-06-23 20:44:28.973 WIB" StructureHandle="/org.eclipse.jdt.ui/ui/org/eclipse/jdt/internal/ui" StructureKind="resource" NumEvents="33" CreationCount="1"/><InteractionEvent Delta="null" EndDate="2019-06-24 01:33:00.1 WIB" Interest="15.0" Kind="propagation" Navigation="org.eclipse.mylyn.core.model.edges.containment" OriginId="org.eclipse.mylyn.core.model.interest.propagation" StartDate="2019-06-23 20:59:14.670 WIB" StructureHandle="/org.eclipse.ui.workbench/Eclipse UI/org" StructureKind="resource" NumEvents="15" CreationCount="25"/><InteractionEvent Delta="null" EndDate="2019-06-23 21:28:56.989 WIB" Interest="6.0" Kind="selection" Navigation="null" OriginId="org.eclipse.jdt.ui.PackageExplorer" StartDate="2019-06-23 20:59:42.976 WIB" StructureHandle="=org.eclipse.jdt.debug.ui/\/junk\/eclipse\/plugins\/org.eclipse.ui.workbench.texteditor_3.12.0.v20190519-2344.jar&amp;lt;org.eclipse.ui.texteditor(ContentAssistAction.class[ContentAssistAction" StructureKind="java" NumEvents="6" CreationCount="29"/><InteractionEvent Delta="null" EndDate="2019-06-23 21:29:33.158 WIB" Interest="7.0" Kind="edit" Navigation="null" OriginId="org.eclipse.jdt.ui.ClassFileEditor" StartDate="2019-06-23 20:59:53.194 WIB" StructureHandle="=org.eclipse.jdt.debug.ui/\/junk\/eclipse\/plugins\/org.eclipse.ui.workbench.texteditor_3.12.0.v20190519-2344.jar&amp;lt;org.eclipse.ui.texteditor(ContentAssistAction.class[ContentAssistAction" StructureKind="java" NumEvents="7" CreationCount="29"/><InteractionEvent Delta="null" EndDate="2019-06-23 22:36:08.898 WIB" Interest="2.0" Kind="selection" Navigation="null" OriginId="org.eclipse.jdt.ui.CompilationUnitEditor" StartDate="2019-06-23 20:59:15.448 WIB" StructureHandle="=org.eclipse.ui.workbench/Eclipse UI&amp;lt;org.eclipse.ui.internal.quickaccess{QuickAccessDialog.java[QuickAccessDialog" StructureKind="java" NumEvents="2" CreationCount="28"/><InteractionEvent Delta="null" EndDate="2019-06-24 01:32:41.615 WIB" Interest="3.0" Kind="edit" Navigation="null" OriginId="org.eclipse.jdt.ui.CompilationUnitEditor" StartDate="2019-06-23 22:36:09.267 WIB" StructureHandle="=org.eclipse.ui.workbench/Eclipse UI&amp;lt;org.eclipse.ui.internal.quickaccess{QuickAccessDialog.java[QuickAccessDialog" StructureKind="java" NumEvents="3" CreationCount="123"/><InteractionEvent Delta="null" EndDate="2019-06-23 22:36:08.898 WIB" Interest="0.6150001" Kind="manipulation" Navigation="null" OriginId="org.eclipse.mylyn.core.model.interest.decay.correction" StartDate="2019-06-23 22:36:08.898 WIB" StructureHandle="=org.eclipse.ui.workbench/Eclipse UI&amp;lt;org.eclipse.ui.internal.quickaccess{QuickAccessDialog.java[QuickAccessDialog" StructureKind="java"/><InteractionEvent Delta="null" EndDate="2019-06-24 01:33:05.774 WIB" Interest="11.0" Kind="propagation" Navigation="null" OriginId="org.eclipse.jdt.ui.CompilationUnitEditor" StartDate="2019-06-23 20:44:28.972 WIB" StructureHandle="/org.eclipse.jdt.ui/ui/org/eclipse/jdt/internal/ui/actions/OpenTypeAction.java" StructureKind="resource" NumEvents="11" CreationCount="1"/><InteractionEvent Delta="null" EndDate="2019-06-23 21:16:43.980 WIB" Interest="6.0" Kind="selection" Navigation="null" OriginId="org.eclipse.mylyn.wikitext.ui.editor.markupEditor" StartDate="2019-06-23 21:16:20.752 WIB" StructureHandle="/eclipse/README.md;other-branches" StructureKind="org.eclipse.mylyn.wikitext" NumEvents="6" CreationCount="51"/><InteractionEvent Delta="null" EndDate="2019-06-23 21:28:56.948 WIB" Interest="4.0" Kind="selection" Navigation="null" OriginId="org.eclipse.jdt.ui.PackageExplorer" StartDate="2019-06-23 20:59:42.235 WIB" StructureHandle="=org.eclipse.jdt.debug.ui/\/junk\/eclipse\/plugins\/org.eclipse.ui.workbench.texteditor_3.12.0.v20190519-2344.jar&amp;lt;org.eclipse.ui.texteditor(ContentAssistAction.class" StructureKind="java" NumEvents="4" CreationCount="28"/><InteractionEvent Delta="null" EndDate="2019-06-23 21:29:33.159 WIB" Interest="6.917" Kind="propagation" Navigation="org.eclipse.mylyn.core.model.edges.containment" OriginId="org.eclipse.mylyn.core.model.interest.propagation" StartDate="2019-06-23 20:59:42.976 WIB" StructureHandle="=org.eclipse.jdt.debug.ui/\/junk\/eclipse\/plugins\/org.eclipse.ui.workbench.texteditor_3.12.0.v20190519-2344.jar&amp;lt;org.eclipse.ui.texteditor(ContentAssistAction.class" StructureKind="java" NumEvents="12" CreationCount="28"/><InteractionEvent Delta="null" EndDate="2019-06-24 01:32:50.216 WIB" Interest="7.8400006" Kind="propagation" Navigation="org.eclipse.mylyn.core.model.edges.containment" OriginId="org.eclipse.mylyn.core.model.interest.propagation" StartDate="2019-06-23 20:44:28.974 WIB" StructureHandle="=org.eclipse.jdt.ui/ui" StructureKind="java" NumEvents="17" CreationCount="1"/><InteractionEvent Delta="null" EndDate="2019-06-24 01:33:05.774 WIB" Interest="2.0" Kind="selection" Navigation="null" OriginId="org.eclipse.jdt.ui.CompilationUnitEditor" StartDate="2019-06-24 01:33:00.811 WIB" StructureHandle="=org.eclipse.jdt.ui/ui&amp;lt;org.eclipse.jdt.internal.ui.actions{OpenTypeAction.java[OpenTypeAction" StructureKind="java" NumEvents="2" CreationCount="2"/><InteractionEvent Delta="null" EndDate="2019-06-24 01:33:00.230 WIB" Interest="4.329" Kind="propagation" Navigation="org.eclipse.mylyn.core.model.edges.containment" OriginId="org.eclipse.mylyn.core.model.interest.propagation" StartDate="2019-06-23 20:44:29.59 WIB" StructureHandle="=org.eclipse.jdt.ui/ui&amp;lt;org.eclipse.jdt.internal.ui.actions{OpenTypeAction.java[OpenTypeAction" StructureKind="java" NumEvents="4" CreationCount="2"/><InteractionEvent Delta="null" EndDate="2019-06-24 01:33:06.498 WIB" Interest="16.0" Kind="propagation" Navigation="null" OriginId="org.eclipse.jdt.ui.CompilationUnitEditor" StartDate="2019-06-23 20:44:35.853 WIB" StructureHandle="/org.eclipse.jdt.ui/ui/org/eclipse/jdt/internal/ui/javaeditor/CompilationUnitEditor.java" StructureKind="resource" NumEvents="16" CreationCount="5"/><InteractionEvent Delta="null" EndDate="2019-06-23 21:30:12.889 WIB" Interest="70.88" Kind="propagation" Navigation="null" OriginId="org.eclipse.jdt.ui.PackageExplorer" StartDate="2019-06-23 20:44:28.973 WIB" StructureHandle="/" StructureKind="resource" NumEvents="76" CreationCount="1"/><InteractionEvent Delta="null" EndDate="2019-06-24 01:33:00.230 WIB" Interest="3.0" Kind="selection" Navigation="null" OriginId="org.eclipse.jdt.ui.CompilationUnitEditor" StartDate="2019-06-23 20:44:29.59 WIB" StructureHandle="=org.eclipse.jdt.ui/ui&amp;lt;org.eclipse.jdt.internal.ui.actions{OpenTypeAction.java[OpenTypeAction~run" StructureKind="java" NumEvents="3" CreationCount="39"/><InteractionEvent Delta="null" EndDate="2019-06-23 20:44:31.703 WIB" Interest="1.0" Kind="edit" Navigation="null" OriginId="org.eclipse.jdt.ui.CompilationUnitEditor" StartDate="2019-06-23 20:44:31.703 WIB" StructureHandle="=org.eclipse.jdt.ui/ui&amp;lt;org.eclipse.jdt.internal.ui.actions{OpenTypeAction.java[OpenTypeAction~run" StructureKind="java"/><InteractionEvent Delta="null" EndDate="2019-06-24 01:33:00.1 WIB" Interest="15.0" Kind="propagation" Navigation="org.eclipse.mylyn.core.model.edges.containment" OriginId="org.eclipse.mylyn.core.model.interest.propagation" StartDate="2019-06-23 20:59:14.669 WIB" StructureHandle="/org.eclipse.ui.workbench/Eclipse UI/org/eclipse/ui/internal" StructureKind="resource" NumEvents="15" CreationCount="25"/><InteractionEvent Delta="null" EndDate="2019-06-23 21:27:04.35 WIB" Interest="22.034" Kind="propagation" Navigation="org.eclipse.mylyn.core.model.edges.containment" OriginId="org.eclipse.mylyn.core.model.interest.propagation" StartDate="2019-06-23 21:16:05.87 WIB" StructureHandle="/eclipse/README.md;&amp;lt;root&amp;gt;" StructureKind="org.eclipse.mylyn.wikitext" NumEvents="25" CreationCount="43"/><InteractionEvent Delta="null" EndDate="2019-06-24 01:32:59.943 WIB" Interest="9.3810005" Kind="propagation" Navigation="org.eclipse.mylyn.core.model.edges.containment" OriginId="org.eclipse.mylyn.core.model.interest.propagation" StartDate="2019-06-23 20:59:14.670 WIB" StructureHandle="=org.eclipse.ui.workbench/Eclipse UI&amp;lt;org.eclipse.ui.internal.quickaccess" StructureKind="java" NumEvents="9" CreationCount="25"/><InteractionEvent Delta="null" EndDate="2019-06-24 01:33:00.1 WIB" Interest="15.0" Kind="propagation" Navigation="org.eclipse.mylyn.core.model.edges.containment" OriginId="org.eclipse.mylyn.core.model.interest.propagation" StartDate="2019-06-23 20:59:14.669 WIB" StructureHandle="/org.eclipse.ui.workbench/Eclipse UI/org/eclipse/ui" StructureKind="resource" NumEvents="15" CreationCount="25"/><InteractionEvent Delta="null" EndDate="2019-06-23 21:27:04.35 WIB" Interest="22.0" Kind="selection" Navigation="null" OriginId="org.eclipse.mylyn.wikitext.ui.editor.markupEditor" StartDate="2019-06-23 21:16:09.696 WIB" StructureHandle="/eclipse/README.md;creating-this-repository" StructureKind="org.eclipse.mylyn.wikitext" NumEvents="22" CreationCount="45"/><InteractionEvent Delta="null" EndDate="2019-06-23 21:16:05.80 WIB" Interest="1.0" Kind="selection" Navigation="null" OriginId="org.eclipse.mylyn.wikitext.ui.editor.markupEditor" StartDate="2019-06-23 21:16:05.80 WIB" StructureHandle="/eclipse/README.md;a-copy-of-some-eclipse-repositories" StructureKind="org.eclipse.mylyn.wikitext"/><InteractionEvent Delta="null" EndDate="2019-06-23 21:27:04.35 WIB" Interest="21.034" Kind="propagation" Navigation="org.eclipse.mylyn.core.model.edges.containment" OriginId="org.eclipse.mylyn.core.model.interest.propagation" StartDate="2019-06-23 21:16:09.696 WIB" StructureHandle="/eclipse/README.md;a-copy-of-some-eclipse-repositories" StructureKind="org.eclipse.mylyn.wikitext" NumEvents="24" CreationCount="43"/><InteractionEvent Delta="null" EndDate="2019-06-24 01:33:06.498 WIB" Interest="31.067997" Kind="propagation" Navigation="org.eclipse.mylyn.core.model.edges.containment" OriginId="org.eclipse.mylyn.core.model.interest.propagation" StartDate="2019-06-23 20:44:28.973 WIB" StructureHandle="/org.eclipse.jdt.ui/ui/org" StructureKind="resource" NumEvents="33" CreationCount="1"/><InteractionEvent Delta="null" EndDate="2019-06-23 21:29:33.159 WIB" Interest="10.917" Kind="propagation" Navigation="org.eclipse.mylyn.core.model.edges.containment" OriginId="org.eclipse.mylyn.core.model.interest.propagation" StartDate="2019-06-23 20:59:42.235 WIB" StructureHandle="=org.eclipse.jdt.debug.ui/\/junk\/eclipse\/plugins\/org.eclipse.ui.workbench.texteditor_3.12.0.v20190519-2344.jar&amp;lt;org.eclipse.ui.texteditor" StructureKind="java" NumEvents="16" CreationCount="28"/><InteractionEvent Delta="null" EndDate="2019-06-23 20:46:16.542 WIB" Interest="1.0" Kind="selection" Navigation="null" OriginId="org.eclipse.jdt.ui.CompilationUnitEditor" StartDate="2019-06-23 20:46:16.542 WIB" StructureHandle="=org.eclipse.jdt.ui/ui&amp;lt;org.eclipse.jdt.internal.ui.javaeditor{JavaEditor.java[JavaEditor[AbstractSelectionChangedListener" StructureKind="java"/><InteractionEvent Delta="null" EndDate="2019-06-24 01:32:49.548 WIB" Interest="5.5340004" Kind="propagation" Navigation="org.eclipse.mylyn.core.model.edges.containment" OriginId="org.eclipse.mylyn.core.model.interest.propagation" StartDate="2019-06-23 20:47:07.91 WIB" StructureHandle="=org.eclipse.jdt.ui/ui&amp;lt;org.eclipse.jdt.internal.ui.javaeditor{JavaEditor.java[JavaEditor[AbstractSelectionChangedListener" StructureKind="java" NumEvents="8" CreationCount="19"/><InteractionEvent Delta="null" EndDate="2019-06-24 01:33:00.1 WIB" Interest="15.0" Kind="propagation" Navigation="null" OriginId="org.eclipse.jdt.ui.CompilationUnitEditor" StartDate="2019-06-23 20:59:14.669 WIB" StructureHandle="/org.eclipse.ui.workbench/Eclipse UI/org/eclipse/ui/internal/quickaccess/QuickAccessDialog.java" StructureKind="resource" NumEvents="15" CreationCount="25"/><InteractionEvent Delta="null" EndDate="2019-06-24 01:33:05.774 WIB" Interest="11.0" Kind="propagation" Navigation="org.eclipse.mylyn.core.model.edges.containment" OriginId="org.eclipse.mylyn.core.model.interest.propagation" StartDate="2019-06-23 20:44:28.972 WIB" StructureHandle="/org.eclipse.jdt.ui/ui/org/eclipse/jdt/internal/ui/actions" StructureKind="resource" NumEvents="11" CreationCount="1"/><InteractionEvent Delta="null" EndDate="2019-06-24 01:32:49.547 WIB" Interest="3.0" Kind="selection" Navigation="null" OriginId="org.eclipse.jdt.ui.CompilationUnitEditor" StartDate="2019-06-23 20:47:07.91 WIB" StructureHandle="=org.eclipse.jdt.ui/ui&amp;lt;org.eclipse.jdt.internal.ui.javaeditor{JavaEditor.java[JavaEditor[AbstractSelectionChangedListener~install~QISelectionProvider;" StructureKind="java" NumEvents="3" CreationCount="21"/><InteractionEvent Delta="null" EndDate="2019-06-23 22:36:03.31 WIB" Interest="5.0" Kind="edit" Navigation="null" OriginId="org.eclipse.jdt.ui.CompilationUnitEditor" StartDate="2019-06-23 20:47:23.405 WIB" StructureHandle="=org.eclipse.jdt.ui/ui&amp;lt;org.eclipse.jdt.internal.ui.javaeditor{JavaEditor.java[JavaEditor[AbstractSelectionChangedListener~install~QISelectionProvider;" StructureKind="java" NumEvents="5" CreationCount="21"/><InteractionEvent Delta="null" EndDate="2019-06-24 01:33:00.1 WIB" Interest="15.0" Kind="propagation" Navigation="org.eclipse.mylyn.core.model.edges.containment" OriginId="org.eclipse.mylyn.core.model.interest.propagation" StartDate="2019-06-23 20:59:14.670 WIB" StructureHandle="/org.eclipse.ui.workbench/Eclipse UI" StructureKind="resource" NumEvents="15" CreationCount="25"/><InteractionEvent Delta="null" EndDate="2019-06-24 01:33:06.498 WIB" Interest="43.0" Kind="propagation" Navigation="null" OriginId="org.eclipse.jdt.ui.CompilationUnitEditor" StartDate="2019-06-23 20:44:28.973 WIB" StructureHandle="/org.eclipse.jdt.ui/ui" StructureKind="resource" NumEvents="43" CreationCount="1"/><InteractionEvent Delta="null" EndDate="2019-06-23 21:16:04.842 WIB" Interest="1.0" Kind="selection" Navigation="null" OriginId="org.eclipse.mylyn.wikitext.ui.editor.markupEditor" StartDate="2019-06-23 21:16:04.842 WIB" StructureHandle="/eclipse/README.md" StructureKind="org.eclipse.mylyn.wikitext"/><InteractionEvent Delta="null" EndDate="2019-06-23 21:27:04.34 WIB" Interest="36.0" Kind="edit" Navigation="null" OriginId="org.eclipse.mylyn.wikitext.ui.editor.markupEditor" StartDate="2019-06-23 21:16:05.79 WIB" StructureHandle="/eclipse/README.md" StructureKind="org.eclipse.mylyn.wikitext" NumEvents="36" CreationCount="41"/><InteractionEvent Delta="null" EndDate="2019-06-23 21:27:04.35 WIB" Interest="36.0" Kind="propagation" Navigation="null" OriginId="org.eclipse.mylyn.wikitext.ui.editor.markupEditor" StartDate="2019-06-23 21:16:05.87 WIB" StructureHandle="/eclipse/README.md" StructureKind="resource" NumEvents="36" CreationCount="41"/><InteractionEvent Delta="null" EndDate="2019-06-24 01:33:05.803 WIB" Interest="4.0" Kind="selection" Navigation="null" OriginId="org.eclipse.jdt.ui.CompilationUnitEditor" StartDate="2019-06-23 20:44:35.853 WIB" StructureHandle="=org.eclipse.jdt.ui/ui&amp;lt;org.eclipse.jdt.internal.ui.javaeditor{CompilationUnitEditor.java" StructureKind="java" NumEvents="4" CreationCount="5"/><InteractionEvent Delta="null" EndDate="2019-06-24 01:33:06.498 WIB" Interest="2.7659996" Kind="propagation" Navigation="org.eclipse.mylyn.core.model.edges.containment" OriginId="org.eclipse.mylyn.core.model.interest.propagation" StartDate="2019-06-23 20:44:54.761 WIB" StructureHandle="=org.eclipse.jdt.ui/ui&amp;lt;org.eclipse.jdt.internal.ui.javaeditor{CompilationUnitEditor.java" StructureKind="java" NumEvents="5" CreationCount="5"/><InteractionEvent Delta="null" EndDate="2019-06-23 21:16:13.282 WIB" Interest="1.0" Kind="selection" Navigation="null" OriginId="org.eclipse.mylyn.wikitext.ui.editor.markupEditor" StartDate="2019-06-23 21:16:13.282 WIB" StructureHandle="/eclipse/README.md;other-banc" StructureKind="org.eclipse.mylyn.wikitext"/><InteractionEvent Delta="null" EndDate="2019-06-24 01:32:50.216 WIB" Interest="7.7720003" Kind="propagation" Navigation="org.eclipse.mylyn.core.model.edges.containment" OriginId="org.eclipse.mylyn.core.model.interest.propagation" StartDate="2019-06-23 20:44:35.854 WIB" StructureHandle="=org.eclipse.jdt.ui/ui&amp;lt;org.eclipse.jdt.internal.ui.javaeditor" StructureKind="java" NumEvents="12" CreationCount="5"/><InteractionEvent Delta="null" EndDate="2019-06-24 01:33:06.498 WIB" Interest="43.0" Kind="propagation" Navigation="org.eclipse.mylyn.core.model.edges.containment" OriginId="org.eclipse.mylyn.core.model.interest.propagation" StartDate="2019-06-23 20:44:28.973 WIB" StructureHandle="=org.eclipse.jdt.ui" StructureKind="resource" NumEvents="43" CreationCount="1"/><InteractionEvent Delta="null" EndDate="2019-06-23 21:29:33.159 WIB" Interest="10.917" Kind="propagation" Navigation="org.eclipse.mylyn.core.model.edges.containment" OriginId="org.eclipse.mylyn.core.model.interest.propagation" StartDate="2019-06-23 20:59:42.235 WIB" StructureHandle="=org.eclipse.jdt.debug.ui/\/junk\/eclipse\/plugins\/org.eclipse.ui.workbench.texteditor_3.12.0.v20190519-2344.jar" StructureKind="java" NumEvents="16" CreationCount="28"/><InteractionEvent Delta="null" EndDate="2019-06-24 01:33:05.720 WIB" Interest="5.0" Kind="selection" Navigation="null" OriginId="org.eclipse.jdt.ui.CompilationUnitEditor" StartDate="2019-06-23 20:44:28.971 WIB" StructureHandle="=org.eclipse.jdt.ui/ui&amp;lt;org.eclipse.jdt.internal.ui.actions{OpenTypeAction.java" StructureKind="java" NumEvents="5" CreationCount="110"/><InteractionEvent Delta="null" EndDate="2019-06-23 20:44:29.60 WIB" Interest="0.01700002" Kind="propagation" Navigation="org.eclipse.mylyn.core.model.edges.containment" OriginId="org.eclipse.mylyn.core.model.interest.propagation" StartDate="2019-06-23 20:44:29.60 WIB" StructureHandle="=org.eclipse.jdt.ui/ui&amp;lt;org.eclipse.jdt.internal.ui.actions{OpenTypeAction.java" StructureKind="java"/><InteractionEvent Delta="null" EndDate="2019-06-24 01:33:00.1 WIB" Interest="15.0" Kind="propagation" Navigation="org.eclipse.mylyn.core.model.edges.containment" OriginId="org.eclipse.mylyn.core.model.interest.propagation" StartDate="2019-06-23 20:59:14.670 WIB" StructureHandle="/org.eclipse.ui.workbench/Eclipse UI/org/eclipse" StructureKind="resource" NumEvents="15" CreationCount="25"/><InteractionEvent Delta="null" EndDate="2019-06-23 21:16:50.974 WIB" Interest="6.0" Kind="selection" Navigation="null" OriginId="org.eclipse.mylyn.wikitext.ui.editor.markupEditor" StartDate="2019-06-23 21:16:46.484 WIB" StructureHandle="/eclipse/README.md;disclaimer" StructureKind="org.eclipse.mylyn.wikitext" NumEvents="6" CreationCount="63"/><InteractionEvent Delta="null" EndDate="2019-06-24 01:32:50.211 WIB" Interest="3.0" Kind="selection" Navigation="null" OriginId="org.eclipse.jdt.ui.CompilationUnitEditor" StartDate="2019-06-23 20:46:14.506 WIB" StructureHandle="=org.eclipse.jdt.ui/ui&amp;lt;org.eclipse.jdt.internal.ui.javaeditor{JavaEditor.java[JavaEditor" StructureKind="java" NumEvents="3" CreationCount="18"/><InteractionEvent Delta="null" EndDate="2019-06-24 01:32:49.548 WIB" Interest="4.5510006" Kind="propagation" Navigation="org.eclipse.mylyn.core.model.edges.containment" OriginId="org.eclipse.mylyn.core.model.interest.propagation" StartDate="2019-06-23 20:46:16.543 WIB" StructureHandle="=org.eclipse.jdt.ui/ui&amp;lt;org.eclipse.jdt.internal.ui.javaeditor{JavaEditor.java[JavaEditor" StructureKind="java" NumEvents="7" CreationCount="18"/><InteractionEvent Delta="null" EndDate="2019-06-24 01:32:48.999 WIB" Interest="4.0" Kind="selection" Navigation="null" OriginId="org.eclipse.jdt.ui.CompilationUnitEditor" StartDate="2019-06-23 20:46:13.827 WIB" StructureHandle="=org.eclipse.jdt.ui/ui&amp;lt;org.eclipse.jdt.internal.ui.javaeditor{JavaEditor.java" StructureKind="java" NumEvents="4" CreationCount="16"/><InteractionEvent Delta="null" EndDate="2019-06-24 01:32:50.216 WIB" Interest="3.5850005" Kind="propagation" Navigation="org.eclipse.mylyn.core.model.edges.containment" OriginId="org.eclipse.mylyn.core.model.interest.propagation" StartDate="2019-06-23 20:46:18.649 WIB" StructureHandle="=org.eclipse.jdt.ui/ui&amp;lt;org.eclipse.jdt.internal.ui.javaeditor{JavaEditor.java" StructureKind="java" NumEvents="8" CreationCount="16"/><InteractionEvent Delta="null" EndDate="2019-06-24 01:33:00.1 WIB" Interest="15.0" Kind="propagation" Navigation="org.eclipse.mylyn.core.model.edges.containment" OriginId="org.eclipse.mylyn.core.model.interest.propagation" StartDate="2019-06-23 20:59:14.669 WIB" StructureHandle="/org.eclipse.ui.workbench/Eclipse UI/org/eclipse/ui/internal/quickaccess" StructureKind="resource" NumEvents="15" CreationCount="25"/><InteractionEvent Delta="null" EndDate="2019-06-24 01:33:00.1 WIB" Interest="15.0" Kind="propagation" Navigation="org.eclipse.mylyn.core.model.edges.containment" OriginId="org.eclipse.mylyn.core.model.interest.propagation" StartDate="2019-06-23 20:59:14.670 WIB" StructureHandle="=org.eclipse.ui.workbench" StructureKind="resource" NumEvents="15" CreationCount="25"/><InteractionEvent Delta="null" EndDate="2019-06-23 21:27:04.35 WIB" Interest="62.199997" Kind="propagation" Navigation="org.eclipse.mylyn.core.model.edges.containment" OriginId="org.eclipse.mylyn.core.model.interest.propagation" StartDate="2019-06-23 21:16:04.843 WIB" StructureHandle="=eclipse" StructureKind="resource" NumEvents="73" CreationCount="41"/><InteractionEvent Delta="null" EndDate="2019-06-24 01:32:59.996 WIB" Interest="4.0" Kind="selection" Navigation="null" OriginId="org.eclipse.jdt.ui.CompilationUnitEditor" StartDate="2019-06-24 01:32:44.607 WIB" StructureHandle="=org.eclipse.ui.workbench/Eclipse UI&amp;lt;org.eclipse.ui.internal.quickaccess{QuickAccessDialog.java[QuickAccessDialog^display" StructureKind="java" NumEvents="4" CreationCount="128"/><InteractionEvent Delta="null" EndDate="2019-06-24 01:33:05.909 WIB" Interest="5.0" Kind="selection" Navigation="null" OriginId="org.eclipse.jdt.ui.CompilationUnitEditor" StartDate="2019-06-23 20:44:36.604 WIB" StructureHandle="=org.eclipse.jdt.ui/ui&amp;lt;org.eclipse.jdt.internal.ui.javaeditor{CompilationUnitEditor.java[CompilationUnitEditor" StructureKind="java" NumEvents="5" CreationCount="0"/><InteractionEvent Delta="null" EndDate="2019-06-24 01:33:06.497 WIB" Interest="2.0" Kind="edit" Navigation="null" OriginId="org.eclipse.jdt.ui.CompilationUnitEditor" StartDate="2019-06-23 20:46:01.31 WIB" StructureHandle="=org.eclipse.jdt.ui/ui&amp;lt;org.eclipse.jdt.internal.ui.javaeditor{CompilationUnitEditor.java[CompilationUnitEditor" StructureKind="java" NumEvents="2" CreationCount="0"/><InteractionEvent Delta="null" EndDate="2019-06-23 20:46:11.206 WIB" Interest="0.45099974" Kind="propagation" Navigation="org.eclipse.mylyn.core.model.edges.containment" OriginId="org.eclipse.mylyn.core.model.interest.propagation" StartDate="2019-06-23 20:46:11.206 WIB" StructureHandle="=org.eclipse.jdt.ui/ui&amp;lt;org.eclipse.jdt.internal.ui.javaeditor{CompilationUnitEditor.java[CompilationUnitEditor" StructureKind="java"/></InteractionHistory>