<?xml version="1.0" encoding="UTF-8"?><InteractionHistory Id="local-15" Version="1"><InteractionEvent Delta="null" EndDate="2019-06-12 00:38:31.700 WIB" Interest="28.017" Kind="propagation" Navigation="org.eclipse.mylyn.core.model.edges.containment" OriginId="org.eclipse.mylyn.core.model.interest.propagation" StartDate="2019-06-12 00:20:58.916 WIB" StructureHandle="" StructureKind="java" NumEvents="33" CreationCount="21"/><InteractionEvent Delta="null" EndDate="2019-06-12 00:45:56.24 WIB" Interest="1.0" Kind="selection" Navigation="null" OriginId="org.eclipse.cdt.ui.editor.CEditor" StartDate="2019-06-12 00:45:56.24 WIB" StructureHandle="=interp/&amp;lt;src&amp;lt;prolog{term.h[Interp_Prolog#61[String#65[get_string#70(const String**" StructureKind="c/c++"/><InteractionEvent Delta="null" EndDate="2019-06-12 01:01:53.219 WIB" Interest="1.0" Kind="edit" Navigation="null" OriginId="org.eclipse.cdt.ui.editor.CEditor" StartDate="2019-06-12 01:01:53.219 WIB" StructureHandle="=interp/&amp;lt;src&amp;lt;prolog{term.h[Interp_Prolog#61[Term#65[do_print_debug#71(String*" StructureKind="c/c++"/><InteractionEvent Delta="null" EndDate="2019-06-12 01:01:52.139 WIB" Interest="0.003000021" Kind="manipulation" Navigation="null" OriginId="org.eclipse.mylyn.core.model.interest.decay.correction" StartDate="2019-06-12 01:01:52.139 WIB" StructureHandle="=interp/&amp;lt;src&amp;lt;prolog{term.h[Interp_Prolog#61[Term#65[do_print_debug#71(String*" StructureKind="c/c++"/><InteractionEvent Delta="null" EndDate="2019-06-12 01:01:52.139 WIB" Interest="2.0" Kind="selection" Navigation="null" OriginId="org.eclipse.cdt.ui.editor.CEditor" StartDate="2019-06-12 00:55:49.803 WIB" StructureHandle="=interp/&amp;lt;src&amp;lt;prolog{term.h[Interp_Prolog#61[Term#65[do_print_debug#71(String*" StructureKind="c/c++" NumEvents="2" CreationCount="1106"/><InteractionEvent Delta="null" EndDate="2019-06-12 00:48:41.313 WIB" Interest="2.0" Kind="edit" Navigation="null" OriginId="org.eclipse.cdt.ui.editor.CEditor" StartDate="2019-06-12 00:48:06.696 WIB" StructureHandle="=interp/&amp;lt;src&amp;lt;prolog{term.h[Interp_Prolog#61[Var::dereference#70" StructureKind="c/c++" NumEvents="2" CreationCount="732"/><InteractionEvent Delta="null" EndDate="2019-06-12 00:48:39.728 WIB" Interest="5.0" Kind="selection" Navigation="null" OriginId="org.eclipse.cdt.ui.editor.CEditor" StartDate="2019-06-12 00:48:04.705 WIB" StructureHandle="=interp/&amp;lt;src&amp;lt;prolog{term.h[Interp_Prolog#61[Var::dereference#70" StructureKind="c/c++" NumEvents="5" CreationCount="732"/><InteractionEvent Delta="null" EndDate="2019-06-12 01:24:40.63 WIB" Interest="494.52896" Kind="propagation" Navigation="org.eclipse.mylyn.core.model.edges.containment" OriginId="org.eclipse.mylyn.core.model.interest.propagation" StartDate="2019-06-11 23:51:33.489 WIB" StructureHandle="=interp/&amp;lt;src" StructureKind="c/c++" NumEvents="769" CreationCount="1"/><InteractionEvent Delta="null" EndDate="2019-06-12 00:51:28.767 WIB" Interest="1.0" Kind="selection" Navigation="null" OriginId="org.eclipse.cdt.ui.editor.CEditor" StartDate="2019-06-12 00:51:28.767 WIB" StructureHandle="=interp/&amp;lt;src&amp;lt;prolog{term.h[cstdint#75" StructureKind="c/c++"/><InteractionEvent Delta="null" EndDate="2019-06-12 01:24:40.63 WIB" Interest="1746.0" Kind="propagation" Navigation="null" OriginId="org.eclipse.cdt.ui.editor.CEditor" StartDate="2019-06-11 23:51:33.487 WIB" StructureHandle="/interp/src/prolog" StructureKind="resource" NumEvents="1746" CreationCount="1"/><InteractionEvent Delta="null" EndDate="2019-06-12 00:38:25.418 WIB" Interest="14.0" Kind="edit" Navigation="null" OriginId="org.eclipse.jdt.ui.CompilationUnitEditor" StartDate="2019-06-12 00:21:21.645 WIB" StructureHandle="=java-prolog/src\/main\/java&amp;lt;com.spacetimecat.java.prolog{Var.java[Var^previous" StructureKind="java" NumEvents="14" CreationCount="33"/><InteractionEvent Delta="null" EndDate="2019-06-12 00:21:19.75 WIB" Interest="1.0" Kind="selection" Navigation="null" OriginId="org.eclipse.jdt.ui.CompilationUnitEditor" StartDate="2019-06-12 00:21:19.75 WIB" StructureHandle="=java-prolog/src\/main\/java&amp;lt;com.spacetimecat.java.prolog{Var.java[Var^previous" StructureKind="java"/><InteractionEvent Delta="null" EndDate="2019-06-12 00:44:03.511 WIB" Interest="1.0" Kind="selection" Navigation="null" OriginId="org.eclipse.cdt.ui.editor.CEditor" StartDate="2019-06-12 00:44:03.511 WIB" StructureHandle="=interp/&amp;lt;src&amp;lt;prolog{term.h[Interp_Prolog#61[String#65[String#70(const char*" StructureKind="c/c++"/><InteractionEvent Delta="null" EndDate="2019-06-12 00:45:55.361 WIB" Interest="1.0" Kind="edit" Navigation="null" OriginId="org.eclipse.cdt.ui.editor.CEditor" StartDate="2019-06-12 00:45:55.361 WIB" StructureHandle="=interp/&amp;lt;src&amp;lt;prolog{term.h[Interp_Prolog#61[String#65[printf#70(const char*(..." StructureKind="c/c++"/><InteractionEvent Delta="null" EndDate="2019-06-12 00:45:53.711 WIB" Interest="1.0" Kind="selection" Navigation="null" OriginId="org.eclipse.cdt.ui.editor.CEditor" StartDate="2019-06-12 00:45:53.711 WIB" StructureHandle="=interp/&amp;lt;src&amp;lt;prolog{term.h[Interp_Prolog#61[String#65[printf#70(const char*(..." StructureKind="c/c++"/><InteractionEvent Delta="null" EndDate="2019-06-12 00:38:31.700 WIB" Interest="10.387001" Kind="propagation" Navigation="org.eclipse.mylyn.core.model.edges.containment" OriginId="org.eclipse.mylyn.core.model.interest.propagation" StartDate="2019-06-12 00:21:26.241 WIB" StructureHandle="=java-prolog/src\/main\/java" StructureKind="java" NumEvents="16" CreationCount="22"/><InteractionEvent Delta="null" EndDate="2019-06-12 00:21:04.496 WIB" Interest="3.0" Kind="selection" Navigation="null" OriginId="org.eclipse.ui.navigator.ProjectExplorer" StartDate="2019-06-12 00:21:00.111 WIB" StructureHandle="=java-prolog/src\/main\/java" StructureKind="java" NumEvents="3" CreationCount="22"/><InteractionEvent Delta="null" EndDate="2019-06-12 00:41:23.753 WIB" Interest="2.0" Kind="edit" Navigation="null" OriginId="org.eclipse.cdt.ui.editor.CEditor" StartDate="2019-06-12 00:41:19.979 WIB" StructureHandle="=interp/&amp;lt;src&amp;lt;prolog{term.h[Interp_Prolog#61[Term::dereference#70" StructureKind="c/c++" NumEvents="2" CreationCount="370"/><InteractionEvent Delta="null" EndDate="2019-06-12 00:41:28.254 WIB" Interest="6.0" Kind="selection" Navigation="null" OriginId="org.eclipse.cdt.ui.editor.CEditor" StartDate="2019-06-12 00:40:51.993 WIB" StructureHandle="=interp/&amp;lt;src&amp;lt;prolog{term.h[Interp_Prolog#61[Term::dereference#70" StructureKind="c/c++" NumEvents="6" CreationCount="370"/><InteractionEvent Delta="null" EndDate="2019-06-12 01:03:42.203 WIB" Interest="1.0" Kind="edit" Navigation="null" OriginId="org.eclipse.cdt.ui.editor.CEditor" StartDate="2019-06-12 01:03:42.203 WIB" StructureHandle="=interp/&amp;lt;src&amp;lt;prolog{term.h[Interp_Prolog#61[Term#65[is_Var#71" StructureKind="c/c++"/><InteractionEvent Delta="null" EndDate="2019-06-12 01:03:42.177 WIB" Interest="1.4000001" Kind="manipulation" Navigation="null" OriginId="org.eclipse.mylyn.core.model.interest.decay.correction" StartDate="2019-06-12 01:03:42.177 WIB" StructureHandle="=interp/&amp;lt;src&amp;lt;prolog{term.h[Interp_Prolog#61[Term#65[is_Var#71" StructureKind="c/c++"/><InteractionEvent Delta="null" EndDate="2019-06-12 01:03:42.177 WIB" Interest="3.0" Kind="selection" Navigation="null" OriginId="org.eclipse.cdt.ui.editor.CEditor" StartDate="2019-06-12 00:54:55.437 WIB" StructureHandle="=interp/&amp;lt;src&amp;lt;prolog{term.h[Interp_Prolog#61[Term#65[is_Var#71" StructureKind="c/c++" NumEvents="3" CreationCount="1076"/><InteractionEvent Delta="null" EndDate="2019-06-12 00:45:51.729 WIB" Interest="1.0" Kind="selection" Navigation="null" OriginId="org.eclipse.cdt.ui.editor.CEditor" StartDate="2019-06-12 00:45:51.729 WIB" StructureHandle="=interp/&amp;lt;src&amp;lt;prolog{term.h[Interp_Prolog#61[String#65[append_trunc#70(const char*" StructureKind="c/c++"/><InteractionEvent Delta="null" EndDate="2019-06-12 00:46:32.41 WIB" Interest="4.0" Kind="edit" Navigation="null" OriginId="org.eclipse.cdt.ui.editor.CEditor" StartDate="2019-06-12 00:46:24.306 WIB" StructureHandle="=interp/&amp;lt;src&amp;lt;prolog{term.h[Interp_Prolog#61[Compound#65" StructureKind="c/c++" NumEvents="4" CreationCount="642"/><InteractionEvent Delta="null" EndDate="2019-06-12 01:06:08.420 WIB" Interest="3.8810015" Kind="propagation" Navigation="org.eclipse.mylyn.core.model.edges.containment" OriginId="org.eclipse.mylyn.core.model.interest.propagation" StartDate="2019-06-12 00:51:14.98 WIB" StructureHandle="=interp/&amp;lt;src&amp;lt;prolog{term.h[Interp_Prolog#61[Compound#65" StructureKind="c/c++" NumEvents="2" CreationCount="642"/><InteractionEvent Delta="null" EndDate="2019-06-12 01:03:52.181 WIB" Interest="4.9159994" Kind="manipulation" Navigation="null" OriginId="org.eclipse.mylyn.core.model.interest.decay.correction" StartDate="2019-06-12 01:03:52.181 WIB" StructureHandle="=interp/&amp;lt;src&amp;lt;prolog{term.h[Interp_Prolog#61[Compound#65" StructureKind="c/c++"/><InteractionEvent Delta="null" EndDate="2019-06-12 01:03:52.181 WIB" Interest="2.0" Kind="selection" Navigation="null" OriginId="org.eclipse.cdt.ui.typeHierarchy" StartDate="2019-06-12 00:46:23.240 WIB" StructureHandle="=interp/&amp;lt;src&amp;lt;prolog{term.h[Interp_Prolog#61[Compound#65" StructureKind="c/c++" NumEvents="2" CreationCount="642"/><InteractionEvent Delta="null" EndDate="2019-06-12 01:09:47.259 WIB" Interest="1.9580002" Kind="manipulation" Navigation="null" OriginId="org.eclipse.mylyn.core.model.interest.decay.correction" StartDate="2019-06-12 01:09:47.259 WIB" StructureHandle="=interp/&amp;lt;src&amp;lt;prolog{term.cpp[Interp_Prolog#61[Var::get_var#70(Var**" StructureKind="c/c++"/><InteractionEvent Delta="null" EndDate="2019-06-12 01:11:04.392 WIB" Interest="4.0" Kind="selection" Navigation="null" OriginId="org.eclipse.cdt.ui.editor.CEditor" StartDate="2019-06-12 01:06:46.850 WIB" StructureHandle="=interp/&amp;lt;src&amp;lt;prolog{term.cpp[Interp_Prolog#61[Var::get_var#70(Var**" StructureKind="c/c++" NumEvents="4" CreationCount="1412"/><InteractionEvent Delta="null" EndDate="2019-06-12 00:38:31.699 WIB" Interest="25.0" Kind="propagation" Navigation="null" OriginId="org.eclipse.jdt.ui.CompilationUnitEditor" StartDate="2019-06-12 00:21:07.830 WIB" StructureHandle="/java-prolog/src/main/java/com/spacetimecat/java/prolog/Var.java" StructureKind="resource" NumEvents="25" CreationCount="28"/><InteractionEvent Delta="null" EndDate="2019-06-12 01:03:39.732 WIB" Interest="7.0" Kind="edit" Navigation="null" OriginId="org.eclipse.cdt.ui.editor.CEditor" StartDate="2019-06-12 00:52:06.593 WIB" StructureHandle="=interp/&amp;lt;src&amp;lt;prolog{term.h[Interp_Prolog#61[Term#65[is_unbound#71" StructureKind="c/c++" NumEvents="7" CreationCount="484"/><InteractionEvent Delta="null" EndDate="2019-06-12 01:02:50.591 WIB" Interest="7.0950003" Kind="manipulation" Navigation="null" OriginId="org.eclipse.mylyn.core.model.interest.decay.correction" StartDate="2019-06-12 00:51:57.706 WIB" StructureHandle="=interp/&amp;lt;src&amp;lt;prolog{term.h[Interp_Prolog#61[Term#65[is_unbound#71" StructureKind="c/c++" NumEvents="2" CreationCount="484"/><InteractionEvent Delta="null" EndDate="2019-06-12 01:03:38.271 WIB" Interest="8.0" Kind="selection" Navigation="null" OriginId="org.eclipse.cdt.ui.editor.CEditor" StartDate="2019-06-12 00:42:24.950 WIB" StructureHandle="=interp/&amp;lt;src&amp;lt;prolog{term.h[Interp_Prolog#61[Term#65[is_unbound#71" StructureKind="c/c++" NumEvents="8" CreationCount="484"/><InteractionEvent Delta="null" EndDate="2019-06-12 00:45:45.686 WIB" Interest="1.0" Kind="prediction" Navigation="null" OriginId="org.eclipse.mylyn.resources.ui.interest.updater" StartDate="2019-06-12 00:45:45.686 WIB" StructureHandle="/interp/libinterpreter.so.0.0.0" StructureKind="resource"/><InteractionEvent Delta="null" EndDate="2019-06-12 00:47:09.114 WIB" Interest="1.0" Kind="selection" Navigation="null" OriginId="org.eclipse.cdt.ui.editor.CEditor" StartDate="2019-06-12 00:47:09.114 WIB" StructureHandle="=interp/&amp;lt;src&amp;lt;prolog{term.h[Interp_Prolog#61[Var#65[get_var#70(const Var**" StructureKind="c/c++"/><InteractionEvent Delta="null" EndDate="2019-06-12 01:24:11.868 WIB" Interest="132.0" Kind="edit" Navigation="null" OriginId="org.eclipse.cdt.ui.editor.CEditor" StartDate="2019-06-12 00:39:49.503 WIB" StructureHandle="=interp/&amp;lt;src&amp;lt;prolog{term.h[Interp_Prolog#61[Term#65" StructureKind="c/c++" NumEvents="132" CreationCount="300"/><InteractionEvent Delta="null" EndDate="2019-06-12 00:49:36.676 WIB" Interest="3.3610017" Kind="propagation" Navigation="org.eclipse.mylyn.core.model.edges.containment" OriginId="org.eclipse.mylyn.core.model.interest.propagation" StartDate="2019-06-12 00:39:52.102 WIB" StructureHandle="=interp/&amp;lt;src&amp;lt;prolog{term.h[Interp_Prolog#61[Term#65" StructureKind="c/c++" NumEvents="8" CreationCount="300"/><InteractionEvent Delta="null" EndDate="2019-06-12 01:24:05.326 WIB" Interest="46.0" Kind="selection" Navigation="null" OriginId="org.eclipse.cdt.ui.editor.CEditor" StartDate="2019-06-12 00:39:48.707 WIB" StructureHandle="=interp/&amp;lt;src&amp;lt;prolog{term.h[Interp_Prolog#61[Term#65" StructureKind="c/c++" NumEvents="46" CreationCount="300"/><InteractionEvent Delta="null" EndDate="2019-06-12 00:49:27.256 WIB" Interest="1.0" Kind="prediction" Navigation="null" OriginId="org.eclipse.mylyn.resources.ui.interest.updater" StartDate="2019-06-12 00:49:27.256 WIB" StructureHandle="=interp/&amp;lt;src&amp;lt;prolog{fiber.cpp" StructureKind="c/c++"/><InteractionEvent Delta="null" EndDate="2019-06-12 00:49:50.965 WIB" Interest="3.0" Kind="edit" Navigation="null" OriginId="org.eclipse.cdt.ui.editor.CEditor" StartDate="2019-06-12 00:49:49.542 WIB" StructureHandle="=interp/&amp;lt;src&amp;lt;prolog{term.cpp[Interp_Prolog#61[Var::is_Var#70" StructureKind="c/c++" NumEvents="3" CreationCount="876"/><InteractionEvent Delta="null" EndDate="2019-06-12 00:49:46.916 WIB" Interest="1.0" Kind="selection" Navigation="null" OriginId="org.eclipse.cdt.ui.editor.CEditor" StartDate="2019-06-12 00:49:46.916 WIB" StructureHandle="=interp/&amp;lt;src&amp;lt;prolog{term.cpp[Interp_Prolog#61[Var::is_Var#70" StructureKind="c/c++"/><InteractionEvent Delta="null" EndDate="2019-06-12 01:24:40.63 WIB" Interest="1768.0" Kind="propagation" Navigation="org.eclipse.mylyn.core.model.edges.containment" OriginId="org.eclipse.mylyn.core.model.interest.propagation" StartDate="2019-06-11 23:51:33.488 WIB" StructureHandle="/" StructureKind="resource" NumEvents="1768" CreationCount="1"/><InteractionEvent Delta="null" EndDate="2019-06-12 00:41:09.524 WIB" Interest="1.0" Kind="selection" Navigation="null" OriginId="org.eclipse.cdt.ui.editor.CEditor" StartDate="2019-06-12 00:41:09.524 WIB" StructureHandle="=interp/&amp;lt;src&amp;lt;prolog{term.h[Interp_Prolog#61[Term::get_compound#70(const Compound**" StructureKind="c/c++"/><InteractionEvent Delta="null" EndDate="2019-06-12 00:21:12.796 WIB" Interest="1.0" Kind="selection" Navigation="null" OriginId="org.eclipse.jdt.ui.CompilationUnitEditor" StartDate="2019-06-12 00:21:12.796 WIB" StructureHandle="=java-prolog/src\/main\/java&amp;lt;com.spacetimecat.java.prolog{Var.java[Var~Var~I" StructureKind="java"/><InteractionEvent Delta="null" EndDate="2019-06-12 00:49:27.257 WIB" Interest="1.0" Kind="propagation" Navigation="null" OriginId="org.eclipse.mylyn.resources.ui.interest.updater" StartDate="2019-06-12 00:49:27.257 WIB" StructureHandle="/interp/src/prolog/fiber.cpp" StructureKind="resource"/><InteractionEvent Delta="null" EndDate="2019-06-12 01:07:05.409 WIB" Interest="2.0" Kind="edit" Navigation="null" OriginId="org.eclipse.cdt.ui.editor.CEditor" StartDate="2019-06-12 01:07:00.221 WIB" StructureHandle="=interp/&amp;lt;src&amp;lt;prolog{term.cpp[Interp_Prolog#61[Var::as_Var_or_null#70" StructureKind="c/c++" NumEvents="2" CreationCount="1422"/><InteractionEvent Delta="null" EndDate="2019-06-12 01:11:23.374 WIB" Interest="6.0" Kind="selection" Navigation="null" OriginId="org.eclipse.cdt.ui.editor.CEditor" StartDate="2019-06-12 01:06:59.291 WIB" StructureHandle="=interp/&amp;lt;src&amp;lt;prolog{term.cpp[Interp_Prolog#61[Var::as_Var_or_null#70" StructureKind="c/c++" NumEvents="6" CreationCount="1422"/><InteractionEvent Delta="null" EndDate="2019-06-12 00:38:31.700 WIB" Interest="29.0" Kind="propagation" Navigation="null" OriginId="org.eclipse.jdt.ui.CompilationUnitEditor" StartDate="2019-06-12 00:21:00.112 WIB" StructureHandle="/java-prolog/src/main/java" StructureKind="resource" NumEvents="29" CreationCount="22"/><InteractionEvent Delta="null" EndDate="2019-06-12 00:54:23.245 WIB" Interest="4.0" Kind="edit" Navigation="null" OriginId="org.eclipse.cdt.ui.editor.CEditor" StartDate="2019-06-12 00:47:29.396 WIB" StructureHandle="=interp/&amp;lt;src&amp;lt;prolog{term.h[Interp_Prolog#61[Var#65[dereference#71" StructureKind="c/c++" NumEvents="4" CreationCount="706"/><InteractionEvent Delta="null" EndDate="2019-06-12 00:52:38.931 WIB" Interest="0.66600037" Kind="manipulation" Navigation="null" OriginId="org.eclipse.mylyn.core.model.interest.decay.correction" StartDate="2019-06-12 00:52:38.931 WIB" StructureHandle="=interp/&amp;lt;src&amp;lt;prolog{term.h[Interp_Prolog#61[Var#65[dereference#71" StructureKind="c/c++"/><InteractionEvent Delta="null" EndDate="2019-06-12 00:54:27.660 WIB" Interest="9.0" Kind="selection" Navigation="null" OriginId="org.eclipse.cdt.ui.editor.CEditor" StartDate="2019-06-12 00:47:19.571 WIB" StructureHandle="=interp/&amp;lt;src&amp;lt;prolog{term.h[Interp_Prolog#61[Var#65[dereference#71" StructureKind="c/c++" NumEvents="9" CreationCount="706"/><InteractionEvent Delta="null" EndDate="2019-06-12 01:07:49.640 WIB" Interest="12.943001" Kind="manipulation" Navigation="null" OriginId="org.eclipse.mylyn.core.model.interest.decay.correction" StartDate="2019-06-12 01:07:49.640 WIB" StructureHandle="=interp/&amp;lt;src&amp;lt;prolog{term.h[Interp_Prolog#61[String#65[append_trunc#70(const String*" StructureKind="c/c++"/><InteractionEvent Delta="null" EndDate="2019-06-12 01:07:49.640 WIB" Interest="3.0" Kind="selection" Navigation="null" OriginId="org.eclipse.cdt.ui.editor.CEditor" StartDate="2019-06-12 00:45:50.279 WIB" StructureHandle="=interp/&amp;lt;src&amp;lt;prolog{term.h[Interp_Prolog#61[String#65[append_trunc#70(const String*" StructureKind="c/c++" NumEvents="3" CreationCount="604"/><InteractionEvent Delta="null" EndDate="2019-06-12 00:48:18.512 WIB" Interest="1.0" Kind="edit" Navigation="null" OriginId="org.eclipse.cdt.ui.editor.CEditor" StartDate="2019-06-12 00:48:18.512 WIB" StructureHandle="=interp/&amp;lt;src&amp;lt;prolog{term.h[Interp_Prolog#61[Var#65[Var#71" StructureKind="c/c++"/><InteractionEvent Delta="null" EndDate="2019-06-12 00:48:17.133 WIB" Interest="0.24100006" Kind="manipulation" Navigation="null" OriginId="org.eclipse.mylyn.core.model.interest.decay.correction" StartDate="2019-06-12 00:48:17.133 WIB" StructureHandle="=interp/&amp;lt;src&amp;lt;prolog{term.h[Interp_Prolog#61[Var#65[Var#71" StructureKind="c/c++"/><InteractionEvent Delta="null" EndDate="2019-06-12 00:48:17.133 WIB" Interest="2.0" Kind="selection" Navigation="null" OriginId="org.eclipse.cdt.ui.editor.CEditor" StartDate="2019-06-12 00:46:58.213 WIB" StructureHandle="=interp/&amp;lt;src&amp;lt;prolog{term.h[Interp_Prolog#61[Var#65[Var#71" StructureKind="c/c++" NumEvents="2" CreationCount="676"/><InteractionEvent Delta="null" EndDate="2019-06-12 01:03:37.359 WIB" Interest="7.0" Kind="edit" Navigation="null" OriginId="org.eclipse.cdt.ui.editor.CEditor" StartDate="2019-06-12 01:03:28.710 WIB" StructureHandle="=interp/&amp;lt;src&amp;lt;prolog{term.cpp[Interp_Prolog#61[Term::is_unbound#70" StructureKind="c/c++" NumEvents="7" CreationCount="453"/><InteractionEvent Delta="null" EndDate="2019-06-12 01:03:02.521 WIB" Interest="11.073001" Kind="manipulation" Navigation="null" OriginId="org.eclipse.mylyn.core.model.interest.decay.correction" StartDate="2019-06-12 00:52:14.101 WIB" StructureHandle="=interp/&amp;lt;src&amp;lt;prolog{term.cpp[Interp_Prolog#61[Term::is_unbound#70" StructureKind="c/c++" NumEvents="2" CreationCount="453"/><InteractionEvent Delta="null" EndDate="2019-06-12 01:03:45.131 WIB" Interest="6.0" Kind="selection" Navigation="null" OriginId="org.eclipse.cdt.ui.typeHierarchy" StartDate="2019-06-12 00:42:02.123 WIB" StructureHandle="=interp/&amp;lt;src&amp;lt;prolog{term.cpp[Interp_Prolog#61[Term::is_unbound#70" StructureKind="c/c++" NumEvents="6" CreationCount="453"/><InteractionEvent Delta="null" EndDate="2019-06-12 00:48:01.530 WIB" Interest="1.0" Kind="selection" Navigation="null" OriginId="org.eclipse.cdt.ui.editor.CEditor" StartDate="2019-06-12 00:48:01.530 WIB" StructureHandle="=interp/&amp;lt;src&amp;lt;prolog{term.h[Interp_Prolog#61[Var::get_var#70(Var**" StructureKind="c/c++"/><InteractionEvent Delta="null" EndDate="2019-06-12 01:21:29.850 WIB" Interest="29.0" Kind="edit" Navigation="null" OriginId="org.eclipse.cdt.ui.editor.CEditor" StartDate="2019-06-12 00:46:36.999 WIB" StructureHandle="=interp/&amp;lt;src&amp;lt;prolog{term.h[Interp_Prolog#61[Var#65" StructureKind="c/c++" NumEvents="29" CreationCount="652"/><InteractionEvent Delta="null" EndDate="2019-06-12 01:24:40.62 WIB" Interest="28.0" Kind="selection" Navigation="null" OriginId="org.eclipse.cdt.ui.editor.CEditor" StartDate="2019-06-12 00:46:34.413 WIB" StructureHandle="=interp/&amp;lt;src&amp;lt;prolog{term.h[Interp_Prolog#61[Var#65" StructureKind="c/c++" NumEvents="28" CreationCount="652"/><InteractionEvent Delta="null" EndDate="2019-06-12 00:38:25.419 WIB" Interest="9.868" Kind="propagation" Navigation="org.eclipse.mylyn.core.model.edges.containment" OriginId="org.eclipse.mylyn.core.model.interest.propagation" StartDate="2019-06-12 00:21:12.173 WIB" StructureHandle="=java-prolog/src\/main\/java&amp;lt;com.spacetimecat.java.prolog{Var.java[Var" StructureKind="java" NumEvents="15" CreationCount="29"/><InteractionEvent Delta="null" EndDate="2019-06-12 00:21:13.531 WIB" Interest="1.0" Kind="selection" Navigation="null" OriginId="org.eclipse.jdt.ui.CompilationUnitEditor" StartDate="2019-06-12 00:21:13.531 WIB" StructureHandle="=java-prolog/src\/main\/java&amp;lt;com.spacetimecat.java.prolog{Var.java[Var" StructureKind="java"/><InteractionEvent Delta="null" EndDate="2019-06-12 00:21:51.551 WIB" Interest="1.0" Kind="edit" Navigation="null" OriginId="org.eclipse.cdt.ui.editor.CEditor" StartDate="2019-06-12 00:21:51.551 WIB" StructureHandle="=interp/&amp;lt;src&amp;lt;prolog{term.cpp[Interp_Prolog#61[Var#65[mark_children#70" StructureKind="c/c++"/><InteractionEvent Delta="null" EndDate="2019-06-12 00:21:48.996 WIB" Interest="1.0" Kind="selection" Navigation="null" OriginId="org.eclipse.cdt.ui.editor.CEditor" StartDate="2019-06-12 00:21:48.996 WIB" StructureHandle="=interp/&amp;lt;src&amp;lt;prolog{term.cpp[Interp_Prolog#61[Var#65[mark_children#70" StructureKind="c/c++"/><InteractionEvent Delta="null" EndDate="2019-06-12 00:36:15.982 WIB" Interest="22.0" Kind="propagation" Navigation="null" OriginId="org.eclipse.cdt.ui.editor.CEditor" StartDate="2019-06-12 00:35:21.818 WIB" StructureHandle="/interp/src/machine.h" StructureKind="resource" NumEvents="22" CreationCount="146"/><InteractionEvent Delta="null" EndDate="2019-06-12 00:45:24.125 WIB" Interest="1.0" Kind="selection" Navigation="null" OriginId="org.eclipse.cdt.ui.editor.CEditor" StartDate="2019-06-12 00:45:24.125 WIB" StructureHandle="=interp/&amp;lt;src&amp;lt;prolog{term.h[Interp_Prolog#61[String#65[write_to#62" StructureKind="c/c++"/><InteractionEvent Delta="null" EndDate="2019-06-12 00:41:15.682 WIB" Interest="1.0" Kind="selection" Navigation="null" OriginId="org.eclipse.cdt.ui.editor.CEditor" StartDate="2019-06-12 00:41:15.682 WIB" StructureHandle="=interp/&amp;lt;src&amp;lt;prolog{term.h[Interp_Prolog#61[Term::get_var#70(Var**" StructureKind="c/c++"/><InteractionEvent Delta="null" EndDate="2019-06-12 01:08:49.185 WIB" Interest="34.0" Kind="edit" Navigation="null" OriginId="org.eclipse.cdt.ui.editor.CEditor" StartDate="2019-06-12 00:52:23.593 WIB" StructureHandle="=interp/&amp;lt;src&amp;lt;prolog{term.cpp[Interp_Prolog#61[Var::is_unbound#70" StructureKind="c/c++" NumEvents="34" CreationCount="982"/><InteractionEvent Delta="null" EndDate="2019-06-12 01:09:08.282 WIB" Interest="7.0" Kind="selection" Navigation="null" OriginId="org.eclipse.cdt.ui.editor.CEditor" StartDate="2019-06-12 00:52:20.362 WIB" StructureHandle="=interp/&amp;lt;src&amp;lt;prolog{term.cpp[Interp_Prolog#61[Var::is_unbound#70" StructureKind="c/c++" NumEvents="7" CreationCount="982"/><InteractionEvent Delta="null" EndDate="2019-06-12 00:46:16.491 WIB" Interest="1.0" Kind="selection" Navigation="null" OriginId="org.eclipse.cdt.ui.editor.CEditor" StartDate="2019-06-12 00:46:16.491 WIB" StructureHandle="=interp/&amp;lt;src&amp;lt;prolog{term.h[Interp_Prolog#61[Integer#65[Integer#70(intptr_t" StructureKind="c/c++"/><InteractionEvent Delta="null" EndDate="2019-06-12 00:49:04.474 WIB" Interest="4.7630005" Kind="manipulation" Navigation="null" OriginId="org.eclipse.mylyn.core.model.interest.decay.correction" StartDate="2019-06-12 00:49:04.474 WIB" StructureHandle="=interp/&amp;lt;src&amp;lt;prolog{term.cpp[Interp_Prolog#61[Term::get_var#70(Var**" StructureKind="c/c++"/><InteractionEvent Delta="null" EndDate="2019-06-12 00:49:04.474 WIB" Interest="2.0" Kind="selection" Navigation="null" OriginId="org.eclipse.cdt.ui.editor.CEditor" StartDate="2019-06-12 00:42:09.837 WIB" StructureHandle="=interp/&amp;lt;src&amp;lt;prolog{term.cpp[Interp_Prolog#61[Term::get_var#70(Var**" StructureKind="c/c++" NumEvents="2" CreationCount="465"/><InteractionEvent Delta="null" EndDate="2019-06-12 00:24:36.613 WIB" Interest="1.0" Kind="selection" Navigation="null" OriginId="org.eclipse.cdt.ui.editor.CEditor" StartDate="2019-06-12 00:24:36.613 WIB" StructureHandle="=interp/&amp;lt;src&amp;lt;prolog{term.cpp[Interp_Prolog#61[Compound#65" StructureKind="c/c++"/><InteractionEvent Delta="null" EndDate="2019-06-12 00:48:47.62 WIB" Interest="2.0" Kind="edit" Navigation="null" OriginId="org.eclipse.cdt.ui.editor.CEditor" StartDate="2019-06-12 00:48:46.185 WIB" StructureHandle="=interp/&amp;lt;src&amp;lt;prolog{term.h[Interp_Prolog#61[Var::mark_children#70" StructureKind="c/c++" NumEvents="2" CreationCount="776"/><InteractionEvent Delta="null" EndDate="2019-06-12 00:48:42.163 WIB" Interest="1.0" Kind="selection" Navigation="null" OriginId="org.eclipse.cdt.ui.editor.CEditor" StartDate="2019-06-12 00:48:42.163 WIB" StructureHandle="=interp/&amp;lt;src&amp;lt;prolog{term.h[Interp_Prolog#61[Var::mark_children#70" StructureKind="c/c++"/><InteractionEvent Delta="null" EndDate="2019-06-12 00:21:44.69 WIB" Interest="1.0" Kind="selection" Navigation="null" OriginId="org.eclipse.cdt.ui.editor.CEditor" StartDate="2019-06-12 00:21:44.69 WIB" StructureHandle="=interp/&amp;lt;src&amp;lt;prolog{term.cpp[Interp_Prolog#61[Var#65[~Var#70" StructureKind="c/c++"/><InteractionEvent Delta="null" EndDate="2019-06-12 00:46:45.758 WIB" Interest="1.0" Kind="selection" Navigation="null" OriginId="org.eclipse.cdt.ui.editor.CEditor" StartDate="2019-06-12 00:46:45.758 WIB" StructureHandle="=interp/&amp;lt;src&amp;lt;prolog{term.h[Interp_Prolog#61[Var#65[v#72" StructureKind="c/c++"/><InteractionEvent Delta="null" EndDate="2019-06-12 00:51:14.97 WIB" Interest="1.0" Kind="selection" Navigation="null" OriginId="org.eclipse.cdt.ui.editor.CEditor" StartDate="2019-06-12 00:51:14.97 WIB" StructureHandle="=interp/&amp;lt;src&amp;lt;prolog{term.h[Interp_Prolog#61[Compound#65[get_compound#70(const Compound**" StructureKind="c/c++"/><InteractionEvent Delta="null" EndDate="2019-06-12 00:41:14.264 WIB" Interest="1.0" Kind="selection" Navigation="null" OriginId="org.eclipse.cdt.ui.editor.CEditor" StartDate="2019-06-12 00:41:14.264 WIB" StructureHandle="=interp/&amp;lt;src&amp;lt;prolog{term.h[Interp_Prolog#61[Term::get_string#70(const String**" StructureKind="c/c++"/><InteractionEvent Delta="null" EndDate="2019-06-12 01:24:40.63 WIB" Interest="494.52896" Kind="propagation" Navigation="org.eclipse.mylyn.core.model.edges.containment" OriginId="org.eclipse.mylyn.core.model.interest.propagation" StartDate="2019-06-11 23:51:33.488 WIB" StructureHandle="=interp/&amp;lt;src&amp;lt;prolog" StructureKind="c/c++" NumEvents="779" CreationCount="1"/><InteractionEvent Delta="null" EndDate="2019-06-12 00:38:31.699 WIB" Interest="25.016998" Kind="propagation" Navigation="org.eclipse.mylyn.core.model.edges.containment" OriginId="org.eclipse.mylyn.core.model.interest.propagation" StartDate="2019-06-12 00:21:05.525 WIB" StructureHandle="/java-prolog/src/main/java/com/spacetimecat/java" StructureKind="resource" NumEvents="26" CreationCount="27"/><InteractionEvent Delta="null" EndDate="2019-06-12 01:09:33.874 WIB" Interest="4.0" Kind="edit" Navigation="null" OriginId="org.eclipse.cdt.ui.editor.CEditor" StartDate="2019-06-12 01:05:04.618 WIB" StructureHandle="=interp/&amp;lt;src&amp;lt;prolog{term.h[Interp_Prolog#61[Term#65[as_Var_or_null#71" StructureKind="c/c++" NumEvents="4" CreationCount="1309"/><InteractionEvent Delta="null" EndDate="2019-06-12 01:09:56.701 WIB" Interest="12.0" Kind="selection" Navigation="null" OriginId="org.eclipse.cdt.ui.editor.CEditor" StartDate="2019-06-12 01:04:53.382 WIB" StructureHandle="=interp/&amp;lt;src&amp;lt;prolog{term.h[Interp_Prolog#61[Term#65[as_Var_or_null#71" StructureKind="c/c++" NumEvents="12" CreationCount="1309"/><InteractionEvent Delta="null" EndDate="2019-06-12 00:38:31.700 WIB" Interest="12.302001" Kind="propagation" Navigation="org.eclipse.mylyn.core.model.edges.containment" OriginId="org.eclipse.mylyn.core.model.interest.propagation" StartDate="2019-06-12 00:21:07.830 WIB" StructureHandle="=java-prolog/src\/main\/java&amp;lt;com.spacetimecat.java.prolog" StructureKind="java" NumEvents="20" CreationCount="27"/><InteractionEvent Delta="null" EndDate="2019-06-12 00:21:05.524 WIB" Interest="1.0" Kind="selection" Navigation="null" OriginId="org.eclipse.ui.navigator.ProjectExplorer" StartDate="2019-06-12 00:21:05.524 WIB" StructureHandle="=java-prolog/src\/main\/java&amp;lt;com.spacetimecat.java.prolog" StructureKind="java"/><InteractionEvent Delta="null" EndDate="2019-06-12 01:21:26.305 WIB" Interest="7.0" Kind="edit" Navigation="null" OriginId="org.eclipse.cdt.ui.editor.CEditor" StartDate="2019-06-12 01:05:12.523 WIB" StructureHandle="=interp/&amp;lt;src&amp;lt;prolog{term.cpp[Interp_Prolog#61[Term::as_Var_or_null#70" StructureKind="c/c++" NumEvents="7" CreationCount="467"/><InteractionEvent Delta="null" EndDate="2019-06-12 01:04:36.214 WIB" Interest="13.110001" Kind="manipulation" Navigation="null" OriginId="org.eclipse.mylyn.core.model.interest.decay.correction" StartDate="2019-06-12 01:04:36.214 WIB" StructureHandle="=interp/&amp;lt;src&amp;lt;prolog{term.cpp[Interp_Prolog#61[Term::get_var#70(const Var**" StructureKind="c/c++"/><InteractionEvent Delta="null" EndDate="2019-06-12 01:24:35.947 WIB" Interest="17.0" Kind="selection" Navigation="null" OriginId="org.eclipse.cdt.ui.editor.CEditor" StartDate="2019-06-12 00:42:11.605 WIB" StructureHandle="=interp/&amp;lt;src&amp;lt;prolog{term.cpp[Interp_Prolog#61[Term::as_Var_or_null#70" StructureKind="c/c++" NumEvents="17" CreationCount="467"/><InteractionEvent Delta="null" EndDate="2019-06-12 00:23:16.438 WIB" Interest="2.0" Kind="edit" Navigation="null" OriginId="org.eclipse.cdt.ui.editor.CEditor" StartDate="2019-06-12 00:23:14.156 WIB" StructureHandle="=interp/&amp;lt;src&amp;lt;prolog{term.cpp[Interp_Prolog#61[Var#65[get_var#70(Var**" StructureKind="c/c++" NumEvents="2" CreationCount="65"/><InteractionEvent Delta="null" EndDate="2019-06-12 00:21:58.102 WIB" Interest="1.0" Kind="selection" Navigation="null" OriginId="org.eclipse.cdt.ui.editor.CEditor" StartDate="2019-06-12 00:21:58.102 WIB" StructureHandle="=interp/&amp;lt;src&amp;lt;prolog{term.cpp[Interp_Prolog#61[Var#65[get_var#70(Var**" StructureKind="c/c++"/><InteractionEvent Delta="null" EndDate="2019-06-12 01:06:08.420 WIB" Interest="1.0" Kind="selection" Navigation="null" OriginId="org.eclipse.cdt.ui.editor.CEditor" StartDate="2019-06-12 01:06:08.420 WIB" StructureHandle="=interp/&amp;lt;src&amp;lt;prolog{term.h[Interp_Prolog#61[Compound#65[mark_children#70" StructureKind="c/c++"/><InteractionEvent Delta="null" EndDate="2019-06-12 00:49:46.397 WIB" Interest="3.0" Kind="edit" Navigation="null" OriginId="org.eclipse.cdt.ui.editor.CEditor" StartDate="2019-06-12 00:49:31.507 WIB" StructureHandle="=interp/&amp;lt;src&amp;lt;prolog{term.cpp[Interp_Prolog#61[Term::is_Var#70" StructureKind="c/c++" NumEvents="3" CreationCount="847"/><InteractionEvent Delta="null" EndDate="2019-06-12 01:03:44.694 WIB" Interest="3.2610006" Kind="manipulation" Navigation="null" OriginId="org.eclipse.mylyn.core.model.interest.decay.correction" StartDate="2019-06-12 01:03:44.694 WIB" StructureHandle="=interp/&amp;lt;src&amp;lt;prolog{term.cpp[Interp_Prolog#61[Term::is_Var#70" StructureKind="c/c++"/><InteractionEvent Delta="null" EndDate="2019-06-12 01:03:44.694 WIB" Interest="3.0" Kind="selection" Navigation="null" OriginId="org.eclipse.cdt.ui.typeHierarchy" StartDate="2019-06-12 00:49:30.113 WIB" StructureHandle="=interp/&amp;lt;src&amp;lt;prolog{term.cpp[Interp_Prolog#61[Term::is_Var#70" StructureKind="c/c++" NumEvents="3" CreationCount="847"/><InteractionEvent Delta="null" EndDate="2019-06-12 01:11:17.376 WIB" Interest="10.0" Kind="edit" Navigation="null" OriginId="org.eclipse.cdt.ui.editor.CEditor" StartDate="2019-06-12 00:41:43.784 WIB" StructureHandle="=interp/&amp;lt;src&amp;lt;prolog{term.cpp[Interp_Prolog#61" StructureKind="c/c++" NumEvents="10" CreationCount="423"/><InteractionEvent Delta="null" EndDate="2019-06-12 00:49:00.233 WIB" Interest="1.6750007" Kind="manipulation" Navigation="null" OriginId="org.eclipse.mylyn.core.model.interest.decay.correction" StartDate="2019-06-12 00:49:00.233 WIB" StructureHandle="=interp/&amp;lt;src&amp;lt;prolog{term.cpp[Interp_Prolog#61" StructureKind="c/c++"/><InteractionEvent Delta="null" EndDate="2019-06-12 01:09:08.282 WIB" Interest="20.027998" Kind="propagation" Navigation="org.eclipse.mylyn.core.model.edges.containment" OriginId="org.eclipse.mylyn.core.model.interest.propagation" StartDate="2019-06-12 00:52:26.163 WIB" StructureHandle="=interp/&amp;lt;src&amp;lt;prolog{term.cpp[Interp_Prolog#61" StructureKind="c/c++" NumEvents="30" CreationCount="423"/><InteractionEvent Delta="null" EndDate="2019-06-12 01:11:15.289 WIB" Interest="19.0" Kind="selection" Navigation="null" OriginId="org.eclipse.cdt.ui.editor.CEditor" StartDate="2019-06-12 00:41:40.671 WIB" StructureHandle="=interp/&amp;lt;src&amp;lt;prolog{term.cpp[Interp_Prolog#61" StructureKind="c/c++" NumEvents="19" CreationCount="423"/><InteractionEvent Delta="null" EndDate="2019-06-12 00:42:16.347 WIB" Interest="2.0" Kind="selection" Navigation="null" OriginId="org.eclipse.cdt.ui.editor.CEditor" StartDate="2019-06-12 00:42:13.500 WIB" StructureHandle="=interp/&amp;lt;src&amp;lt;prolog{term.cpp[Interp_Prolog#61[Term::dereference#70" StructureKind="c/c++" NumEvents="2" CreationCount="469"/><InteractionEvent Delta="null" EndDate="2019-06-12 00:46:14.122 WIB" Interest="1.0" Kind="edit" Navigation="null" OriginId="org.eclipse.cdt.ui.editor.CEditor" StartDate="2019-06-12 00:46:14.122 WIB" StructureHandle="=interp/&amp;lt;src&amp;lt;prolog{term.h[Interp_Prolog#61[Integer#65" StructureKind="c/c++"/><InteractionEvent Delta="null" EndDate="2019-06-12 01:06:05.572 WIB" Interest="10.948001" Kind="manipulation" Navigation="null" OriginId="org.eclipse.mylyn.core.model.interest.decay.correction" StartDate="2019-06-12 01:06:05.572 WIB" StructureHandle="=interp/&amp;lt;src&amp;lt;prolog{term.h[Interp_Prolog#61[Integer#65" StructureKind="c/c++"/><InteractionEvent Delta="null" EndDate="2019-06-12 01:06:05.572 WIB" Interest="2.0" Kind="selection" Navigation="null" OriginId="org.eclipse.cdt.ui.editor.CEditor" StartDate="2019-06-12 00:46:13.382 WIB" StructureHandle="=interp/&amp;lt;src&amp;lt;prolog{term.h[Interp_Prolog#61[Integer#65" StructureKind="c/c++" NumEvents="2" CreationCount="636"/><InteractionEvent Delta="null" EndDate="2019-06-12 00:54:44.389 WIB" Interest="1.0" Kind="selection" Navigation="null" OriginId="org.eclipse.cdt.ui.editor.CEditor" StartDate="2019-06-12 00:54:44.389 WIB" StructureHandle="=interp/&amp;lt;src&amp;lt;prolog{term.h[TERM_H_INCLUDED_83064c68_bded_42fa_98a4_2d49da24263a#79" StructureKind="c/c++"/><InteractionEvent Delta="null" EndDate="2019-06-12 00:38:31.699 WIB" Interest="25.016998" Kind="propagation" Navigation="org.eclipse.mylyn.core.model.edges.containment" OriginId="org.eclipse.mylyn.core.model.interest.propagation" StartDate="2019-06-12 00:21:05.525 WIB" StructureHandle="/java-prolog/src/main/java/com/spacetimecat" StructureKind="resource" NumEvents="26" CreationCount="27"/><InteractionEvent Delta="null" EndDate="2019-06-12 00:41:57.13 WIB" Interest="2.0" Kind="selection" Navigation="null" OriginId="org.eclipse.cdt.ui.editor.CEditor" StartDate="2019-06-12 00:41:45.438 WIB" StructureHandle="=interp/&amp;lt;src&amp;lt;prolog{term.cpp[Interp_Prolog#61[Term::print_debug#70(String*" StructureKind="c/c++" NumEvents="2" CreationCount="435"/><InteractionEvent Delta="null" EndDate="2019-06-12 00:36:15.982 WIB" Interest="16.0" Kind="edit" Navigation="null" OriginId="org.eclipse.cdt.ui.editor.CEditor" StartDate="2019-06-12 00:35:21.901 WIB" StructureHandle="=interp/&amp;lt;src{machine.h" StructureKind="c/c++" NumEvents="16" CreationCount="146"/><InteractionEvent Delta="null" EndDate="2019-06-12 00:35:40.230 WIB" Interest="5.0" Kind="selection" Navigation="null" OriginId="org.eclipse.cdt.ui.editor.CEditor" StartDate="2019-06-12 00:35:21.817 WIB" StructureHandle="=interp/&amp;lt;src{machine.h" StructureKind="c/c++" NumEvents="5" CreationCount="146"/><InteractionEvent Delta="null" EndDate="2019-06-12 01:10:55.471 WIB" Interest="3.0" Kind="edit" Navigation="null" OriginId="org.eclipse.cdt.ui.editor.CEditor" StartDate="2019-06-12 01:10:43.345 WIB" StructureHandle="=interp/&amp;lt;src&amp;lt;prolog{term.h[Interp_Prolog#61[Term#65[get_var#71(Var**" StructureKind="c/c++" NumEvents="3" CreationCount="318"/><InteractionEvent Delta="null" EndDate="2019-06-12 01:10:40.207 WIB" Interest="18.253" Kind="manipulation" Navigation="null" OriginId="org.eclipse.mylyn.core.model.interest.decay.correction" StartDate="2019-06-12 00:42:38.781 WIB" StructureHandle="=interp/&amp;lt;src&amp;lt;prolog{term.h[Interp_Prolog#61[Term#65[get_var#71(Var**" StructureKind="c/c++" NumEvents="4" CreationCount="318"/><InteractionEvent Delta="null" EndDate="2019-06-12 01:10:49.169 WIB" Interest="6.0" Kind="selection" Navigation="null" OriginId="org.eclipse.cdt.ui.editor.CEditor" StartDate="2019-06-12 00:40:03.619 WIB" StructureHandle="=interp/&amp;lt;src&amp;lt;prolog{term.h[Interp_Prolog#61[Term#65[get_var#71(Var**" StructureKind="c/c++" NumEvents="6" CreationCount="318"/><InteractionEvent Delta="null" EndDate="2019-06-12 01:03:19.179 WIB" Interest="2.0" Kind="edit" Navigation="null" OriginId="org.eclipse.cdt.ui.editor.CEditor" StartDate="2019-06-12 00:41:54.475 WIB" StructureHandle="=interp/&amp;lt;src&amp;lt;prolog{term.cpp[term.h#75" StructureKind="c/c++" NumEvents="2" CreationCount="277"/><InteractionEvent Delta="null" EndDate="2019-06-12 01:03:10.924 WIB" Interest="10.467003" Kind="manipulation" Navigation="null" OriginId="org.eclipse.mylyn.core.model.interest.decay.correction" StartDate="2019-06-12 00:41:54.462 WIB" StructureHandle="=interp/&amp;lt;src&amp;lt;prolog{term.cpp[term.h#75" StructureKind="c/c++" NumEvents="3" CreationCount="277"/><InteractionEvent Delta="null" EndDate="2019-06-12 01:03:19.154 WIB" Interest="8.0" Kind="selection" Navigation="null" OriginId="org.eclipse.cdt.ui.editor.CEditor" StartDate="2019-06-12 00:39:37.10 WIB" StructureHandle="=interp/&amp;lt;src&amp;lt;prolog{term.cpp[term.h#75" StructureKind="c/c++" NumEvents="8" CreationCount="277"/><InteractionEvent Delta="null" EndDate="2019-06-12 00:38:31.699 WIB" Interest="2.0" Kind="edit" Navigation="null" OriginId="org.eclipse.jdt.ui.CompilationUnitEditor" StartDate="2019-06-12 00:38:29.36 WIB" StructureHandle="=java-prolog/src\/main\/java&amp;lt;com.spacetimecat.java.prolog{Var.java" StructureKind="java" NumEvents="2" CreationCount="28"/><InteractionEvent Delta="null" EndDate="2019-06-12 00:38:25.419 WIB" Interest="7.885" Kind="propagation" Navigation="org.eclipse.mylyn.core.model.edges.containment" OriginId="org.eclipse.mylyn.core.model.interest.propagation" StartDate="2019-06-12 00:21:12.174 WIB" StructureHandle="=java-prolog/src\/main\/java&amp;lt;com.spacetimecat.java.prolog{Var.java" StructureKind="java" NumEvents="14" CreationCount="28"/><InteractionEvent Delta="null" EndDate="2019-06-12 00:38:27.702 WIB" Interest="4.0" Kind="selection" Navigation="null" OriginId="org.eclipse.jdt.ui.CompilationUnitEditor" StartDate="2019-06-12 00:21:07.829 WIB" StructureHandle="=java-prolog/src\/main\/java&amp;lt;com.spacetimecat.java.prolog{Var.java" StructureKind="java" NumEvents="4" CreationCount="28"/><InteractionEvent Delta="null" EndDate="2019-06-12 01:01:47.541 WIB" Interest="1.0" Kind="edit" Navigation="null" OriginId="org.eclipse.cdt.ui.editor.CEditor" StartDate="2019-06-12 01:01:47.541 WIB" StructureHandle="=interp/&amp;lt;src&amp;lt;prolog{term.h[Interp_Prolog#61[Term#65[print_debug#71(String*" StructureKind="c/c++"/><InteractionEvent Delta="null" EndDate="2019-06-12 01:01:45.538 WIB" Interest="1.0" Kind="selection" Navigation="null" OriginId="org.eclipse.cdt.ui.editor.CEditor" StartDate="2019-06-12 01:01:45.538 WIB" StructureHandle="=interp/&amp;lt;src&amp;lt;prolog{term.h[Interp_Prolog#61[Term#65[print_debug#71(String*" StructureKind="c/c++"/><InteractionEvent Delta="null" EndDate="2019-06-12 00:21:15.416 WIB" Interest="1.0" Kind="selection" Navigation="null" OriginId="org.eclipse.jdt.ui.CompilationUnitEditor" StartDate="2019-06-12 00:21:15.416 WIB" StructureHandle="=java-prolog/src\/main\/java&amp;lt;com.spacetimecat.java.prolog{Var.java[Var^referent" StructureKind="java"/><InteractionEvent Delta="null" EndDate="2019-06-12 00:51:23.608 WIB" Interest="1.0" Kind="selection" Navigation="null" OriginId="org.eclipse.cdt.ui.editor.CEditor" StartDate="2019-06-12 00:51:23.608 WIB" StructureHandle="=interp/&amp;lt;src&amp;lt;prolog{term.h[..\/array.h#75" StructureKind="c/c++"/><InteractionEvent Delta="null" EndDate="2019-06-12 01:02:25.445 WIB" Interest="10.045001" Kind="manipulation" Navigation="null" OriginId="org.eclipse.mylyn.core.model.interest.decay.correction" StartDate="2019-06-12 00:42:27.646 WIB" StructureHandle="=interp/&amp;lt;src&amp;lt;prolog{term.h[Interp_Prolog#61[Term#65[get_compound#71(const Compound**" StructureKind="c/c++" NumEvents="3" CreationCount="314"/><InteractionEvent Delta="null" EndDate="2019-06-12 01:02:25.445 WIB" Interest="6.0" Kind="selection" Navigation="null" OriginId="org.eclipse.cdt.ui.editor.CEditor" StartDate="2019-06-12 00:39:59.323 WIB" StructureHandle="=interp/&amp;lt;src&amp;lt;prolog{term.h[Interp_Prolog#61[Term#65[get_compound#71(const Compound**" StructureKind="c/c++" NumEvents="6" CreationCount="314"/><InteractionEvent Delta="null" EndDate="2019-06-12 01:24:35.947 WIB" Interest="232.0" Kind="edit" Navigation="null" OriginId="org.eclipse.cdt.ui.editor.CEditor" StartDate="2019-06-11 23:51:34.201 WIB" StructureHandle="=interp/&amp;lt;src&amp;lt;prolog{term.cpp" StructureKind="c/c++" NumEvents="232" CreationCount="2"/><InteractionEvent Delta="null" EndDate="2019-06-11 23:51:34.190 WIB" Interest="0.01700002" Kind="propagation" Navigation="org.eclipse.mylyn.core.model.edges.containment" OriginId="org.eclipse.mylyn.core.model.interest.propagation" StartDate="2019-06-11 23:51:34.190 WIB" StructureHandle="=interp/&amp;lt;src&amp;lt;prolog{term.cpp" StructureKind="c/c++"/><InteractionEvent Delta="null" EndDate="2019-06-12 01:24:35.931 WIB" Interest="42.0" Kind="selection" Navigation="null" OriginId="org.eclipse.cdt.ui.editor.CEditor" StartDate="2019-06-11 23:51:33.484 WIB" StructureHandle="=interp/&amp;lt;src&amp;lt;prolog{term.cpp" StructureKind="c/c++" NumEvents="42" CreationCount="2"/><InteractionEvent Delta="null" EndDate="2019-06-12 00:42:46.373 WIB" Interest="1.0" Kind="selection" Navigation="null" OriginId="org.eclipse.cdt.ui.editor.CEditor" StartDate="2019-06-12 00:42:46.373 WIB" StructureHandle="=interp/&amp;lt;src&amp;lt;prolog{term.h[Interp_Prolog#61[Term#65[get_integer#71(intptr_t*" StructureKind="c/c++"/><InteractionEvent Delta="null" EndDate="2019-06-12 00:41:04.814 WIB" Interest="3.0" Kind="selection" Navigation="null" OriginId="org.eclipse.cdt.ui.editor.CEditor" StartDate="2019-06-12 00:40:50.393 WIB" StructureHandle="=interp/&amp;lt;src&amp;lt;prolog{term.h[Interp_Prolog#61[Term::is_var#70" StructureKind="c/c++" NumEvents="3" CreationCount="368"/><InteractionEvent Delta="null" EndDate="2019-06-12 00:38:31.699 WIB" Interest="25.016998" Kind="propagation" Navigation="org.eclipse.mylyn.core.model.edges.containment" OriginId="org.eclipse.mylyn.core.model.interest.propagation" StartDate="2019-06-12 00:21:05.525 WIB" StructureHandle="/java-prolog/src/main/java/com" StructureKind="resource" NumEvents="26" CreationCount="27"/><InteractionEvent Delta="null" EndDate="2019-06-12 00:21:41.594 WIB" Interest="1.0" Kind="selection" Navigation="null" OriginId="org.eclipse.cdt.ui.editor.CEditor" StartDate="2019-06-12 00:21:41.594 WIB" StructureHandle="=interp/&amp;lt;src&amp;lt;prolog{term.cpp[Interp_Prolog#61[Var#65[is_unbound#70" StructureKind="c/c++"/><InteractionEvent Delta="null" EndDate="2019-06-12 00:48:27.745 WIB" Interest="2.0" Kind="selection" Navigation="null" OriginId="org.eclipse.cdt.ui.editor.CEditor" StartDate="2019-06-12 00:48:13.546 WIB" StructureHandle="=interp/&amp;lt;src&amp;lt;prolog{term.h[Interp_Prolog#61[Var#65[do_print_debug#71(String*" StructureKind="c/c++" NumEvents="2" CreationCount="746"/><InteractionEvent Delta="null" EndDate="2019-06-12 01:24:40.63 WIB" Interest="1768.0" Kind="propagation" Navigation="null" OriginId="org.eclipse.cdt.ui.editor.CEditor" StartDate="2019-06-11 23:51:33.489 WIB" StructureHandle="/interp" StructureKind="resource" NumEvents="1768" CreationCount="1"/><InteractionEvent Delta="null" EndDate="2019-06-12 00:47:02.690 WIB" Interest="1.0" Kind="selection" Navigation="null" OriginId="org.eclipse.cdt.ui.editor.CEditor" StartDate="2019-06-12 00:47:02.690 WIB" StructureHandle="=interp/&amp;lt;src&amp;lt;prolog{term.h[Interp_Prolog#61[Var#65[Var#70(Term*" StructureKind="c/c++"/><InteractionEvent Delta="null" EndDate="2019-06-12 00:46:49.609 WIB" Interest="2.0" Kind="edit" Navigation="null" OriginId="org.eclipse.cdt.ui.editor.CEditor" StartDate="2019-06-12 00:46:48.300 WIB" StructureHandle="=interp/&amp;lt;src&amp;lt;prolog{term.h[Interp_Prolog#61[Var#65[Frame#64" StructureKind="c/c++" NumEvents="2" CreationCount="664"/><InteractionEvent Delta="null" EndDate="2019-06-12 00:46:46.451 WIB" Interest="1.0" Kind="selection" Navigation="null" OriginId="org.eclipse.cdt.ui.editor.CEditor" StartDate="2019-06-12 00:46:46.451 WIB" StructureHandle="=interp/&amp;lt;src&amp;lt;prolog{term.h[Interp_Prolog#61[Var#65[Frame#64" StructureKind="c/c++"/><InteractionEvent Delta="null" EndDate="2019-06-12 00:49:44.929 WIB" Interest="2.0260003" Kind="manipulation" Navigation="null" OriginId="org.eclipse.mylyn.core.model.interest.decay.correction" StartDate="2019-06-12 00:49:44.929 WIB" StructureHandle="=interp/&amp;lt;src&amp;lt;prolog{term.h[Interp_Prolog#61[Var#65[is_unbound#71" StructureKind="c/c++"/><InteractionEvent Delta="null" EndDate="2019-06-12 00:49:44.929 WIB" Interest="2.0" Kind="selection" Navigation="null" OriginId="org.eclipse.cdt.ui.editor.CEditor" StartDate="2019-06-12 00:47:08.439 WIB" StructureHandle="=interp/&amp;lt;src&amp;lt;prolog{term.h[Interp_Prolog#61[Var#65[is_unbound#71" StructureKind="c/c++" NumEvents="2" CreationCount="688"/><InteractionEvent Delta="null" EndDate="2019-06-12 00:38:31.700 WIB" Interest="29.0" Kind="propagation" Navigation="org.eclipse.mylyn.core.model.edges.containment" OriginId="org.eclipse.mylyn.core.model.interest.propagation" StartDate="2019-06-12 00:21:00.112 WIB" StructureHandle="/java-prolog/src/main" StructureKind="resource" NumEvents="29" CreationCount="22"/><InteractionEvent Delta="null" EndDate="2019-06-12 00:42:05.955 WIB" Interest="1.0" Kind="edit" Navigation="null" OriginId="org.eclipse.cdt.ui.editor.CEditor" StartDate="2019-06-12 00:42:05.955 WIB" StructureHandle="=interp/&amp;lt;src&amp;lt;prolog{term.cpp[Interp_Prolog#61[Term::get_integer#70(intptr_t*" StructureKind="c/c++"/><InteractionEvent Delta="null" EndDate="2019-06-12 00:42:05.72 WIB" Interest="1.0" Kind="selection" Navigation="null" OriginId="org.eclipse.cdt.ui.editor.CEditor" StartDate="2019-06-12 00:42:05.72 WIB" StructureHandle="=interp/&amp;lt;src&amp;lt;prolog{term.cpp[Interp_Prolog#61[Term::get_integer#70(intptr_t*" StructureKind="c/c++"/><InteractionEvent Delta="null" EndDate="2019-06-12 01:07:02.517 WIB" Interest="6.0" Kind="edit" Navigation="null" OriginId="org.eclipse.cdt.ui.editor.CEditor" StartDate="2019-06-12 01:06:17.831 WIB" StructureHandle="=interp/&amp;lt;src&amp;lt;prolog{term.h[Interp_Prolog#61[Var#65[as_Var_or_null#71" StructureKind="c/c++" NumEvents="6" CreationCount="1389"/><InteractionEvent Delta="null" EndDate="2019-06-12 01:21:22.357 WIB" Interest="11.0" Kind="selection" Navigation="null" OriginId="org.eclipse.cdt.ui.editor.CEditor" StartDate="2019-06-12 01:06:15.494 WIB" StructureHandle="=interp/&amp;lt;src&amp;lt;prolog{term.h[Interp_Prolog#61[Var#65[as_Var_or_null#71" StructureKind="c/c++" NumEvents="11" CreationCount="1389"/><InteractionEvent Delta="null" EndDate="2019-06-12 00:51:27.710 WIB" Interest="10.0" Kind="edit" Navigation="null" OriginId="org.eclipse.cdt.ui.editor.CEditor" StartDate="2019-06-12 00:40:56.34 WIB" StructureHandle="=interp/&amp;lt;src&amp;lt;prolog{term.h[Interp_Prolog#61" StructureKind="c/c++" NumEvents="10" CreationCount="300"/><InteractionEvent Delta="null" EndDate="2019-06-12 01:24:11.869 WIB" Interest="115.760994" Kind="propagation" Navigation="org.eclipse.mylyn.core.model.edges.containment" OriginId="org.eclipse.mylyn.core.model.interest.propagation" StartDate="2019-06-12 00:39:48.708 WIB" StructureHandle="=interp/&amp;lt;src&amp;lt;prolog{term.h[Interp_Prolog#61" StructureKind="c/c++" NumEvents="158" CreationCount="300"/><InteractionEvent Delta="null" EndDate="2019-06-12 01:24:37.476 WIB" Interest="21.0" Kind="selection" Navigation="null" OriginId="org.eclipse.cdt.ui.editor.CEditor" StartDate="2019-06-12 00:40:55.342 WIB" StructureHandle="=interp/&amp;lt;src&amp;lt;prolog{term.h[Interp_Prolog#61" StructureKind="c/c++" NumEvents="21" CreationCount="300"/><InteractionEvent Delta="null" EndDate="2019-06-12 00:45:48.242 WIB" Interest="1.0" Kind="edit" Navigation="null" OriginId="org.eclipse.cdt.ui.editor.CEditor" StartDate="2019-06-12 00:45:48.242 WIB" StructureHandle="=interp/&amp;lt;src&amp;lt;prolog{term.h[Interp_Prolog#61[String#65[equals#70(const String*" StructureKind="c/c++"/><InteractionEvent Delta="null" EndDate="2019-06-12 00:45:47.627 WIB" Interest="0.03700006" Kind="manipulation" Navigation="null" OriginId="org.eclipse.mylyn.core.model.interest.decay.correction" StartDate="2019-06-12 00:45:47.627 WIB" StructureHandle="=interp/&amp;lt;src&amp;lt;prolog{term.h[Interp_Prolog#61[String#65[equals#70(const String*" StructureKind="c/c++"/><InteractionEvent Delta="null" EndDate="2019-06-12 00:45:47.627 WIB" Interest="2.0" Kind="selection" Navigation="null" OriginId="org.eclipse.cdt.ui.editor.CEditor" StartDate="2019-06-12 00:44:11.952 WIB" StructureHandle="=interp/&amp;lt;src&amp;lt;prolog{term.h[Interp_Prolog#61[String#65[equals#70(const String*" StructureKind="c/c++" NumEvents="2" CreationCount="538"/><InteractionEvent Delta="null" EndDate="2019-06-12 00:51:13.16 WIB" Interest="28.0" Kind="edit" Navigation="null" OriginId="org.eclipse.cdt.ui.editor.CEditor" StartDate="2019-06-12 00:44:01.710 WIB" StructureHandle="=interp/&amp;lt;src&amp;lt;prolog{term.h[Interp_Prolog#61[String#65" StructureKind="c/c++" NumEvents="28" CreationCount="524"/><InteractionEvent Delta="null" EndDate="2019-06-12 01:06:04.13 WIB" Interest="12.0" Kind="selection" Navigation="null" OriginId="org.eclipse.cdt.ui.editor.CEditor" StartDate="2019-06-12 00:44:00.57 WIB" StructureHandle="=interp/&amp;lt;src&amp;lt;prolog{term.h[Interp_Prolog#61[String#65" StructureKind="c/c++" NumEvents="12" CreationCount="524"/><InteractionEvent Delta="null" EndDate="2019-06-12 00:35:23.517 WIB" Interest="1.0" Kind="selection" Navigation="null" OriginId="org.eclipse.cdt.ui.editor.CEditor" StartDate="2019-06-12 00:35:23.517 WIB" StructureHandle="=interp/&amp;lt;src{machine.h[MACHINE_H_INCLUDED_83064c68_bded_42fa_98a4_2d49da24263a#79" StructureKind="c/c++"/><InteractionEvent Delta="null" EndDate="2019-06-12 01:07:50.347 WIB" Interest="1.0" Kind="selection" Navigation="null" OriginId="org.eclipse.cdt.ui.editor.CEditor" StartDate="2019-06-12 01:07:50.347 WIB" StructureHandle="=interp/&amp;lt;src&amp;lt;prolog{term.h[Interp_Prolog#61[String#65[copy_cstr#70(const char*" StructureKind="c/c++"/><InteractionEvent Delta="null" EndDate="2019-06-12 00:47:03.944 WIB" Interest="1.0" Kind="selection" Navigation="null" OriginId="org.eclipse.cdt.ui.editor.CEditor" StartDate="2019-06-12 00:47:03.944 WIB" StructureHandle="=interp/&amp;lt;src&amp;lt;prolog{term.h[Interp_Prolog#61[Var#65[~Var#70" StructureKind="c/c++"/><InteractionEvent Delta="null" EndDate="2019-06-12 00:41:58.435 WIB" Interest="1.0" Kind="selection" Navigation="null" OriginId="org.eclipse.cdt.ui.editor.CEditor" StartDate="2019-06-12 00:41:58.435 WIB" StructureHandle="=interp/&amp;lt;src&amp;lt;prolog{term.cpp[Interp_Prolog#61[Term::is_var#70" StructureKind="c/c++"/><InteractionEvent Delta="null" EndDate="2019-06-12 00:48:12.20 WIB" Interest="3.0" Kind="selection" Navigation="null" OriginId="org.eclipse.cdt.ui.editor.CEditor" StartDate="2019-06-12 00:47:34.111 WIB" StructureHandle="=interp/&amp;lt;src&amp;lt;prolog{term.h[Interp_Prolog#61[Var#65[mark_children#70" StructureKind="c/c++" NumEvents="3" CreationCount="710"/><InteractionEvent Delta="null" EndDate="2019-06-12 01:24:02.845 WIB" Interest="1.0" Kind="edit" Navigation="null" OriginId="org.eclipse.cdt.ui.editor.CEditor" StartDate="2019-06-12 01:24:02.845 WIB" StructureHandle="=interp/&amp;lt;src&amp;lt;prolog{term.h[Interp_Prolog#61[Term#65[get_var#71(const Var**" StructureKind="c/c++"/><InteractionEvent Delta="null" EndDate="2019-06-12 01:23:59.8 WIB" Interest="0.53300023" Kind="manipulation" Navigation="null" OriginId="org.eclipse.mylyn.core.model.interest.decay.correction" StartDate="2019-06-12 01:23:59.8 WIB" StructureHandle="=interp/&amp;lt;src&amp;lt;prolog{term.h[Interp_Prolog#61[Term#65[get_var#71(const Var**" StructureKind="c/c++"/><InteractionEvent Delta="null" EndDate="2019-06-12 01:23:59.8 WIB" Interest="3.0" Kind="selection" Navigation="null" OriginId="org.eclipse.cdt.ui.editor.CEditor" StartDate="2019-06-12 01:10:59.955 WIB" StructureHandle="=interp/&amp;lt;src&amp;lt;prolog{term.h[Interp_Prolog#61[Term#65[get_var#71(const Var**" StructureKind="c/c++" NumEvents="3" CreationCount="1656"/><InteractionEvent Delta="null" EndDate="2019-06-12 00:39:12.548 WIB" Interest="6.0" Kind="edit" Navigation="null" OriginId="org.eclipse.cdt.ui.editor.CEditor" StartDate="2019-06-12 00:38:42.896 WIB" StructureHandle="=interp/&amp;lt;src&amp;lt;prolog{term.cpp[Interp_Prolog#61[Var#65" StructureKind="c/c++" NumEvents="6" CreationCount="137"/><InteractionEvent Delta="null" EndDate="2019-06-12 00:38:39.338 WIB" Interest="0.6150001" Kind="manipulation" Navigation="null" OriginId="org.eclipse.mylyn.core.model.interest.decay.correction" StartDate="2019-06-12 00:38:39.338 WIB" StructureHandle="=interp/&amp;lt;src&amp;lt;prolog{term.cpp[Interp_Prolog#61[Var#65" StructureKind="c/c++"/><InteractionEvent Delta="null" EndDate="2019-06-12 00:39:06.640 WIB" Interest="3.0" Kind="selection" Navigation="null" OriginId="org.eclipse.cdt.ui.editor.CEditor" StartDate="2019-06-12 00:34:38.106 WIB" StructureHandle="=interp/&amp;lt;src&amp;lt;prolog{term.cpp[Interp_Prolog#61[Var#65" StructureKind="c/c++" NumEvents="3" CreationCount="137"/><InteractionEvent Delta="null" EndDate="2019-06-12 00:48:57.17 WIB" Interest="1.0" Kind="edit" Navigation="null" OriginId="org.eclipse.cdt.ui.editor.CEditor" StartDate="2019-06-12 00:48:57.17 WIB" StructureHandle="=interp/&amp;lt;src&amp;lt;prolog{term.h[Interp_Prolog#61[Var::Var#70" StructureKind="c/c++"/><InteractionEvent Delta="null" EndDate="2019-06-12 00:48:56.187 WIB" Interest="0.2750001" Kind="manipulation" Navigation="null" OriginId="org.eclipse.mylyn.core.model.interest.decay.correction" StartDate="2019-06-12 00:48:56.187 WIB" StructureHandle="=interp/&amp;lt;src&amp;lt;prolog{term.h[Interp_Prolog#61[Var::Var#70" StructureKind="c/c++"/><InteractionEvent Delta="null" EndDate="2019-06-12 00:48:56.187 WIB" Interest="2.0" Kind="selection" Navigation="null" OriginId="org.eclipse.cdt.ui.editor.CEditor" StartDate="2019-06-12 00:47:46.367 WIB" StructureHandle="=interp/&amp;lt;src&amp;lt;prolog{term.h[Interp_Prolog#61[Var::Var#70" StructureKind="c/c++" NumEvents="2" CreationCount="716"/><InteractionEvent Delta="null" EndDate="2019-06-12 01:24:40.63 WIB" Interest="1254.0" Kind="propagation" Navigation="null" OriginId="org.eclipse.cdt.ui.editor.CEditor" StartDate="2019-06-12 00:35:02.353 WIB" StructureHandle="/interp/src/prolog/term.h" StructureKind="resource" NumEvents="1254" CreationCount="138"/><InteractionEvent Delta="null" EndDate="2019-06-12 00:38:31.699 WIB" Interest="26.0" Kind="propagation" Navigation="org.eclipse.mylyn.core.model.edges.containment" OriginId="org.eclipse.mylyn.core.model.interest.propagation" StartDate="2019-06-12 00:21:00.112 WIB" StructureHandle="/java-prolog/src" StructureKind="resource" NumEvents="27" CreationCount="22"/><InteractionEvent Delta="null" EndDate="2019-06-12 00:21:03.841 WIB" Interest="2.0" Kind="selection" Navigation="null" OriginId="org.eclipse.ui.navigator.ProjectExplorer" StartDate="2019-06-12 00:21:01.422 WIB" StructureHandle="/java-prolog/src" StructureKind="resource" NumEvents="2" CreationCount="22"/><InteractionEvent Delta="null" EndDate="2019-06-12 00:38:31.699 WIB" Interest="25.016998" Kind="propagation" Navigation="org.eclipse.mylyn.core.model.edges.containment" OriginId="org.eclipse.mylyn.core.model.interest.propagation" StartDate="2019-06-12 00:21:05.524 WIB" StructureHandle="/java-prolog/src/main/java/com/spacetimecat/java/prolog" StructureKind="resource" NumEvents="26" CreationCount="27"/><InteractionEvent Delta="null" EndDate="2019-06-12 00:21:42.869 WIB" Interest="1.0" Kind="selection" Navigation="null" OriginId="org.eclipse.cdt.ui.editor.CEditor" StartDate="2019-06-12 00:21:42.869 WIB" StructureHandle="=interp/&amp;lt;src&amp;lt;prolog{term.cpp[Interp_Prolog#61[Var#65[dereference#70" StructureKind="c/c++"/><InteractionEvent Delta="null" EndDate="2019-06-12 01:24:40.63 WIB" Interest="1766.0" Kind="propagation" Navigation="org.eclipse.mylyn.core.model.edges.containment" OriginId="org.eclipse.mylyn.core.model.interest.propagation" StartDate="2019-06-11 23:51:33.487 WIB" StructureHandle="=interp" StructureKind="resource" NumEvents="1766" CreationCount="1"/><InteractionEvent Delta="null" EndDate="2019-06-12 00:20:58.7 WIB" Interest="2.0" Kind="selection" Navigation="null" OriginId="org.eclipse.ui.navigator.ProjectExplorer" StartDate="2019-06-12 00:20:58.5 WIB" StructureHandle="=interp" StructureKind="java" NumEvents="2" CreationCount="1"/><InteractionEvent Delta="null" EndDate="2019-06-12 00:42:08.104 WIB" Interest="1.0" Kind="selection" Navigation="null" OriginId="org.eclipse.cdt.ui.editor.CEditor" StartDate="2019-06-12 00:42:08.104 WIB" StructureHandle="=interp/&amp;lt;src&amp;lt;prolog{term.cpp[Interp_Prolog#61[Term::get_string#70(const String**" StructureKind="c/c++"/><InteractionEvent Delta="null" EndDate="2019-06-12 00:48:53.846 WIB" Interest="0.10500002" Kind="manipulation" Navigation="null" OriginId="org.eclipse.mylyn.core.model.interest.decay.correction" StartDate="2019-06-12 00:48:53.846 WIB" StructureHandle="=interp/&amp;lt;src&amp;lt;prolog{term.h[Interp_Prolog#61[Var::is_unbound#70" StructureKind="c/c++"/><InteractionEvent Delta="null" EndDate="2019-06-12 00:48:53.846 WIB" Interest="2.0" Kind="selection" Navigation="null" OriginId="org.eclipse.cdt.ui.editor.CEditor" StartDate="2019-06-12 00:47:56.182 WIB" StructureHandle="=interp/&amp;lt;src&amp;lt;prolog{term.h[Interp_Prolog#61[Var::is_unbound#70" StructureKind="c/c++" NumEvents="2" CreationCount="724"/><InteractionEvent Delta="null" EndDate="2019-06-12 00:38:31.700 WIB" Interest="33.0" Kind="propagation" Navigation="null" OriginId="org.eclipse.jdt.ui.CompilationUnitEditor" StartDate="2019-06-12 00:20:58.916 WIB" StructureHandle="/java-prolog" StructureKind="resource" NumEvents="33" CreationCount="21"/><InteractionEvent Delta="null" EndDate="2019-06-12 00:47:48.813 WIB" Interest="1.0" Kind="selection" Navigation="null" OriginId="org.eclipse.cdt.ui.editor.CEditor" StartDate="2019-06-12 00:47:48.813 WIB" StructureHandle="=interp/&amp;lt;src&amp;lt;prolog{term.h[Interp_Prolog#61[Var::Var#70(Term*" StructureKind="c/c++"/><InteractionEvent Delta="null" EndDate="2019-06-12 01:24:40.63 WIB" Interest="494.52896" Kind="propagation" Navigation="org.eclipse.mylyn.core.model.edges.containment" OriginId="org.eclipse.mylyn.core.model.interest.propagation" StartDate="2019-06-11 23:51:33.489 WIB" StructureHandle="=interp/" StructureKind="c/c++" NumEvents="769" CreationCount="1"/><InteractionEvent Delta="null" EndDate="2019-06-12 00:50:12.582 WIB" Interest="5.0" Kind="edit" Navigation="null" OriginId="org.eclipse.cdt.ui.editor.CEditor" StartDate="2019-06-12 00:49:52.308 WIB" StructureHandle="=interp/&amp;lt;src&amp;lt;prolog{term.h[Interp_Prolog#61[Var#65[is_Var#71" StructureKind="c/c++" NumEvents="5" CreationCount="686"/><InteractionEvent Delta="null" EndDate="2019-06-12 00:49:45.440 WIB" Interest="2.094" Kind="manipulation" Navigation="null" OriginId="org.eclipse.mylyn.core.model.interest.decay.correction" StartDate="2019-06-12 00:49:45.440 WIB" StructureHandle="=interp/&amp;lt;src&amp;lt;prolog{term.h[Interp_Prolog#61[Var#65[is_Var#71" StructureKind="c/c++"/><InteractionEvent Delta="null" EndDate="2019-06-12 00:49:51.792 WIB" Interest="3.0" Kind="selection" Navigation="null" OriginId="org.eclipse.cdt.ui.editor.CEditor" StartDate="2019-06-12 00:47:04.755 WIB" StructureHandle="=interp/&amp;lt;src&amp;lt;prolog{term.h[Interp_Prolog#61[Var#65[is_Var#71" StructureKind="c/c++" NumEvents="3" CreationCount="686"/><InteractionEvent Delta="null" EndDate="2019-06-12 01:09:52.162 WIB" Interest="6.0639997" Kind="manipulation" Navigation="null" OriginId="org.eclipse.mylyn.core.model.interest.decay.correction" StartDate="2019-06-12 01:06:47.685 WIB" StructureHandle="=interp/&amp;lt;src&amp;lt;prolog{term.cpp[Interp_Prolog#61[Var::dereference#70" StructureKind="c/c++" NumEvents="2" CreationCount="996"/><InteractionEvent Delta="null" EndDate="2019-06-12 01:09:52.162 WIB" Interest="5.0" Kind="selection" Navigation="null" OriginId="org.eclipse.cdt.ui.editor.CEditor" StartDate="2019-06-12 00:52:32.458 WIB" StructureHandle="=interp/&amp;lt;src&amp;lt;prolog{term.cpp[Interp_Prolog#61[Var::dereference#70" StructureKind="c/c++" NumEvents="5" CreationCount="996"/><InteractionEvent Delta="null" EndDate="2019-06-12 00:47:50.742 WIB" Interest="1.0" Kind="selection" Navigation="null" OriginId="org.eclipse.cdt.ui.editor.CEditor" StartDate="2019-06-12 00:47:50.742 WIB" StructureHandle="=interp/&amp;lt;src&amp;lt;prolog{term.h[Interp_Prolog#61[Var::~Var#70" StructureKind="c/c++"/><InteractionEvent Delta="null" EndDate="2019-06-12 01:11:30.667 WIB" Interest="15.779001" Kind="manipulation" Navigation="null" OriginId="org.eclipse.mylyn.core.model.interest.decay.correction" StartDate="2019-06-12 01:11:30.667 WIB" StructureHandle="=interp/&amp;lt;src&amp;lt;prolog{term.h[Interp_Prolog#61[Var#65[get_var#71(Var**" StructureKind="c/c++"/><InteractionEvent Delta="null" EndDate="2019-06-12 01:11:30.667 WIB" Interest="2.0" Kind="selection" Navigation="null" OriginId="org.eclipse.cdt.ui.editor.CEditor" StartDate="2019-06-12 00:47:10.894 WIB" StructureHandle="=interp/&amp;lt;src&amp;lt;prolog{term.h[Interp_Prolog#61[Var#65[get_var#71(Var**" StructureKind="c/c++" NumEvents="2" CreationCount="694"/><InteractionEvent Delta="null" EndDate="2019-06-12 00:38:31.699 WIB" Interest="26.017" Kind="propagation" Navigation="org.eclipse.mylyn.core.model.edges.containment" OriginId="org.eclipse.mylyn.core.model.interest.propagation" StartDate="2019-06-12 00:21:00.112 WIB" StructureHandle="=java-prolog" StructureKind="resource" NumEvents="30" CreationCount="21"/><InteractionEvent Delta="null" EndDate="2019-06-12 00:36:56.649 WIB" Interest="2.0" Kind="selection" Navigation="null" OriginId="org.eclipse.ui.navigator.ProjectExplorer" StartDate="2019-06-12 00:20:58.916 WIB" StructureHandle="=java-prolog" StructureKind="java" NumEvents="2" CreationCount="21"/><InteractionEvent Delta="null" EndDate="2019-06-12 00:42:31.452 WIB" Interest="1.0" Kind="edit" Navigation="null" OriginId="org.eclipse.cdt.ui.editor.CEditor" StartDate="2019-06-12 00:42:31.452 WIB" StructureHandle="=interp/&amp;lt;src&amp;lt;prolog{term.h[Interp_Prolog#61[Term#65[get_string#71(const String**" StructureKind="c/c++"/><InteractionEvent Delta="null" EndDate="2019-06-12 01:09:23.669 WIB" Interest="16.431002" Kind="manipulation" Navigation="null" OriginId="org.eclipse.mylyn.core.model.interest.decay.correction" StartDate="2019-06-12 00:42:30.260 WIB" StructureHandle="=interp/&amp;lt;src&amp;lt;prolog{term.h[Interp_Prolog#61[Term#65[get_string#71(const String**" StructureKind="c/c++" NumEvents="2" CreationCount="316"/><InteractionEvent Delta="null" EndDate="2019-06-12 01:09:23.669 WIB" Interest="5.0" Kind="selection" Navigation="null" OriginId="org.eclipse.cdt.ui.editor.CEditor" StartDate="2019-06-12 00:40:01.946 WIB" StructureHandle="=interp/&amp;lt;src&amp;lt;prolog{term.h[Interp_Prolog#61[Term#65[get_string#71(const String**" StructureKind="c/c++" NumEvents="5" CreationCount="316"/><InteractionEvent Delta="null" EndDate="2019-06-12 00:47:58.287 WIB" Interest="1.0" Kind="selection" Navigation="null" OriginId="org.eclipse.cdt.ui.editor.CEditor" StartDate="2019-06-12 00:47:58.287 WIB" StructureHandle="=interp/&amp;lt;src&amp;lt;prolog{term.h[Interp_Prolog#61[Var::get_var#70(const Var**" StructureKind="c/c++"/><InteractionEvent Delta="null" EndDate="2019-06-12 00:21:12.173 WIB" Interest="1.0" Kind="selection" Navigation="null" OriginId="org.eclipse.jdt.ui.CompilationUnitEditor" StartDate="2019-06-12 00:21:12.173 WIB" StructureHandle="=java-prolog/src\/main\/java&amp;lt;com.spacetimecat.java.prolog{Var.java[Var~undo" StructureKind="java"/><InteractionEvent Delta="null" EndDate="2019-06-12 01:24:40.63 WIB" Interest="1768.0" Kind="propagation" Navigation="null" OriginId="org.eclipse.cdt.ui.editor.CEditor" StartDate="2019-06-11 23:51:33.487 WIB" StructureHandle="/interp/src" StructureKind="resource" NumEvents="1768" CreationCount="1"/><InteractionEvent Delta="null" EndDate="2019-06-12 01:03:21.997 WIB" Interest="1.0" Kind="edit" Navigation="null" OriginId="org.eclipse.cdt.ui.editor.CEditor" StartDate="2019-06-12 01:03:21.997 WIB" StructureHandle="=interp/&amp;lt;src&amp;lt;prolog{term.cpp[Interp_Prolog#61[Term::get_compound#70(const Compound**" StructureKind="c/c++"/><InteractionEvent Delta="null" EndDate="2019-06-12 01:03:19.764 WIB" Interest="12.243001" Kind="manipulation" Navigation="null" OriginId="org.eclipse.mylyn.core.model.interest.decay.correction" StartDate="2019-06-12 01:03:19.764 WIB" StructureHandle="=interp/&amp;lt;src&amp;lt;prolog{term.cpp[Interp_Prolog#61[Term::get_compound#70(const Compound**" StructureKind="c/c++"/><InteractionEvent Delta="null" EndDate="2019-06-12 01:03:26.527 WIB" Interest="4.0" Kind="selection" Navigation="null" OriginId="org.eclipse.cdt.ui.editor.CEditor" StartDate="2019-06-12 00:42:04.72 WIB" StructureHandle="=interp/&amp;lt;src&amp;lt;prolog{term.cpp[Interp_Prolog#61[Term::get_compound#70(const Compound**" StructureKind="c/c++" NumEvents="4" CreationCount="457"/><InteractionEvent Delta="null" EndDate="2019-06-12 01:24:35.948 WIB" Interest="491.0" Kind="propagation" Navigation="null" OriginId="org.eclipse.cdt.ui.editor.CEditor" StartDate="2019-06-11 23:51:33.487 WIB" StructureHandle="/interp/src/prolog/term.cpp" StructureKind="resource" NumEvents="491" CreationCount="1"/><InteractionEvent Delta="null" EndDate="2019-06-12 00:39:33.434 WIB" Interest="6.0" Kind="edit" Navigation="null" OriginId="org.eclipse.cdt.ui.editor.CEditor" StartDate="2019-06-12 00:05:36.801 WIB" StructureHandle="=interp/&amp;lt;src&amp;lt;prolog{term.cpp[cstdarg#75" StructureKind="c/c++" NumEvents="6" CreationCount="1"/><InteractionEvent Delta="null" EndDate="2019-06-12 00:39:24.292 WIB" Interest="1.3370004" Kind="manipulation" Navigation="null" OriginId="org.eclipse.mylyn.core.model.interest.decay.correction" StartDate="2019-06-12 00:39:24.292 WIB" StructureHandle="=interp/&amp;lt;src&amp;lt;prolog{term.cpp[cstdarg#75" StructureKind="c/c++"/><InteractionEvent Delta="null" EndDate="2019-06-12 00:39:32.416 WIB" Interest="3.0" Kind="selection" Navigation="null" OriginId="org.eclipse.cdt.ui.editor.CEditor" StartDate="2019-06-11 23:51:34.103 WIB" StructureHandle="=interp/&amp;lt;src&amp;lt;prolog{term.cpp[cstdarg#75" StructureKind="c/c++" NumEvents="3" CreationCount="1"/><InteractionEvent Delta="null" EndDate="2019-06-12 00:41:12.128 WIB" Interest="1.0" Kind="selection" Navigation="null" OriginId="org.eclipse.cdt.ui.editor.CEditor" StartDate="2019-06-12 00:41:12.128 WIB" StructureHandle="=interp/&amp;lt;src&amp;lt;prolog{term.h[Interp_Prolog#61[Term::get_integer#70(intptr_t*" StructureKind="c/c++"/><InteractionEvent Delta="null" EndDate="2019-06-12 00:48:53.337 WIB" Interest="3.0" Kind="edit" Navigation="null" OriginId="org.eclipse.cdt.ui.editor.CEditor" StartDate="2019-06-12 00:48:50.413 WIB" StructureHandle="=interp/&amp;lt;src&amp;lt;prolog{term.h[Interp_Prolog#61[Var::do_print_debug#70(String*" StructureKind="c/c++" NumEvents="3" CreationCount="782"/><InteractionEvent Delta="null" EndDate="2019-06-12 00:48:49.90 WIB" Interest="1.0" Kind="selection" Navigation="null" OriginId="org.eclipse.cdt.ui.editor.CEditor" StartDate="2019-06-12 00:48:49.90 WIB" StructureHandle="=interp/&amp;lt;src&amp;lt;prolog{term.h[Interp_Prolog#61[Var::do_print_debug#70(String*" StructureKind="c/c++"/><InteractionEvent Delta="null" EndDate="2019-06-12 01:24:40.63 WIB" Interest="636.0" Kind="edit" Navigation="null" OriginId="org.eclipse.cdt.ui.editor.CEditor" StartDate="2019-06-12 00:35:02.949 WIB" StructureHandle="=interp/&amp;lt;src&amp;lt;prolog{term.h" StructureKind="c/c++" NumEvents="636" CreationCount="138"/><InteractionEvent Delta="null" EndDate="2019-06-12 00:35:02.352 WIB" Interest="1.0" Kind="propagation" Navigation="null" OriginId="org.eclipse.mylyn.resources.ui.interest.updater" StartDate="2019-06-12 00:35:02.352 WIB" StructureHandle="=interp/&amp;lt;src&amp;lt;prolog{term.h" StructureKind="c/c++"/><InteractionEvent Delta="null" EndDate="2019-06-12 01:24:37.459 WIB" Interest="46.0" Kind="selection" Navigation="null" OriginId="org.eclipse.cdt.ui.editor.CEditor" StartDate="2019-06-12 00:35:02.902 WIB" StructureHandle="=interp/&amp;lt;src&amp;lt;prolog{term.h" StructureKind="c/c++" NumEvents="46" CreationCount="138"/></InteractionHistory>