<?xml version="1.0" encoding="UTF-8"?><InteractionHistory Id="local-49" Version="1"><InteractionEvent Delta="null" EndDate="2019-06-25 22:08:09.830 WIB" Interest="705.017" Kind="propagation" Navigation="org.eclipse.mylyn.core.model.edges.containment" OriginId="org.eclipse.mylyn.core.model.interest.propagation" StartDate="2019-06-23 22:56:15.834 WIB" StructureHandle="" StructureKind="java" NumEvents="718" CreationCount="1"/><InteractionEvent Delta="null" EndDate="2019-06-25 22:09:40.206 WIB" Interest="41.0" Kind="propagation" Navigation="null" OriginId="org.eclipse.mylyn.wikitext.ui.editor.markupEditor" StartDate="2019-06-25 21:07:59.415 WIB" StructureHandle="/com.spacetimecat.eclipse.feature/README.md" StructureKind="resource" NumEvents="41" CreationCount="67"/><InteractionEvent Delta="null" EndDate="2019-06-25 22:09:40.205 WIB" Interest="41.0" Kind="edit" Navigation="null" OriginId="org.eclipse.mylyn.wikitext.ui.editor.markupEditor" StartDate="2019-06-25 21:07:59.415 WIB" StructureHandle="/com.spacetimecat.eclipse.feature/README.md" StructureKind="org.eclipse.mylyn.wikitext" NumEvents="41" CreationCount="67"/><InteractionEvent Delta="null" EndDate="2019-06-25 22:08:13.384 WIB" Interest="5.0" Kind="selection" Navigation="null" OriginId="org.eclipse.mylyn.wikitext.ui.editor.markupEditor" StartDate="2019-06-25 21:07:59.397 WIB" StructureHandle="/com.spacetimecat.eclipse.feature/README.md" StructureKind="org.eclipse.mylyn.wikitext" NumEvents="5" CreationCount="67"/><InteractionEvent Delta="null" EndDate="2019-06-25 22:08:13.384 WIB" Interest="6.6760015" Kind="manipulation" Navigation="null" OriginId="org.eclipse.mylyn.core.model.interest.decay.correction" StartDate="2019-06-25 22:08:13.384 WIB" StructureHandle="/com.spacetimecat.eclipse.feature/README.md" StructureKind="org.eclipse.mylyn.wikitext"/><InteractionEvent Delta="null" EndDate="2019-06-25 22:09:01.431 WIB" Interest="28.0" Kind="propagation" Navigation="null" OriginId="org.eclipse.mylyn.resources.ui.interest.updater" StartDate="2019-06-23 23:00:29.558 WIB" StructureHandle="/eclipse" StructureKind="resource" NumEvents="28" CreationCount="15"/><InteractionEvent Delta="null" EndDate="2019-06-25 21:47:56.242 WIB" Interest="8.0" Kind="selection" Navigation="null" OriginId="org.eclipse.pde.ui.manifestEditor" StartDate="2019-06-25 21:47:25.495 WIB" StructureHandle="/org.eclipse.ui/plugin.xml;-1545784314" StructureKind="plugin.xml" NumEvents="8" CreationCount="805"/><InteractionEvent Delta="null" EndDate="2019-06-25 21:22:50.943 WIB" Interest="4.0" Kind="selection" Navigation="null" OriginId="org.eclipse.pde.ui.manifestEditor" StartDate="2019-06-24 00:12:43.640 WIB" StructureHandle="/org.eclipse.ui.workbench/plugin.xml;1209656400" StructureKind="plugin.xml" NumEvents="4" CreationCount="17"/><InteractionEvent Delta="null" EndDate="2019-06-25 21:22:43.462 WIB" Interest="2.6920002" Kind="manipulation" Navigation="null" OriginId="org.eclipse.mylyn.core.model.interest.decay.correction" StartDate="2019-06-25 21:16:01.897 WIB" StructureHandle="/org.eclipse.ui.workbench/plugin.xml;1209656400" StructureKind="plugin.xml" NumEvents="2" CreationCount="17"/><InteractionEvent Delta="null" EndDate="2019-06-25 21:22:59.891 WIB" Interest="11.0" Kind="selection" Navigation="null" OriginId="org.eclipse.pde.ui.manifestEditor" StartDate="2019-06-25 21:15:42.652 WIB" StructureHandle="/org.eclipse.ui/plugin.xml;906840234" StructureKind="plugin.xml" NumEvents="11" CreationCount="193"/><InteractionEvent Delta="null" EndDate="2019-06-25 21:48:18.420 WIB" Interest="323.0" Kind="propagation" Navigation="null" OriginId="org.eclipse.pde.ui.manifestEditor" StartDate="2019-06-25 21:12:27.699 WIB" StructureHandle="/org.eclipse.ui" StructureKind="resource" NumEvents="323" CreationCount="107"/><InteractionEvent Delta="null" EndDate="2019-06-25 21:44:08.922 WIB" Interest="283.0" Kind="propagation" Navigation="null" OriginId="org.eclipse.jdt.ui.CompilationUnitEditor" StartDate="2019-06-25 21:23:52.455 WIB" StructureHandle="/org.eclipse.ui.workbench/Eclipse UI/org/eclipse/ui/internal/handlers/MoveTabLeftHandler.java" StructureKind="resource" NumEvents="283" CreationCount="311"/><InteractionEvent Delta="null" EndDate="2019-06-25 21:45:21.670 WIB" Interest="1.0" Kind="selection" Navigation="null" OriginId="org.eclipse.pde.ui.manifestEditor" StartDate="2019-06-25 21:45:21.670 WIB" StructureHandle="/org.eclipse.ui/plugin.xml;1250015102" StructureKind="plugin.xml"/><InteractionEvent Delta="null" EndDate="2019-06-25 21:33:58.226 WIB" Interest="1.0" Kind="propagation" Navigation="null" OriginId="org.eclipse.mylyn.resources.ui.interest.updater" StartDate="2019-06-25 21:33:58.226 WIB" StructureHandle="/eclipse/eclipse.platform.ui/bundles/org.eclipse.ui.workbench/bin/org/eclipse/ui/IWorkbenchPage.class" StructureKind="resource"/><InteractionEvent Delta="null" EndDate="2019-06-25 21:48:20.257 WIB" Interest="6.7970004" Kind="propagation" Navigation="org.eclipse.mylyn.core.model.edges.containment" OriginId="org.eclipse.mylyn.core.model.interest.propagation" StartDate="2019-06-25 21:33:58.226 WIB" StructureHandle="/eclipse/eclipse.platform.ui/bundles/org.eclipse.ui.workbench/bin" StructureKind="resource" NumEvents="2" CreationCount="504"/><InteractionEvent Delta="null" EndDate="2019-06-25 21:15:54.969 WIB" Interest="2.0" Kind="selection" Navigation="null" OriginId="org.eclipse.pde.ui.manifestEditor" StartDate="2019-06-25 21:15:53.992 WIB" StructureHandle="/org.eclipse.ui/plugin.xml;-847351775" StructureKind="plugin.xml" NumEvents="2" CreationCount="210"/><InteractionEvent Delta="null" EndDate="2019-06-25 21:44:09.839 WIB" Interest="7.919" Kind="propagation" Navigation="org.eclipse.mylyn.core.model.edges.containment" OriginId="org.eclipse.mylyn.core.model.interest.propagation" StartDate="2019-06-25 21:23:52.455 WIB" StructureHandle="/eclipse/eclipse.platform.ui/bundles/org.eclipse.ui.workbench/Eclipse UI/org/eclipse/ui" StructureKind="resource" NumEvents="10" CreationCount="311"/><InteractionEvent Delta="null" EndDate="2019-06-25 21:22:41.493 WIB" Interest="2.0" Kind="prediction" Navigation="null" OriginId="org.eclipse.mylyn.resources.ui.interest.updater" StartDate="2019-06-25 21:14:48.286 WIB" StructureHandle="/eclipse/eclipse.platform.ui/bundles/org.eclipse.ui/plugin.properties" StructureKind="resource" NumEvents="2" CreationCount="161"/><InteractionEvent Delta="null" EndDate="2019-06-25 21:45:27.937 WIB" Interest="1.0" Kind="selection" Navigation="null" OriginId="org.eclipse.pde.ui.manifestEditor" StartDate="2019-06-25 21:45:27.937 WIB" StructureHandle="/org.eclipse.ui/plugin.xml;228888322" StructureKind="plugin.xml"/><InteractionEvent Delta="null" EndDate="2019-06-25 21:48:20.257 WIB" Interest="6.7970004" Kind="propagation" Navigation="org.eclipse.mylyn.core.model.edges.containment" OriginId="org.eclipse.mylyn.core.model.interest.propagation" StartDate="2019-06-25 21:33:58.227 WIB" StructureHandle="/eclipse/eclipse.platform.ui/bundles/org.eclipse.ui.workbench/bin/org/eclipse/ui/internal" StructureKind="resource" NumEvents="2" CreationCount="504"/><InteractionEvent Delta="null" EndDate="2019-06-23 22:59:08.282 WIB" Interest="1.0" Kind="selection" Navigation="null" OriginId="org.eclipse.jdt.ui.PackageExplorer" StartDate="2019-06-23 22:59:08.282 WIB" StructureHandle="=org.eclipse.ui.workbench/Eclipse UI&amp;lt;org.eclipse.ui.internal{AnimatedTabFeedback.java" StructureKind="java"/><InteractionEvent Delta="null" EndDate="2019-06-25 21:23:52.454 WIB" Interest="1.0" Kind="propagation" Navigation="null" OriginId="org.eclipse.mylyn.resources.ui.interest.updater" StartDate="2019-06-25 21:23:52.454 WIB" StructureHandle="=eclipse/eclipse.platform.ui\/bundles\/org.eclipse.ui.workbench\/Eclipse UI\/org\/eclipse\/ui\/internal\/handlers&amp;lt;{MoveTabLeftHandler.java" StructureKind="java"/><InteractionEvent Delta="null" EndDate="2019-06-25 21:42:10.244 WIB" Interest="6.0" Kind="prediction" Navigation="null" OriginId="org.eclipse.mylyn.resources.ui.interest.updater" StartDate="2019-06-25 21:27:32.613 WIB" StructureHandle="=eclipse/eclipse.platform.ui\/bundles\/org.eclipse.ui.workbench\/Eclipse UI\/org\/eclipse\/ui\/internal\/handlers&amp;lt;{MoveTabLeftHandler.java" StructureKind="java" NumEvents="6" CreationCount="311"/><InteractionEvent Delta="null" EndDate="2019-06-25 21:54:10.205 WIB" Interest="3.0" Kind="propagation" Navigation="null" OriginId="org.eclipse.mylyn.resources.ui.interest.updater" StartDate="2019-06-25 21:44:09.839 WIB" StructureHandle="/eclipse/eclipse.platform.ui/bundles/org.eclipse.ui.workbench/Eclipse UI/org/eclipse/ui/internal/handlers/MoveTabHandler.java" StructureKind="resource" NumEvents="3" CreationCount="718"/><InteractionEvent Delta="null" EndDate="2019-06-25 22:08:09.830 WIB" Interest="579.91003" Kind="propagation" Navigation="org.eclipse.mylyn.core.model.edges.containment" OriginId="org.eclipse.mylyn.core.model.interest.propagation" StartDate="2019-06-23 22:56:25.429 WIB" StructureHandle="/org.eclipse.ui.workbench/Eclipse UI/org" StructureKind="resource" NumEvents="583" CreationCount="2"/><InteractionEvent Delta="null" EndDate="2019-06-25 21:44:09.839 WIB" Interest="7.919" Kind="propagation" Navigation="org.eclipse.mylyn.core.model.edges.containment" OriginId="org.eclipse.mylyn.core.model.interest.propagation" StartDate="2019-06-25 21:23:52.456 WIB" StructureHandle="/eclipse/eclipse.platform.ui/bundles/org.eclipse.ui.workbench/Eclipse UI/org" StructureKind="resource" NumEvents="10" CreationCount="311"/><InteractionEvent Delta="null" EndDate="2019-06-25 21:22:50.943 WIB" Interest="4.0" Kind="propagation" Navigation="null" OriginId="org.eclipse.pde.ui.manifestEditor" StartDate="2019-06-24 00:12:43.642 WIB" StructureHandle="/org.eclipse.ui.workbench/plugin.xml" StructureKind="resource" NumEvents="4" CreationCount="17"/><InteractionEvent Delta="null" EndDate="2019-06-25 21:37:34.844 WIB" Interest="27.0" Kind="selection" Navigation="null" OriginId="org.eclipse.pde.ui.manifestEditor" StartDate="2019-06-23 22:59:16.465 WIB" StructureHandle="/org.eclipse.ui.workbench/plugin.xml" StructureKind="plugin.xml" NumEvents="27" CreationCount="17"/><InteractionEvent Delta="null" EndDate="2019-06-25 21:15:35.162 WIB" Interest="1.0" Kind="selection" Navigation="null" OriginId="org.eclipse.pde.ui.manifestEditor" StartDate="2019-06-25 21:15:35.162 WIB" StructureHandle="/org.eclipse.ui/plugin.xml;-656838106" StructureKind="plugin.xml"/><InteractionEvent Delta="null" EndDate="2019-06-25 22:09:40.206 WIB" Interest="81.376" Kind="propagation" Navigation="org.eclipse.mylyn.core.model.edges.containment" OriginId="org.eclipse.mylyn.core.model.interest.propagation" StartDate="2019-06-25 21:07:59.397 WIB" StructureHandle="=com.spacetimecat.eclipse.feature" StructureKind="resource" NumEvents="87" CreationCount="67"/><InteractionEvent Delta="null" EndDate="2019-06-25 21:45:27.264 WIB" Interest="1.0" Kind="selection" Navigation="null" OriginId="org.eclipse.pde.ui.manifestEditor" StartDate="2019-06-25 21:45:27.264 WIB" StructureHandle="/org.eclipse.ui/plugin.xml;742113668" StructureKind="plugin.xml"/><InteractionEvent Delta="null" EndDate="2019-06-25 21:13:06.262 WIB" Interest="2.0" Kind="selection" Navigation="null" OriginId="org.eclipse.pde.ui.manifestEditor" StartDate="2019-06-25 21:12:59.533 WIB" StructureHandle="/org.eclipse.ui/plugin.xml;-751746587" StructureKind="plugin.xml" NumEvents="2" CreationCount="120"/><InteractionEvent Delta="null" EndDate="2019-06-25 21:20:10.936 WIB" Interest="1.0" Kind="selection" Navigation="null" OriginId="org.eclipse.jdt.ui.CompilationUnitEditor" StartDate="2019-06-25 21:20:10.936 WIB" StructureHandle="=org.eclipse.ui.workbench/Eclipse UI&amp;lt;org.eclipse.ui.internal.handlers{WidgetMethodHandler.java[WidgetMethodHandler~setInitializationData~QIConfigurationElement;~QString;~QObject;" StructureKind="java"/><InteractionEvent Delta="null" EndDate="2019-06-25 22:09:01.431 WIB" Interest="1100.0" Kind="propagation" Navigation="null" OriginId="org.eclipse.mylyn.resources.ui.interest.updater" StartDate="2019-06-23 22:56:15.834 WIB" StructureHandle="/" StructureKind="resource" NumEvents="1101" CreationCount="1"/><InteractionEvent Delta="null" EndDate="2019-06-25 21:15:38.640 WIB" Interest="1.0" Kind="selection" Navigation="null" OriginId="org.eclipse.pde.ui.manifestEditor" StartDate="2019-06-25 21:15:38.640 WIB" StructureHandle="/org.eclipse.ui/plugin.xml;-123251835" StructureKind="plugin.xml"/><InteractionEvent Delta="null" EndDate="2019-06-25 21:28:04.811 WIB" Interest="24.0" Kind="propagation" Navigation="null" OriginId="org.eclipse.jdt.ui.CompilationUnitEditor" StartDate="2019-06-25 21:19:47.182 WIB" StructureHandle="/org.eclipse.ui.workbench/Eclipse UI/org/eclipse/ui/internal/handlers/WidgetMethodHandler.java" StructureKind="resource" NumEvents="24" CreationCount="243"/><InteractionEvent Delta="null" EndDate="2019-06-25 21:48:20.257 WIB" Interest="6.7970004" Kind="propagation" Navigation="org.eclipse.mylyn.core.model.edges.containment" OriginId="org.eclipse.mylyn.core.model.interest.propagation" StartDate="2019-06-25 21:33:58.228 WIB" StructureHandle="=eclipse/eclipse.platform.ui\/bundles\/org.eclipse.ui.workbench\/bin\/org\/eclipse\/ui\/internal\/handlers&amp;lt;" StructureKind="java" NumEvents="2" CreationCount="504"/><InteractionEvent Delta="null" EndDate="2019-06-25 21:45:13.694 WIB" Interest="1.0" Kind="selection" Navigation="null" OriginId="org.eclipse.pde.ui.manifestEditor" StartDate="2019-06-25 21:45:13.694 WIB" StructureHandle="/org.eclipse.ui/plugin.xml;-2002165276" StructureKind="plugin.xml"/><InteractionEvent Delta="null" EndDate="2019-06-25 21:44:10.985 WIB" Interest="11.667" Kind="propagation" Navigation="org.eclipse.mylyn.core.model.edges.containment" OriginId="org.eclipse.mylyn.core.model.interest.propagation" StartDate="2019-06-25 21:13:06.264 WIB" StructureHandle="/org.eclipse.ui/plugin.xml;376652357" StructureKind="plugin.xml" NumEvents="14" CreationCount="114"/><InteractionEvent Delta="null" EndDate="2019-06-25 21:45:29.690 WIB" Interest="12.0" Kind="selection" Navigation="null" OriginId="org.eclipse.pde.ui.manifestEditor" StartDate="2019-06-25 21:12:56.253 WIB" StructureHandle="/org.eclipse.ui/plugin.xml;376652357" StructureKind="plugin.xml" NumEvents="12" CreationCount="114"/><InteractionEvent Delta="null" EndDate="2019-06-25 21:33:58.228 WIB" Interest="1.0" Kind="propagation" Navigation="null" OriginId="org.eclipse.mylyn.resources.ui.interest.updater" StartDate="2019-06-25 21:33:58.228 WIB" StructureHandle="=eclipse/eclipse.platform.ui\/bundles\/org.eclipse.ui.workbench\/bin\/org\/eclipse\/ui\/internal\/handlers&amp;lt;(MoveTabLeftHandler.class" StructureKind="java"/><InteractionEvent Delta="null" EndDate="2019-06-25 21:27:55.698 WIB" Interest="1.0" Kind="propagation" Navigation="org.eclipse.mylyn.core.model.edges.containment" OriginId="org.eclipse.mylyn.core.model.interest.propagation" StartDate="2019-06-25 21:27:55.698 WIB" StructureHandle="=eclipse/eclipse.platform.ui\/bundles\/org.eclipse.ui.workbench\/Eclipse UI\/org\/eclipse\/ui" StructureKind="java"/><InteractionEvent Delta="null" EndDate="2019-06-25 21:54:34.950 WIB" Interest="43.0" Kind="edit" Navigation="null" OriginId="org.eclipse.jdt.ui.CompilationUnitEditor" StartDate="2019-06-25 21:44:46.334 WIB" StructureHandle="=org.eclipse.ui.workbench/Eclipse UI&amp;lt;org.eclipse.ui.internal.handlers{MoveTabHandler.java[MoveTabHandler~execute~QExecutionEvent;" StructureKind="java" NumEvents="43" CreationCount="726"/><InteractionEvent Delta="null" EndDate="2019-06-25 22:04:32.461 WIB" Interest="11.0" Kind="selection" Navigation="null" OriginId="org.eclipse.jdt.ui.CompilationUnitEditor" StartDate="2019-06-25 21:44:40.543 WIB" StructureHandle="=org.eclipse.ui.workbench/Eclipse UI&amp;lt;org.eclipse.ui.internal.handlers{MoveTabHandler.java[MoveTabHandler~execute~QExecutionEvent;" StructureKind="java" NumEvents="11" CreationCount="726"/><InteractionEvent Delta="null" EndDate="2019-06-25 21:48:06.980 WIB" Interest="0.13600004" Kind="manipulation" Navigation="null" OriginId="org.eclipse.mylyn.core.model.interest.decay.correction" StartDate="2019-06-25 21:48:06.980 WIB" StructureHandle="=org.eclipse.ui.workbench/Eclipse UI&amp;lt;org.eclipse.ui.internal.handlers{MoveTabHandler.java[MoveTabHandler~execute~QExecutionEvent;" StructureKind="java"/><InteractionEvent Delta="null" EndDate="2019-06-23 22:59:06.620 WIB" Interest="1.0" Kind="propagation" Navigation="null" OriginId="org.eclipse.jdt.ui.PackageExplorer" StartDate="2019-06-23 22:59:06.620 WIB" StructureHandle="/org.eclipse.ui.workbench/Eclipse UI/org/eclipse/ui/internal/SaveablesList.java" StructureKind="resource"/><InteractionEvent Delta="null" EndDate="2019-06-25 21:08:17.330 WIB" Interest="2.0" Kind="propagation" Navigation="org.eclipse.mylyn.core.model.edges.containment" OriginId="org.eclipse.mylyn.core.model.interest.propagation" StartDate="2019-06-25 21:07:58.373 WIB" StructureHandle="/eclipse/README.md;&amp;lt;root&amp;gt;" StructureKind="org.eclipse.mylyn.wikitext" NumEvents="2" CreationCount="66"/><InteractionEvent Delta="null" EndDate="2019-06-25 21:54:10.205 WIB" Interest="9.919001" Kind="propagation" Navigation="null" OriginId="org.eclipse.mylyn.resources.ui.interest.updater" StartDate="2019-06-25 21:23:52.455 WIB" StructureHandle="/eclipse/eclipse.platform.ui/bundles/org.eclipse.ui.workbench/Eclipse UI/org/eclipse/ui/internal/handlers" StructureKind="resource" NumEvents="10" CreationCount="311"/><InteractionEvent Delta="null" EndDate="2019-06-25 22:08:09.830 WIB" Interest="579.91003" Kind="propagation" Navigation="org.eclipse.mylyn.core.model.edges.containment" OriginId="org.eclipse.mylyn.core.model.interest.propagation" StartDate="2019-06-23 22:56:25.429 WIB" StructureHandle="/org.eclipse.ui.workbench/Eclipse UI/org/eclipse/ui" StructureKind="resource" NumEvents="583" CreationCount="2"/><InteractionEvent Delta="null" EndDate="2019-06-25 21:19:58.646 WIB" Interest="1.0" Kind="selection" Navigation="null" OriginId="org.eclipse.jdt.ui.CompilationUnitEditor" StartDate="2019-06-25 21:19:58.646 WIB" StructureHandle="=org.eclipse.ui.workbench/Eclipse UI&amp;lt;org.eclipse.ui.internal.handlers{WidgetMethodHandler.java[WidgetMethodHandler^methodName" StructureKind="java"/><InteractionEvent Delta="null" EndDate="2019-06-25 21:19:40.263 WIB" Interest="2.817" Kind="propagation" Navigation="org.eclipse.mylyn.core.model.edges.containment" OriginId="org.eclipse.mylyn.core.model.interest.propagation" StartDate="2019-06-25 21:18:51.569 WIB" StructureHandle="=org.eclipse.ui.workbench/Eclipse UI&amp;lt;org.eclipse.ui.internal.handlers{TraversePageHandler.java[TraversePageHandler" StructureKind="java" NumEvents="5" CreationCount="234"/><InteractionEvent Delta="null" EndDate="2019-06-25 21:23:20.291 WIB" Interest="6.0" Kind="edit" Navigation="null" OriginId="org.eclipse.jdt.ui.CompilationUnitEditor" StartDate="2019-06-25 21:20:15.67 WIB" StructureHandle="=org.eclipse.ui.workbench/Eclipse UI&amp;lt;org.eclipse.ui.internal.handlers{TraversePageHandler.java[TraversePageHandler" StructureKind="java" NumEvents="6" CreationCount="234"/><InteractionEvent Delta="null" EndDate="2019-06-25 21:28:07.713 WIB" Interest="5.0" Kind="selection" Navigation="null" OriginId="org.eclipse.jdt.ui.CompilationUnitEditor" StartDate="2019-06-25 21:18:50.164 WIB" StructureHandle="=org.eclipse.ui.workbench/Eclipse UI&amp;lt;org.eclipse.ui.internal.handlers{TraversePageHandler.java[TraversePageHandler" StructureKind="java" NumEvents="5" CreationCount="234"/><InteractionEvent Delta="null" EndDate="2019-06-25 21:08:17.330 WIB" Interest="2.0" Kind="propagation" Navigation="org.eclipse.mylyn.core.model.edges.containment" OriginId="org.eclipse.mylyn.core.model.interest.propagation" StartDate="2019-06-25 21:07:58.373 WIB" StructureHandle="/eclipse/README.md;a-copy-of-some-eclipse-repositories" StructureKind="org.eclipse.mylyn.wikitext" NumEvents="2" CreationCount="66"/><InteractionEvent Delta="null" EndDate="2019-06-25 21:33:58.228 WIB" Interest="1.0" Kind="propagation" Navigation="null" OriginId="org.eclipse.mylyn.resources.ui.interest.updater" StartDate="2019-06-25 21:33:58.228 WIB" StructureHandle="/eclipse/eclipse.platform.ui/bundles/org.eclipse.ui.workbench/bin/org/eclipse/ui/internal/handlers/MoveTabLeftHandler.class" StructureKind="resource"/><InteractionEvent Delta="null" EndDate="2019-06-25 21:48:20.257 WIB" Interest="6.7970004" Kind="propagation" Navigation="org.eclipse.mylyn.core.model.edges.containment" OriginId="org.eclipse.mylyn.core.model.interest.propagation" StartDate="2019-06-25 21:33:58.228 WIB" StructureHandle="=eclipse/eclipse.platform.ui\/bundles\/org.eclipse.ui.workbench\/bin\/org\/eclipse\/ui\/internal\/handlers" StructureKind="java" NumEvents="2" CreationCount="504"/><InteractionEvent Delta="null" EndDate="2019-06-23 22:59:06.619 WIB" Interest="1.0" Kind="selection" Navigation="null" OriginId="org.eclipse.jdt.ui.PackageExplorer" StartDate="2019-06-23 22:59:06.619 WIB" StructureHandle="=org.eclipse.ui.workbench/Eclipse UI&amp;lt;org.eclipse.ui.internal{SaveablesList.java" StructureKind="java"/><InteractionEvent Delta="null" EndDate="2019-06-25 22:08:09.830 WIB" Interest="146.95099" Kind="propagation" Navigation="org.eclipse.mylyn.core.model.edges.containment" OriginId="org.eclipse.mylyn.core.model.interest.propagation" StartDate="2019-06-25 21:35:27.818 WIB" StructureHandle="=org.eclipse.ui.workbench/Eclipse UI&amp;lt;org.eclipse.ui.internal{WorkbenchPage.java[WorkbenchPage" StructureKind="java" NumEvents="207" CreationCount="4"/><InteractionEvent Delta="null" EndDate="2019-06-25 21:08:44.853 WIB" Interest="15.0" Kind="edit" Navigation="null" OriginId="org.eclipse.jdt.ui.CompilationUnitEditor" StartDate="2019-06-23 22:58:39.272 WIB" StructureHandle="=org.eclipse.ui.workbench/Eclipse UI&amp;lt;org.eclipse.ui.internal{WorkbenchPage.java[WorkbenchPage" StructureKind="java" NumEvents="15" CreationCount="4"/><InteractionEvent Delta="null" EndDate="2019-06-25 21:34:07.222 WIB" Interest="8.0" Kind="selection" Navigation="null" OriginId="org.eclipse.jdt.ui.CompilationUnitEditor" StartDate="2019-06-23 22:56:26.272 WIB" StructureHandle="=org.eclipse.ui.workbench/Eclipse UI&amp;lt;org.eclipse.ui.internal{WorkbenchPage.java[WorkbenchPage" StructureKind="java" NumEvents="8" CreationCount="4"/><InteractionEvent Delta="null" EndDate="2019-06-25 21:48:20.257 WIB" Interest="15.059001" Kind="propagation" Navigation="org.eclipse.mylyn.core.model.edges.containment" OriginId="org.eclipse.mylyn.core.model.interest.propagation" StartDate="2019-06-23 23:00:29.556 WIB" StructureHandle="/eclipse/eclipse.platform.ui" StructureKind="resource" NumEvents="15" CreationCount="18"/><InteractionEvent Delta="null" EndDate="2019-06-25 21:22:50.943 WIB" Interest="6.675" Kind="propagation" Navigation="org.eclipse.mylyn.core.model.edges.containment" OriginId="org.eclipse.mylyn.core.model.interest.propagation" StartDate="2019-06-24 00:12:43.641 WIB" StructureHandle="/org.eclipse.ui.workbench/plugin.xml;-985174221" StructureKind="plugin.xml" NumEvents="4" CreationCount="18"/><InteractionEvent Delta="null" EndDate="2019-06-25 21:45:55.405 WIB" Interest="3.0" Kind="selection" Navigation="null" OriginId="org.eclipse.pde.ui.manifestEditor" StartDate="2019-06-25 21:28:09.438 WIB" StructureHandle="/org.eclipse.ui/plugin.xml;-1137338144" StructureKind="plugin.xml" NumEvents="3" CreationCount="427"/><InteractionEvent Delta="null" EndDate="2019-06-25 21:45:55.405 WIB" Interest="3.9670005" Kind="manipulation" Navigation="null" OriginId="org.eclipse.mylyn.core.model.interest.decay.correction" StartDate="2019-06-25 21:33:44.311 WIB" StructureHandle="/org.eclipse.ui/plugin.xml;-1137338144" StructureKind="plugin.xml" NumEvents="2" CreationCount="427"/><InteractionEvent Delta="null" EndDate="2019-06-25 22:02:14.786 WIB" Interest="10.0" Kind="prediction" Navigation="null" OriginId="org.eclipse.mylyn.resources.ui.interest.updater" StartDate="2019-06-25 21:34:07.859 WIB" StructureHandle="=eclipse/eclipse.platform.ui\/bundles\/org.eclipse.ui.workbench\/Eclipse UI\/org\/eclipse\/ui\/internal&amp;lt;{WorkbenchPage.java" StructureKind="java" NumEvents="10" CreationCount="508"/><InteractionEvent Delta="null" EndDate="2019-06-25 21:44:08.922 WIB" Interest="158.634" Kind="propagation" Navigation="org.eclipse.mylyn.core.model.edges.containment" OriginId="org.eclipse.mylyn.core.model.interest.propagation" StartDate="2019-06-25 21:23:52.453 WIB" StructureHandle="=org.eclipse.ui.workbench/Eclipse UI&amp;lt;org.eclipse.ui.internal.handlers{MoveTabLeftHandler.java" StructureKind="java" NumEvents="232" CreationCount="311"/><InteractionEvent Delta="null" EndDate="2019-06-25 22:04:32.443 WIB" Interest="31.0" Kind="selection" Navigation="null" OriginId="org.eclipse.jdt.ui.CompilationUnitEditor" StartDate="2019-06-25 21:23:53.488 WIB" StructureHandle="=org.eclipse.ui.workbench/Eclipse UI&amp;lt;org.eclipse.ui.internal.handlers{MoveTabHandler.java" StructureKind="java" NumEvents="31" CreationCount="311"/><InteractionEvent Delta="null" EndDate="2019-06-25 21:45:19.606 WIB" Interest="1.0" Kind="selection" Navigation="null" OriginId="org.eclipse.pde.ui.manifestEditor" StartDate="2019-06-25 21:45:19.606 WIB" StructureHandle="/org.eclipse.ui/plugin.xml;1663496785" StructureKind="plugin.xml"/><InteractionEvent Delta="null" EndDate="2019-06-25 22:08:09.830 WIB" Interest="207.0" Kind="edit" Navigation="null" OriginId="org.eclipse.jdt.ui.CompilationUnitEditor" StartDate="2019-06-25 21:35:00.328 WIB" StructureHandle="=org.eclipse.ui.workbench/Eclipse UI&amp;lt;org.eclipse.ui.internal{WorkbenchPage.java[WorkbenchPage~movePartBy~QIWorkbenchPart;~I" StructureKind="java" NumEvents="207" CreationCount="507"/><InteractionEvent Delta="null" EndDate="2019-06-25 22:04:33.39 WIB" Interest="12.0" Kind="selection" Navigation="null" OriginId="org.eclipse.jdt.ui.CompilationUnitEditor" StartDate="2019-06-25 21:34:04.516 WIB" StructureHandle="=org.eclipse.ui.workbench/Eclipse UI&amp;lt;org.eclipse.ui.internal{WorkbenchPage.java[WorkbenchPage~movePartBy~QIWorkbenchPart;~I" StructureKind="java" NumEvents="12" CreationCount="507"/><InteractionEvent Delta="null" EndDate="2019-06-25 21:15:16.740 WIB" Interest="1.0" Kind="selection" Navigation="null" OriginId="org.eclipse.pde.ui.manifestEditor" StartDate="2019-06-25 21:15:16.740 WIB" StructureHandle="/org.eclipse.ui/plugin.xml;1479553016" StructureKind="plugin.xml"/><InteractionEvent Delta="null" EndDate="2019-06-25 21:21:13.45 WIB" Interest="2.0" Kind="selection" Navigation="null" OriginId="org.eclipse.pde.ui.manifestEditor" StartDate="2019-06-25 21:20:24.876 WIB" StructureHandle="/org.eclipse.ui/plugin.xml;1745062112" StructureKind="plugin.xml" NumEvents="2" CreationCount="263"/><InteractionEvent Delta="null" EndDate="2019-06-25 21:08:48.333 WIB" Interest="0.7170003" Kind="propagation" Navigation="org.eclipse.mylyn.core.model.edges.containment" OriginId="org.eclipse.mylyn.core.model.interest.propagation" StartDate="2019-06-25 21:08:34.733 WIB" StructureHandle="=org.eclipse.ui.workbench/Eclipse UI&amp;lt;org.eclipse.ui{IWorkbenchPage.java" StructureKind="java" NumEvents="3" CreationCount="89"/><InteractionEvent Delta="null" EndDate="2019-06-25 21:27:55.102 WIB" Interest="6.0" Kind="selection" Navigation="null" OriginId="org.eclipse.jdt.ui.CompilationUnitEditor" StartDate="2019-06-25 21:08:34.710 WIB" StructureHandle="=org.eclipse.ui.workbench/Eclipse UI&amp;lt;org.eclipse.ui{IWorkbenchPage.java" StructureKind="java" NumEvents="6" CreationCount="89"/><InteractionEvent Delta="null" EndDate="2019-06-25 21:27:50.815 WIB" Interest="1.7230003" Kind="manipulation" Navigation="null" OriginId="org.eclipse.mylyn.core.model.interest.decay.correction" StartDate="2019-06-25 21:27:50.815 WIB" StructureHandle="=org.eclipse.ui.workbench/Eclipse UI&amp;lt;org.eclipse.ui{IWorkbenchPage.java" StructureKind="java"/><InteractionEvent Delta="null" EndDate="2019-06-25 21:47:45.974 WIB" Interest="1.0" Kind="selection" Navigation="null" OriginId="org.eclipse.pde.ui.manifestEditor" StartDate="2019-06-25 21:47:45.974 WIB" StructureHandle="/org.eclipse.ui/plugin.xml;-1064155429" StructureKind="plugin.xml"/><InteractionEvent Delta="null" EndDate="2019-06-25 21:25:11.417 WIB" Interest="3.0" Kind="edit" Navigation="null" OriginId="org.eclipse.jdt.ui.CompilationUnitEditor" StartDate="2019-06-25 21:20:08.632 WIB" StructureHandle="=org.eclipse.ui.workbench/Eclipse UI&amp;lt;org.eclipse.ui.internal.handlers{WidgetMethodHandler.java[WidgetMethodHandler~getMethodToExecute" StructureKind="java" NumEvents="3" CreationCount="247"/><InteractionEvent Delta="null" EndDate="2019-06-25 21:28:04.811 WIB" Interest="9.0" Kind="selection" Navigation="null" OriginId="org.eclipse.jdt.ui.CompilationUnitEditor" StartDate="2019-06-25 21:19:55.656 WIB" StructureHandle="=org.eclipse.ui.workbench/Eclipse UI&amp;lt;org.eclipse.ui.internal.handlers{WidgetMethodHandler.java[WidgetMethodHandler~getMethodToExecute" StructureKind="java" NumEvents="9" CreationCount="247"/><InteractionEvent Delta="null" EndDate="2019-06-25 21:48:20.257 WIB" Interest="14.753001" Kind="propagation" Navigation="org.eclipse.mylyn.core.model.edges.containment" OriginId="org.eclipse.mylyn.core.model.interest.propagation" StartDate="2019-06-23 23:00:29.555 WIB" StructureHandle="/eclipse/eclipse.platform.ui/bundles" StructureKind="resource" NumEvents="15" CreationCount="36"/><InteractionEvent Delta="null" EndDate="2019-06-25 21:47:33.305 WIB" Interest="1.0" Kind="selection" Navigation="null" OriginId="org.eclipse.pde.ui.manifestEditor" StartDate="2019-06-25 21:47:33.305 WIB" StructureHandle="/org.eclipse.ui/plugin.xml;541809532" StructureKind="plugin.xml"/><InteractionEvent Delta="null" EndDate="2019-06-25 21:23:20.292 WIB" Interest="3.0509999" Kind="propagation" Navigation="org.eclipse.mylyn.core.model.edges.containment" OriginId="org.eclipse.mylyn.core.model.interest.propagation" StartDate="2019-06-25 21:19:35.128 WIB" StructureHandle="=org.eclipse.ui.workbench/Eclipse UI&amp;lt;org.eclipse.ui.internal.handlers{TraversePageHandler.java" StructureKind="java" NumEvents="6" CreationCount="232"/><InteractionEvent Delta="null" EndDate="2019-06-25 21:28:07.692 WIB" Interest="9.0" Kind="selection" Navigation="null" OriginId="org.eclipse.jdt.ui.CompilationUnitEditor" StartDate="2019-06-25 21:18:49.466 WIB" StructureHandle="=org.eclipse.ui.workbench/Eclipse UI&amp;lt;org.eclipse.ui.internal.handlers{TraversePageHandler.java" StructureKind="java" NumEvents="9" CreationCount="232"/><InteractionEvent Delta="null" EndDate="2019-06-25 22:08:09.830 WIB" Interest="703.017" Kind="propagation" Navigation="org.eclipse.mylyn.core.model.edges.containment" OriginId="org.eclipse.mylyn.core.model.interest.propagation" StartDate="2019-06-23 22:56:25.429 WIB" StructureHandle="=org.eclipse.ui.workbench" StructureKind="resource" NumEvents="707" CreationCount="1"/><InteractionEvent Delta="null" EndDate="2019-06-23 23:13:34.219 WIB" Interest="2.0" Kind="selection" Navigation="null" OriginId="org.eclipse.jdt.ui.PackageExplorer" StartDate="2019-06-23 22:56:15.834 WIB" StructureHandle="=org.eclipse.ui.workbench" StructureKind="java" NumEvents="2" CreationCount="1"/><InteractionEvent Delta="null" EndDate="2019-06-25 21:45:15.348 WIB" Interest="1.0" Kind="selection" Navigation="null" OriginId="org.eclipse.pde.ui.manifestEditor" StartDate="2019-06-25 21:45:15.348 WIB" StructureHandle="/org.eclipse.ui/plugin.xml;705568640" StructureKind="plugin.xml"/><InteractionEvent Delta="null" EndDate="2019-06-25 21:27:55.102 WIB" Interest="8.440001" Kind="propagation" Navigation="org.eclipse.mylyn.core.model.edges.containment" OriginId="org.eclipse.mylyn.core.model.interest.propagation" StartDate="2019-06-25 21:08:34.711 WIB" StructureHandle="=org.eclipse.ui.workbench/Eclipse UI&amp;lt;org.eclipse.ui" StructureKind="java" NumEvents="11" CreationCount="89"/><InteractionEvent Delta="null" EndDate="2019-06-25 21:44:05.63 WIB" Interest="237.0" Kind="edit" Navigation="null" OriginId="org.eclipse.jdt.ui.CompilationUnitEditor" StartDate="2019-06-25 21:23:58.950 WIB" StructureHandle="=org.eclipse.ui.workbench/Eclipse UI&amp;lt;org.eclipse.ui.internal.handlers{MoveTabLeftHandler.java[MoveTabLeftHandler~execute~QExecutionEvent;" StructureKind="java" NumEvents="237" CreationCount="313"/><InteractionEvent Delta="null" EndDate="2019-06-25 21:39:36.282 WIB" Interest="14.0" Kind="selection" Navigation="null" OriginId="org.eclipse.jdt.ui.CompilationUnitEditor" StartDate="2019-06-25 21:23:55.560 WIB" StructureHandle="=org.eclipse.ui.workbench/Eclipse UI&amp;lt;org.eclipse.ui.internal.handlers{MoveTabLeftHandler.java[MoveTabLeftHandler~execute~QExecutionEvent;" StructureKind="java" NumEvents="14" CreationCount="313"/><InteractionEvent Delta="null" EndDate="2019-06-25 21:12:57.637 WIB" Interest="1.0" Kind="selection" Navigation="null" OriginId="org.eclipse.pde.ui.manifestEditor" StartDate="2019-06-25 21:12:57.637 WIB" StructureHandle="/org.eclipse.ui/plugin.xml;102789081" StructureKind="plugin.xml"/><InteractionEvent Delta="null" EndDate="2019-06-25 21:48:20.257 WIB" Interest="14.549001" Kind="propagation" Navigation="org.eclipse.mylyn.core.model.edges.containment" OriginId="org.eclipse.mylyn.core.model.interest.propagation" StartDate="2019-06-23 23:00:29.555 WIB" StructureHandle="/eclipse/eclipse.platform.ui/bundles/org.eclipse.ui.workbench" StructureKind="resource" NumEvents="13" CreationCount="48"/><InteractionEvent Delta="null" EndDate="2019-06-25 22:04:32.444 WIB" Interest="190.97699" Kind="propagation" Navigation="org.eclipse.mylyn.core.model.edges.containment" OriginId="org.eclipse.mylyn.core.model.interest.propagation" StartDate="2019-06-25 21:18:49.466 WIB" StructureHandle="=org.eclipse.ui.workbench/Eclipse UI&amp;lt;org.eclipse.ui.internal.handlers" StructureKind="java" NumEvents="274" CreationCount="232"/><InteractionEvent Delta="null" EndDate="2019-06-25 22:08:09.830 WIB" Interest="270.0" Kind="propagation" Navigation="null" OriginId="org.eclipse.jdt.ui.CompilationUnitEditor" StartDate="2019-06-23 22:56:25.429 WIB" StructureHandle="/org.eclipse.ui.workbench/Eclipse UI/org/eclipse/ui/internal/WorkbenchPage.java" StructureKind="resource" NumEvents="270" CreationCount="2"/><InteractionEvent Delta="null" EndDate="2019-06-25 21:08:17.330 WIB" Interest="2.0" Kind="selection" Navigation="null" OriginId="org.eclipse.mylyn.wikitext.ui.editor.markupEditor" StartDate="2019-06-25 21:07:58.372 WIB" StructureHandle="/eclipse/README.md;my-customizations" StructureKind="org.eclipse.mylyn.wikitext" NumEvents="2" CreationCount="66"/><InteractionEvent Delta="null" EndDate="2019-06-25 21:19:51.409 WIB" Interest="1.0" Kind="selection" Navigation="null" OriginId="org.eclipse.jdt.ui.CompilationUnitEditor" StartDate="2019-06-25 21:19:51.409 WIB" StructureHandle="=org.eclipse.ui.workbench/Eclipse UI&amp;lt;org.eclipse.ui.internal.handlers{WidgetMethodHandler.java[WidgetMethodHandler~WidgetMethodHandler" StructureKind="java"/><InteractionEvent Delta="null" EndDate="2019-06-23 23:00:30.638 WIB" Interest="11.0" Kind="edit" Navigation="null" OriginId="org.eclipse.jdt.ui.PropertiesFileEditor" StartDate="2019-06-23 22:59:23.103 WIB" StructureHandle="/org.eclipse.ui.workbench/plugin.properties" StructureKind="resource" NumEvents="11" CreationCount="22"/><InteractionEvent Delta="null" EndDate="2019-06-23 23:41:57.611 WIB" Interest="4.0" Kind="selection" Navigation="null" OriginId="org.eclipse.jdt.ui.PackageExplorer" StartDate="2019-06-23 22:59:22.673 WIB" StructureHandle="/org.eclipse.ui.workbench/plugin.properties" StructureKind="resource" NumEvents="4" CreationCount="22"/><InteractionEvent Delta="null" EndDate="2019-06-25 21:33:58.227 WIB" Interest="1.0" Kind="propagation" Navigation="org.eclipse.mylyn.core.model.edges.containment" OriginId="org.eclipse.mylyn.core.model.interest.propagation" StartDate="2019-06-25 21:33:58.227 WIB" StructureHandle="=eclipse/eclipse.platform.ui\/bundles\/org.eclipse.ui.workbench\/bin\/org\/eclipse\/ui\/internal" StructureKind="java"/><InteractionEvent Delta="null" EndDate="2019-06-25 21:45:49.848 WIB" Interest="1.0" Kind="selection" Navigation="null" OriginId="org.eclipse.pde.ui.manifestEditor" StartDate="2019-06-25 21:45:49.848 WIB" StructureHandle="/org.eclipse.ui/plugin.xml;-503426223" StructureKind="plugin.xml"/><InteractionEvent Delta="null" EndDate="2019-06-25 21:44:10.984 WIB" Interest="15.0" Kind="selection" Navigation="null" OriginId="org.eclipse.pde.ui.manifestEditor" StartDate="2019-06-25 21:37:06.216 WIB" StructureHandle="/org.eclipse.ui/plugin.xml;1389653106" StructureKind="plugin.xml" NumEvents="15" CreationCount="565"/><InteractionEvent Delta="null" EndDate="2019-06-25 22:08:09.830 WIB" Interest="749.0" Kind="propagation" Navigation="null" OriginId="org.eclipse.jdt.ui.CompilationUnitEditor" StartDate="2019-06-23 22:56:15.834 WIB" StructureHandle="/org.eclipse.ui.workbench" StructureKind="resource" NumEvents="749" CreationCount="1"/><InteractionEvent Delta="null" EndDate="2019-06-25 21:46:05.407 WIB" Interest="5.0" Kind="selection" Navigation="null" OriginId="org.eclipse.pde.ui.manifestEditor" StartDate="2019-06-25 21:45:58.39 WIB" StructureHandle="/org.eclipse.ui/plugin.xml;1093100887" StructureKind="plugin.xml" NumEvents="5" CreationCount="783"/><InteractionEvent Delta="null" EndDate="2019-06-23 22:59:08.283 WIB" Interest="1.0" Kind="propagation" Navigation="null" OriginId="org.eclipse.jdt.ui.PackageExplorer" StartDate="2019-06-23 22:59:08.283 WIB" StructureHandle="/org.eclipse.ui.workbench/Eclipse UI/org/eclipse/ui/internal/AnimatedTabFeedback.java" StructureKind="resource"/><InteractionEvent Delta="null" EndDate="2019-06-25 22:02:14.786 WIB" Interest="3.0" Kind="propagation" Navigation="null" OriginId="org.eclipse.mylyn.resources.ui.interest.updater" StartDate="2019-06-25 21:34:07.860 WIB" StructureHandle="/eclipse/eclipse.platform.ui/bundles/org.eclipse.ui.workbench/Eclipse UI/org/eclipse/ui/internal/WorkbenchPage.java" StructureKind="resource" NumEvents="3" CreationCount="508"/><InteractionEvent Delta="null" EndDate="2019-06-25 21:44:09.839 WIB" Interest="7.919" Kind="propagation" Navigation="org.eclipse.mylyn.core.model.edges.containment" OriginId="org.eclipse.mylyn.core.model.interest.propagation" StartDate="2019-06-25 21:23:52.456 WIB" StructureHandle="/eclipse/eclipse.platform.ui/bundles/org.eclipse.ui.workbench/Eclipse UI" StructureKind="resource" NumEvents="10" CreationCount="311"/><InteractionEvent Delta="null" EndDate="2019-06-23 22:59:07.90 WIB" Interest="1.0" Kind="selection" Navigation="null" OriginId="org.eclipse.jdt.ui.PackageExplorer" StartDate="2019-06-23 22:59:07.90 WIB" StructureHandle="=org.eclipse.ui.workbench/Eclipse UI&amp;lt;org.eclipse.ui.internal{OpenPreferencesAction.java" StructureKind="java"/><InteractionEvent Delta="null" EndDate="2019-06-25 21:27:55.698 WIB" Interest="1.0" Kind="propagation" Navigation="org.eclipse.mylyn.core.model.edges.containment" OriginId="org.eclipse.mylyn.core.model.interest.propagation" StartDate="2019-06-25 21:27:55.698 WIB" StructureHandle="=eclipse/eclipse.platform.ui\/bundles\/org.eclipse.ui.workbench\/Eclipse UI\/org\/eclipse\/ui&amp;lt;" StructureKind="java"/><InteractionEvent Delta="null" EndDate="2019-06-25 21:45:56.219 WIB" Interest="2.0" Kind="selection" Navigation="null" OriginId="org.eclipse.pde.ui.manifestEditor" StartDate="2019-06-25 21:45:32.350 WIB" StructureHandle="/org.eclipse.ui/plugin.xml;2119652220" StructureKind="plugin.xml" NumEvents="2" CreationCount="757"/><InteractionEvent Delta="null" EndDate="2019-06-25 21:33:58.227 WIB" Interest="1.0" Kind="propagation" Navigation="org.eclipse.mylyn.core.model.edges.containment" OriginId="org.eclipse.mylyn.core.model.interest.propagation" StartDate="2019-06-25 21:33:58.227 WIB" StructureHandle="=eclipse/eclipse.platform.ui\/bundles\/org.eclipse.ui.workbench\/bin\/org\/eclipse\/ui" StructureKind="java"/><InteractionEvent Delta="null" EndDate="2019-06-25 21:33:58.227 WIB" Interest="1.0" Kind="propagation" Navigation="org.eclipse.mylyn.core.model.edges.containment" OriginId="org.eclipse.mylyn.core.model.interest.propagation" StartDate="2019-06-25 21:33:58.227 WIB" StructureHandle="=eclipse/eclipse.platform.ui\/bundles\/org.eclipse.ui.workbench\/bin\/org\/eclipse\/ui\/internal&amp;lt;" StructureKind="java"/><InteractionEvent Delta="null" EndDate="2019-06-25 22:04:32.444 WIB" Interest="193.581" Kind="propagation" Navigation="org.eclipse.mylyn.core.model.edges.containment" OriginId="org.eclipse.mylyn.core.model.interest.propagation" StartDate="2019-06-23 22:56:25.430 WIB" StructureHandle="=org.eclipse.ui.workbench/Eclipse UI" StructureKind="java" NumEvents="276" CreationCount="20"/><InteractionEvent Delta="null" EndDate="2019-06-23 22:59:10.751 WIB" Interest="1.0" Kind="selection" Navigation="null" OriginId="org.eclipse.jdt.ui.PackageExplorer" StartDate="2019-06-23 22:59:10.751 WIB" StructureHandle="=org.eclipse.ui.workbench/Eclipse UI" StructureKind="java"/><InteractionEvent Delta="null" EndDate="2019-06-23 22:59:07.90 WIB" Interest="1.0" Kind="propagation" Navigation="null" OriginId="org.eclipse.jdt.ui.PackageExplorer" StartDate="2019-06-23 22:59:07.90 WIB" StructureHandle="/org.eclipse.ui.workbench/Eclipse UI/org/eclipse/ui/internal/OpenPreferencesAction.java" StructureKind="resource"/><InteractionEvent Delta="null" EndDate="2019-06-25 21:44:46.866 WIB" Interest="2.0" Kind="selection" Navigation="null" OriginId="org.eclipse.pde.ui.manifestEditor" StartDate="2019-06-25 21:44:43.29 WIB" StructureHandle="/org.eclipse.ui/plugin.xml;1609594493" StructureKind="plugin.xml" NumEvents="2" CreationCount="728"/><InteractionEvent Delta="null" EndDate="2019-06-25 21:45:39.136 WIB" Interest="1.0" Kind="selection" Navigation="null" OriginId="org.eclipse.pde.ui.manifestEditor" StartDate="2019-06-25 21:45:39.136 WIB" StructureHandle="/org.eclipse.ui/plugin.xml;-430712599" StructureKind="plugin.xml"/><InteractionEvent Delta="null" EndDate="2019-06-25 21:48:18.413 WIB" Interest="1.0" Kind="selection" Navigation="null" OriginId="org.eclipse.pde.ui.manifestEditor" StartDate="2019-06-25 21:48:18.413 WIB" StructureHandle="/org.eclipse.ui/plugin.xml;592127150" StructureKind="plugin.xml"/><InteractionEvent Delta="null" EndDate="2019-06-25 21:27:55.698 WIB" Interest="1.0" Kind="prediction" Navigation="null" OriginId="org.eclipse.mylyn.resources.ui.interest.updater" StartDate="2019-06-25 21:27:55.698 WIB" StructureHandle="=eclipse/eclipse.platform.ui\/bundles\/org.eclipse.ui.workbench\/Eclipse UI\/org\/eclipse\/ui&amp;lt;{IWorkbenchPage.java" StructureKind="java"/><InteractionEvent Delta="null" EndDate="2019-06-25 21:44:09.839 WIB" Interest="1.0" Kind="propagation" Navigation="null" OriginId="org.eclipse.mylyn.resources.ui.interest.updater" StartDate="2019-06-25 21:44:09.839 WIB" StructureHandle="=eclipse/eclipse.platform.ui\/bundles\/org.eclipse.ui.workbench\/Eclipse UI\/org\/eclipse\/ui\/internal\/handlers&amp;lt;{MoveTabHandler.java" StructureKind="java"/><InteractionEvent Delta="null" EndDate="2019-06-25 21:54:10.205 WIB" Interest="3.0" Kind="prediction" Navigation="null" OriginId="org.eclipse.mylyn.resources.ui.interest.updater" StartDate="2019-06-25 21:50:47.392 WIB" StructureHandle="=eclipse/eclipse.platform.ui\/bundles\/org.eclipse.ui.workbench\/Eclipse UI\/org\/eclipse\/ui\/internal\/handlers&amp;lt;{MoveTabHandler.java" StructureKind="java" NumEvents="3" CreationCount="718"/><InteractionEvent Delta="null" EndDate="2019-06-25 21:26:18.185 WIB" Interest="3.1680012" Kind="propagation" Navigation="org.eclipse.mylyn.core.model.edges.containment" OriginId="org.eclipse.mylyn.core.model.interest.propagation" StartDate="2019-06-25 21:19:59.774 WIB" StructureHandle="=org.eclipse.ui.workbench/Eclipse UI&amp;lt;org.eclipse.ui.internal.handlers{WidgetMethodHandler.java" StructureKind="java" NumEvents="6" CreationCount="243"/><InteractionEvent Delta="null" EndDate="2019-06-25 21:28:04.765 WIB" Interest="8.0" Kind="selection" Navigation="null" OriginId="org.eclipse.jdt.ui.CompilationUnitEditor" StartDate="2019-06-25 21:19:47.182 WIB" StructureHandle="=org.eclipse.ui.workbench/Eclipse UI&amp;lt;org.eclipse.ui.internal.handlers{WidgetMethodHandler.java" StructureKind="java" NumEvents="8" CreationCount="243"/><InteractionEvent Delta="null" EndDate="2019-06-25 21:47:46.828 WIB" Interest="1.0" Kind="selection" Navigation="null" OriginId="org.eclipse.pde.ui.manifestEditor" StartDate="2019-06-25 21:47:46.828 WIB" StructureHandle="/org.eclipse.ui/plugin.xml;1388384142" StructureKind="plugin.xml"/><InteractionEvent Delta="null" EndDate="2019-06-23 22:59:07.720 WIB" Interest="1.0" Kind="selection" Navigation="null" OriginId="org.eclipse.jdt.ui.PackageExplorer" StartDate="2019-06-23 22:59:07.720 WIB" StructureHandle="=org.eclipse.ui.workbench/Eclipse UI&amp;lt;org.eclipse.ui.internal{FaderAnimationFeedback.java" StructureKind="java"/><InteractionEvent Delta="null" EndDate="2019-06-25 22:08:09.830 WIB" Interest="138.48499" Kind="propagation" Navigation="org.eclipse.mylyn.core.model.edges.containment" OriginId="org.eclipse.mylyn.core.model.interest.propagation" StartDate="2019-06-25 21:08:44.854 WIB" StructureHandle="=org.eclipse.ui.workbench/Eclipse UI&amp;lt;org.eclipse.ui.internal{WorkbenchPage.java" StructureKind="java" NumEvents="201" CreationCount="2"/><InteractionEvent Delta="null" EndDate="2019-06-25 22:04:32.980 WIB" Interest="27.0" Kind="selection" Navigation="null" OriginId="org.eclipse.jdt.ui.CompilationUnitEditor" StartDate="2019-06-23 22:56:25.429 WIB" StructureHandle="=org.eclipse.ui.workbench/Eclipse UI&amp;lt;org.eclipse.ui.internal{WorkbenchPage.java" StructureKind="java" NumEvents="27" CreationCount="2"/><InteractionEvent Delta="null" EndDate="2019-06-25 21:46:13.246 WIB" Interest="4.0" Kind="selection" Navigation="null" OriginId="org.eclipse.pde.ui.manifestEditor" StartDate="2019-06-25 21:46:07.349 WIB" StructureHandle="/org.eclipse.ui/plugin.xml;970765866" StructureKind="plugin.xml" NumEvents="4" CreationCount="795"/><InteractionEvent Delta="null" EndDate="2019-06-23 22:59:08.726 WIB" Interest="1.0" Kind="selection" Navigation="null" OriginId="org.eclipse.jdt.ui.PackageExplorer" StartDate="2019-06-23 22:59:08.726 WIB" StructureHandle="=org.eclipse.swt.gtk.linux.x86_64" StructureKind="java"/><InteractionEvent Delta="null" EndDate="2019-06-25 21:33:58.222 WIB" Interest="1.0" Kind="prediction" Navigation="null" OriginId="org.eclipse.mylyn.resources.ui.interest.updater" StartDate="2019-06-25 21:33:58.222 WIB" StructureHandle="=eclipse/eclipse.platform.ui\/bundles\/org.eclipse.ui.workbench\/bin\/org\/eclipse\/ui&amp;lt;(IWorkbenchPage.class" StructureKind="java"/><InteractionEvent Delta="null" EndDate="2019-06-25 21:48:02.90 WIB" Interest="4.0" Kind="prediction" Navigation="null" OriginId="org.eclipse.mylyn.resources.ui.interest.updater" StartDate="2019-06-25 21:15:58.565 WIB" StructureHandle="/eclipse/eclipse.platform.ui/bundles/org.eclipse.ui/plugin.xml" StructureKind="plugin.xml" NumEvents="4" CreationCount="213"/><InteractionEvent Delta="null" EndDate="2019-06-25 21:47:56.242 WIB" Interest="4.2409997" Kind="propagation" Navigation="org.eclipse.mylyn.core.model.edges.containment" OriginId="org.eclipse.mylyn.core.model.interest.propagation" StartDate="2019-06-25 21:13:00.58 WIB" StructureHandle="/org.eclipse.ui/plugin.xml;1919310411" StructureKind="plugin.xml" NumEvents="5" CreationCount="122"/><InteractionEvent Delta="null" EndDate="2019-06-25 21:48:12.353 WIB" Interest="11.0" Kind="selection" Navigation="null" OriginId="org.eclipse.pde.ui.manifestEditor" StartDate="2019-06-25 21:45:12.348 WIB" StructureHandle="/org.eclipse.ui/plugin.xml;1919310411" StructureKind="plugin.xml" NumEvents="11" CreationCount="122"/><InteractionEvent Delta="null" EndDate="2019-06-25 21:45:12.348 WIB" Interest="7.370001" Kind="manipulation" Navigation="null" OriginId="org.eclipse.mylyn.core.model.interest.decay.correction" StartDate="2019-06-25 21:45:12.348 WIB" StructureHandle="/org.eclipse.ui/plugin.xml;1919310411" StructureKind="plugin.xml"/><InteractionEvent Delta="null" EndDate="2019-06-25 22:08:09.830 WIB" Interest="579.91003" Kind="propagation" Navigation="null" OriginId="org.eclipse.jdt.ui.CompilationUnitEditor" StartDate="2019-06-23 22:56:25.429 WIB" StructureHandle="/org.eclipse.ui.workbench/Eclipse UI/org/eclipse/ui/internal" StructureKind="resource" NumEvents="583" CreationCount="2"/><InteractionEvent Delta="null" EndDate="2019-06-25 21:19:40.263 WIB" Interest="4.0" Kind="edit" Navigation="null" OriginId="org.eclipse.jdt.ui.CompilationUnitEditor" StartDate="2019-06-25 21:19:06.377 WIB" StructureHandle="=org.eclipse.ui.workbench/Eclipse UI&amp;lt;org.eclipse.ui.internal.handlers{TraversePageHandler.java[TraversePageHandler~execute~QExecutionEvent;" StructureKind="java" NumEvents="4" CreationCount="235"/><InteractionEvent Delta="null" EndDate="2019-06-25 21:18:51.569 WIB" Interest="1.0" Kind="selection" Navigation="null" OriginId="org.eclipse.jdt.ui.CompilationUnitEditor" StartDate="2019-06-25 21:18:51.569 WIB" StructureHandle="=org.eclipse.ui.workbench/Eclipse UI&amp;lt;org.eclipse.ui.internal.handlers{TraversePageHandler.java[TraversePageHandler~execute~QExecutionEvent;" StructureKind="java"/><InteractionEvent Delta="null" EndDate="2019-06-25 22:04:32.461 WIB" Interest="88.0" Kind="propagation" Navigation="null" OriginId="org.eclipse.jdt.ui.CompilationUnitEditor" StartDate="2019-06-25 21:44:10.167 WIB" StructureHandle="/org.eclipse.ui.workbench/Eclipse UI/org/eclipse/ui/internal/handlers/MoveTabHandler.java" StructureKind="resource" NumEvents="88" CreationCount="719"/><InteractionEvent Delta="null" EndDate="2019-06-25 21:45:30.606 WIB" Interest="2.0" Kind="selection" Navigation="null" OriginId="org.eclipse.pde.ui.manifestEditor" StartDate="2019-06-25 21:45:28.599 WIB" StructureHandle="/org.eclipse.ui/plugin.xml;-994310766" StructureKind="plugin.xml" NumEvents="2" CreationCount="751"/><InteractionEvent Delta="null" EndDate="2019-06-23 23:00:29.552 WIB" Interest="1.0" Kind="prediction" Navigation="null" OriginId="org.eclipse.mylyn.resources.ui.interest.updater" StartDate="2019-06-23 23:00:29.552 WIB" StructureHandle="/eclipse/eclipse.platform.ui/bundles/org.eclipse.ui.workbench/plugin.properties" StructureKind="resource"/><InteractionEvent Delta="null" EndDate="2019-06-25 21:44:09.839 WIB" Interest="7.919" Kind="propagation" Navigation="org.eclipse.mylyn.core.model.edges.containment" OriginId="org.eclipse.mylyn.core.model.interest.propagation" StartDate="2019-06-25 21:23:52.456 WIB" StructureHandle="/eclipse/eclipse.platform.ui/bundles/org.eclipse.ui.workbench/Eclipse UI/org/eclipse" StructureKind="resource" NumEvents="10" CreationCount="311"/><InteractionEvent Delta="null" EndDate="2019-06-25 21:15:31.263 WIB" Interest="4.0" Kind="selection" Navigation="null" OriginId="org.eclipse.pde.ui.manifestEditor" StartDate="2019-06-25 21:15:28.419 WIB" StructureHandle="/org.eclipse.ui/plugin.xml;1598907872" StructureKind="plugin.xml" NumEvents="4" CreationCount="178"/><InteractionEvent Delta="null" EndDate="2019-06-25 21:42:10.245 WIB" Interest="7.0" Kind="propagation" Navigation="null" OriginId="org.eclipse.mylyn.resources.ui.interest.updater" StartDate="2019-06-25 21:23:52.455 WIB" StructureHandle="/eclipse/eclipse.platform.ui/bundles/org.eclipse.ui.workbench/Eclipse UI/org/eclipse/ui/internal/handlers/MoveTabLeftHandler.java" StructureKind="resource" NumEvents="7" CreationCount="311"/><InteractionEvent Delta="null" EndDate="2019-06-25 21:28:04.811 WIB" Interest="10.134001" Kind="propagation" Navigation="org.eclipse.mylyn.core.model.edges.containment" OriginId="org.eclipse.mylyn.core.model.interest.propagation" StartDate="2019-06-25 21:19:51.409 WIB" StructureHandle="=org.eclipse.ui.workbench/Eclipse UI&amp;lt;org.eclipse.ui.internal.handlers{WidgetMethodHandler.java[WidgetMethodHandler" StructureKind="java" NumEvents="14" CreationCount="245"/><InteractionEvent Delta="null" EndDate="2019-06-25 21:19:47.720 WIB" Interest="1.0" Kind="selection" Navigation="null" OriginId="org.eclipse.jdt.ui.CompilationUnitEditor" StartDate="2019-06-25 21:19:47.720 WIB" StructureHandle="=org.eclipse.ui.workbench/Eclipse UI&amp;lt;org.eclipse.ui.internal.handlers{WidgetMethodHandler.java[WidgetMethodHandler" StructureKind="java"/><InteractionEvent Delta="null" EndDate="2019-06-25 22:08:09.830 WIB" Interest="165.48499" Kind="propagation" Navigation="org.eclipse.mylyn.core.model.edges.containment" OriginId="org.eclipse.mylyn.core.model.interest.propagation" StartDate="2019-06-23 22:56:25.429 WIB" StructureHandle="=org.eclipse.ui.workbench/Eclipse UI&amp;lt;org.eclipse.ui.internal" StructureKind="java" NumEvents="229" CreationCount="2"/><InteractionEvent Delta="null" EndDate="2019-06-25 21:48:18.420 WIB" Interest="221.668" Kind="propagation" Navigation="org.eclipse.mylyn.core.model.edges.containment" OriginId="org.eclipse.mylyn.core.model.interest.propagation" StartDate="2019-06-25 21:12:56.262 WIB" StructureHandle="=org.eclipse.ui" StructureKind="resource" NumEvents="253" CreationCount="107"/><InteractionEvent Delta="null" EndDate="2019-06-25 21:13:28.183 WIB" Interest="5.0" Kind="selection" Navigation="null" OriginId="org.eclipse.ui.navigator.ProjectExplorer" StartDate="2019-06-25 21:12:27.699 WIB" StructureHandle="=org.eclipse.ui" StructureKind="java" NumEvents="5" CreationCount="107"/><InteractionEvent Delta="null" EndDate="2019-06-25 21:54:10.205 WIB" Interest="10.919001" Kind="propagation" Navigation="org.eclipse.mylyn.core.model.edges.containment" OriginId="org.eclipse.mylyn.core.model.interest.propagation" StartDate="2019-06-25 21:23:52.456 WIB" StructureHandle="=eclipse/eclipse.platform.ui\/bundles\/org.eclipse.ui.workbench\/Eclipse UI\/org\/eclipse\/ui\/internal\/handlers&amp;lt;" StructureKind="java" NumEvents="10" CreationCount="311"/><InteractionEvent Delta="null" EndDate="2019-06-25 22:02:14.786 WIB" Interest="10.0" Kind="propagation" Navigation="org.eclipse.mylyn.core.model.edges.containment" OriginId="org.eclipse.mylyn.core.model.interest.propagation" StartDate="2019-06-25 21:34:07.860 WIB" StructureHandle="=eclipse/eclipse.platform.ui\/bundles\/org.eclipse.ui.workbench\/Eclipse UI\/org\/eclipse\/ui\/internal&amp;lt;" StructureKind="java" NumEvents="3" CreationCount="508"/><InteractionEvent Delta="null" EndDate="2019-06-25 22:02:14.786 WIB" Interest="9.919001" Kind="propagation" Navigation="null" OriginId="org.eclipse.mylyn.resources.ui.interest.updater" StartDate="2019-06-25 21:23:52.455 WIB" StructureHandle="/eclipse/eclipse.platform.ui/bundles/org.eclipse.ui.workbench/Eclipse UI/org/eclipse/ui/internal" StructureKind="resource" NumEvents="11" CreationCount="311"/><InteractionEvent Delta="null" EndDate="2019-06-25 21:15:58.565 WIB" Interest="1.8840001" Kind="propagation" Navigation="org.eclipse.mylyn.core.model.edges.containment" OriginId="org.eclipse.mylyn.core.model.interest.propagation" StartDate="2019-06-25 21:14:48.288 WIB" StructureHandle="/eclipse/eclipse.platform.ui/bundles/org.eclipse.ui" StructureKind="resource" NumEvents="2" CreationCount="161"/><InteractionEvent Delta="null" EndDate="2019-06-25 21:15:39.761 WIB" Interest="1.0" Kind="selection" Navigation="null" OriginId="org.eclipse.pde.ui.manifestEditor" StartDate="2019-06-25 21:15:39.761 WIB" StructureHandle="/org.eclipse.ui/plugin.xml;1814073970" StructureKind="plugin.xml"/><InteractionEvent Delta="null" EndDate="2019-06-25 22:04:32.461 WIB" Interest="420.0" Kind="propagation" Navigation="null" OriginId="org.eclipse.jdt.ui.CompilationUnitEditor" StartDate="2019-06-25 21:18:49.466 WIB" StructureHandle="/org.eclipse.ui.workbench/Eclipse UI/org/eclipse/ui/internal/handlers" StructureKind="resource" NumEvents="420" CreationCount="232"/><InteractionEvent Delta="null" EndDate="2019-06-25 21:48:20.257 WIB" Interest="6.7970004" Kind="propagation" Navigation="org.eclipse.mylyn.core.model.edges.containment" OriginId="org.eclipse.mylyn.core.model.interest.propagation" StartDate="2019-06-25 21:33:58.226 WIB" StructureHandle="/eclipse/eclipse.platform.ui/bundles/org.eclipse.ui.workbench/bin/org/eclipse" StructureKind="resource" NumEvents="2" CreationCount="504"/><InteractionEvent Delta="null" EndDate="2019-06-25 21:47:59.815 WIB" Interest="1.0" Kind="selection" Navigation="null" OriginId="org.eclipse.pde.ui.manifestEditor" StartDate="2019-06-25 21:47:59.815 WIB" StructureHandle="/org.eclipse.ui/plugin.xml;371565991" StructureKind="plugin.xml"/><InteractionEvent Delta="null" EndDate="2019-06-25 21:16:20.206 WIB" Interest="3.0" Kind="selection" Navigation="null" OriginId="org.eclipse.pde.ui.manifestEditor" StartDate="2019-06-25 21:16:18.444 WIB" StructureHandle="/org.eclipse.ui/plugin.xml;1310946542" StructureKind="plugin.xml" NumEvents="3" CreationCount="226"/><InteractionEvent Delta="null" EndDate="2019-06-25 21:33:58.226 WIB" Interest="1.0" Kind="propagation" Navigation="org.eclipse.mylyn.core.model.edges.containment" OriginId="org.eclipse.mylyn.core.model.interest.propagation" StartDate="2019-06-25 21:33:58.226 WIB" StructureHandle="=eclipse/eclipse.platform.ui\/bundles\/org.eclipse.ui.workbench\/bin\/org\/eclipse\/ui&amp;lt;" StructureKind="java"/><InteractionEvent Delta="null" EndDate="2019-06-25 21:45:51.339 WIB" Interest="1.0" Kind="selection" Navigation="null" OriginId="org.eclipse.pde.ui.manifestEditor" StartDate="2019-06-25 21:45:51.339 WIB" StructureHandle="/org.eclipse.ui/plugin.xml;-1688044496" StructureKind="plugin.xml"/><InteractionEvent Delta="null" EndDate="2019-06-25 21:15:25.385 WIB" Interest="1.0" Kind="selection" Navigation="null" OriginId="org.eclipse.pde.ui.manifestEditor" StartDate="2019-06-25 21:15:25.385 WIB" StructureHandle="/org.eclipse.ui/plugin.xml;950394699" StructureKind="plugin.xml"/><InteractionEvent Delta="null" EndDate="2019-06-25 22:08:09.830 WIB" Interest="706.0" Kind="propagation" Navigation="null" OriginId="org.eclipse.jdt.ui.CompilationUnitEditor" StartDate="2019-06-23 22:56:25.429 WIB" StructureHandle="/org.eclipse.ui.workbench/Eclipse UI" StructureKind="resource" NumEvents="706" CreationCount="2"/><InteractionEvent Delta="null" EndDate="2019-06-25 21:08:17.330 WIB" Interest="2.0" Kind="propagation" Navigation="null" OriginId="org.eclipse.mylyn.wikitext.ui.editor.markupEditor" StartDate="2019-06-25 21:07:58.374 WIB" StructureHandle="/eclipse/README.md" StructureKind="resource" NumEvents="2" CreationCount="64"/><InteractionEvent Delta="null" EndDate="2019-06-25 21:08:17.330 WIB" Interest="2.0" Kind="edit" Navigation="null" OriginId="org.eclipse.mylyn.wikitext.ui.editor.markupEditor" StartDate="2019-06-25 21:07:58.372 WIB" StructureHandle="/eclipse/README.md" StructureKind="org.eclipse.mylyn.wikitext" NumEvents="2" CreationCount="64"/><InteractionEvent Delta="null" EndDate="2019-06-25 21:08:17.318 WIB" Interest="2.0" Kind="selection" Navigation="null" OriginId="org.eclipse.mylyn.wikitext.ui.editor.markupEditor" StartDate="2019-06-25 21:07:58.300 WIB" StructureHandle="/eclipse/README.md" StructureKind="org.eclipse.mylyn.wikitext" NumEvents="2" CreationCount="64"/><InteractionEvent Delta="null" EndDate="2019-06-25 22:09:01.431 WIB" Interest="1.0" Kind="prediction" Navigation="null" OriginId="org.eclipse.mylyn.resources.ui.interest.updater" StartDate="2019-06-25 22:09:01.431 WIB" StructureHandle="/eclipse/com.spacetimecat.eclipse.feature/README.md" StructureKind="org.eclipse.mylyn.wikitext"/><InteractionEvent Delta="null" EndDate="2019-06-25 21:48:11.816 WIB" Interest="43.0" Kind="edit" Navigation="null" OriginId="org.eclipse.jdt.ui.PropertiesFileEditor" StartDate="2019-06-25 21:13:44.283 WIB" StructureHandle="/org.eclipse.ui/plugin.properties" StructureKind="resource" NumEvents="43" CreationCount="141"/><InteractionEvent Delta="null" EndDate="2019-06-25 21:48:11.786 WIB" Interest="19.0" Kind="selection" Navigation="null" OriginId="org.eclipse.jdt.ui.PropertiesFileEditor" StartDate="2019-06-25 21:13:43.558 WIB" StructureHandle="/org.eclipse.ui/plugin.properties" StructureKind="resource" NumEvents="19" CreationCount="141"/><InteractionEvent Delta="null" EndDate="2019-06-25 22:04:32.461 WIB" Interest="34.255" Kind="propagation" Navigation="org.eclipse.mylyn.core.model.edges.containment" OriginId="org.eclipse.mylyn.core.model.interest.propagation" StartDate="2019-06-25 21:49:33.434 WIB" StructureHandle="=org.eclipse.ui.workbench/Eclipse UI&amp;lt;org.eclipse.ui.internal.handlers{MoveTabHandler.java[MoveTabHandler" StructureKind="java" NumEvents="49" CreationCount="719"/><InteractionEvent Delta="null" EndDate="2019-06-25 21:44:29.675 WIB" Interest="3.0" Kind="edit" Navigation="null" OriginId="org.eclipse.jdt.ui.CompilationUnitEditor" StartDate="2019-06-25 21:44:26.287 WIB" StructureHandle="=org.eclipse.ui.workbench/Eclipse UI&amp;lt;org.eclipse.ui.internal.handlers{MoveTabHandler.java[MoveTabHandler" StructureKind="java" NumEvents="3" CreationCount="719"/><InteractionEvent Delta="null" EndDate="2019-06-25 21:50:25.568 WIB" Interest="5.0" Kind="selection" Navigation="null" OriginId="org.eclipse.jdt.ui.CompilationUnitEditor" StartDate="2019-06-25 21:44:10.167 WIB" StructureHandle="=org.eclipse.ui.workbench/Eclipse UI&amp;lt;org.eclipse.ui.internal.handlers{MoveTabHandler.java[MoveTabHandler" StructureKind="java" NumEvents="5" CreationCount="719"/><InteractionEvent Delta="null" EndDate="2019-06-25 21:28:07.713 WIB" Interest="25.0" Kind="propagation" Navigation="null" OriginId="org.eclipse.jdt.ui.CompilationUnitEditor" StartDate="2019-06-25 21:18:49.466 WIB" StructureHandle="/org.eclipse.ui.workbench/Eclipse UI/org/eclipse/ui/internal/handlers/TraversePageHandler.java" StructureKind="resource" NumEvents="25" CreationCount="232"/><InteractionEvent Delta="null" EndDate="2019-06-25 21:48:20.257 WIB" Interest="6.7970004" Kind="propagation" Navigation="org.eclipse.mylyn.core.model.edges.containment" OriginId="org.eclipse.mylyn.core.model.interest.propagation" StartDate="2019-06-25 21:33:58.226 WIB" StructureHandle="/eclipse/eclipse.platform.ui/bundles/org.eclipse.ui.workbench/bin/org" StructureKind="resource" NumEvents="2" CreationCount="504"/><InteractionEvent Delta="null" EndDate="2019-06-25 21:45:41.497 WIB" Interest="5.0" Kind="selection" Navigation="null" OriginId="org.eclipse.pde.ui.manifestEditor" StartDate="2019-06-25 21:13:00.57 WIB" StructureHandle="/org.eclipse.ui/plugin.xml;-2123049065" StructureKind="plugin.xml" NumEvents="5" CreationCount="122"/><InteractionEvent Delta="null" EndDate="2019-06-25 21:45:40.435 WIB" Interest="7.9820004" Kind="manipulation" Navigation="null" OriginId="org.eclipse.mylyn.core.model.interest.decay.correction" StartDate="2019-06-25 21:45:40.435 WIB" StructureHandle="/org.eclipse.ui/plugin.xml;-2123049065" StructureKind="plugin.xml"/><InteractionEvent Delta="null" EndDate="2019-06-25 22:09:40.206 WIB" Interest="54.476" Kind="propagation" Navigation="org.eclipse.mylyn.core.model.edges.containment" OriginId="org.eclipse.mylyn.core.model.interest.propagation" StartDate="2019-06-25 21:07:59.415 WIB" StructureHandle="/com.spacetimecat.eclipse.feature/README.md;&amp;lt;root&amp;gt;" StructureKind="org.eclipse.mylyn.wikitext" NumEvents="41" CreationCount="69"/><InteractionEvent Delta="null" EndDate="2019-06-25 21:54:10.205 WIB" Interest="10.919001" Kind="propagation" Navigation="org.eclipse.mylyn.core.model.edges.containment" OriginId="org.eclipse.mylyn.core.model.interest.propagation" StartDate="2019-06-25 21:23:52.456 WIB" StructureHandle="=eclipse/eclipse.platform.ui\/bundles\/org.eclipse.ui.workbench\/Eclipse UI\/org\/eclipse\/ui\/internal\/handlers" StructureKind="java" NumEvents="10" CreationCount="311"/><InteractionEvent Delta="null" EndDate="2019-06-23 22:59:07.720 WIB" Interest="1.0" Kind="propagation" Navigation="null" OriginId="org.eclipse.jdt.ui.PackageExplorer" StartDate="2019-06-23 22:59:07.720 WIB" StructureHandle="/org.eclipse.ui.workbench/Eclipse UI/org/eclipse/ui/internal/FaderAnimationFeedback.java" StructureKind="resource"/><InteractionEvent Delta="null" EndDate="2019-06-25 21:48:20.257 WIB" Interest="1.0" Kind="propagation" Navigation="null" OriginId="org.eclipse.mylyn.resources.ui.interest.updater" StartDate="2019-06-25 21:48:20.257 WIB" StructureHandle="/eclipse/eclipse.platform.ui/bundles/org.eclipse.ui.workbench/bin/org/eclipse/ui/internal/handlers/MoveTabHandler.class" StructureKind="resource"/><InteractionEvent Delta="null" EndDate="2019-06-25 21:48:20.256 WIB" Interest="1.0" Kind="propagation" Navigation="null" OriginId="org.eclipse.mylyn.resources.ui.interest.updater" StartDate="2019-06-25 21:48:20.256 WIB" StructureHandle="=eclipse/eclipse.platform.ui\/bundles\/org.eclipse.ui.workbench\/bin\/org\/eclipse\/ui\/internal\/handlers&amp;lt;(MoveTabHandler.class" StructureKind="java"/><InteractionEvent Delta="null" EndDate="2019-06-25 22:02:14.786 WIB" Interest="10.0" Kind="propagation" Navigation="org.eclipse.mylyn.core.model.edges.containment" OriginId="org.eclipse.mylyn.core.model.interest.propagation" StartDate="2019-06-25 21:34:07.860 WIB" StructureHandle="=eclipse/eclipse.platform.ui\/bundles\/org.eclipse.ui.workbench\/Eclipse UI\/org\/eclipse\/ui\/internal" StructureKind="java" NumEvents="3" CreationCount="508"/><InteractionEvent Delta="null" EndDate="2019-06-25 21:15:23.406 WIB" Interest="1.0" Kind="selection" Navigation="null" OriginId="org.eclipse.pde.ui.manifestEditor" StartDate="2019-06-25 21:15:23.406 WIB" StructureHandle="/org.eclipse.ui/plugin.xml;1484855373" StructureKind="plugin.xml"/><InteractionEvent Delta="null" EndDate="2019-06-25 22:08:09.830 WIB" Interest="579.91003" Kind="propagation" Navigation="org.eclipse.mylyn.core.model.edges.containment" OriginId="org.eclipse.mylyn.core.model.interest.propagation" StartDate="2019-06-23 22:56:25.429 WIB" StructureHandle="/org.eclipse.ui.workbench/Eclipse UI/org/eclipse" StructureKind="resource" NumEvents="583" CreationCount="2"/><InteractionEvent Delta="null" EndDate="2019-06-25 21:15:51.967 WIB" Interest="1.0" Kind="selection" Navigation="null" OriginId="org.eclipse.pde.ui.manifestEditor" StartDate="2019-06-25 21:15:51.967 WIB" StructureHandle="/org.eclipse.ui/plugin.xml;-262019284" StructureKind="plugin.xml"/><InteractionEvent Delta="null" EndDate="2019-06-25 21:33:58.227 WIB" Interest="1.0" Kind="propagation" Navigation="null" OriginId="org.eclipse.mylyn.resources.ui.interest.updater" StartDate="2019-06-25 21:33:58.227 WIB" StructureHandle="/eclipse/eclipse.platform.ui/bundles/org.eclipse.ui.workbench/bin/org/eclipse/ui/internal/WorkbenchPage.class" StructureKind="resource"/><InteractionEvent Delta="null" EndDate="2019-06-25 22:09:01.431 WIB" Interest="1.0" Kind="propagation" Navigation="org.eclipse.mylyn.core.model.edges.containment" OriginId="org.eclipse.mylyn.core.model.interest.propagation" StartDate="2019-06-25 22:09:01.431 WIB" StructureHandle="/eclipse/com.spacetimecat.eclipse.feature" StructureKind="resource"/><InteractionEvent Delta="null" EndDate="2019-06-25 21:45:23.910 WIB" Interest="1.0" Kind="selection" Navigation="null" OriginId="org.eclipse.pde.ui.manifestEditor" StartDate="2019-06-25 21:45:23.910 WIB" StructureHandle="/org.eclipse.ui/plugin.xml;-1118046252" StructureKind="plugin.xml"/><InteractionEvent Delta="null" EndDate="2019-06-25 21:27:55.102 WIB" Interest="11.0" Kind="propagation" Navigation="null" OriginId="org.eclipse.jdt.ui.CompilationUnitEditor" StartDate="2019-06-25 21:08:34.710 WIB" StructureHandle="/org.eclipse.ui.workbench/Eclipse UI/org/eclipse/ui/IWorkbenchPage.java" StructureKind="resource" NumEvents="11" CreationCount="89"/><InteractionEvent Delta="null" EndDate="2019-06-25 21:45:29.691 WIB" Interest="23.667" Kind="propagation" Navigation="org.eclipse.mylyn.core.model.edges.containment" OriginId="org.eclipse.mylyn.core.model.interest.propagation" StartDate="2019-06-25 21:12:56.256 WIB" StructureHandle="/org.eclipse.ui/plugin.xml;-985174221" StructureKind="plugin.xml" NumEvents="29" CreationCount="114"/><InteractionEvent Delta="null" EndDate="2019-06-25 21:47:24.589 WIB" Interest="1.0" Kind="selection" Navigation="null" OriginId="org.eclipse.pde.ui.manifestEditor" StartDate="2019-06-25 21:47:24.589 WIB" StructureHandle="/org.eclipse.ui/plugin.xml;-647532193" StructureKind="plugin.xml"/><InteractionEvent Delta="null" EndDate="2019-06-25 21:48:20.257 WIB" Interest="6.7970004" Kind="propagation" Navigation="org.eclipse.mylyn.core.model.edges.containment" OriginId="org.eclipse.mylyn.core.model.interest.propagation" StartDate="2019-06-25 21:33:58.226 WIB" StructureHandle="/eclipse/eclipse.platform.ui/bundles/org.eclipse.ui.workbench/bin/org/eclipse/ui" StructureKind="resource" NumEvents="2" CreationCount="504"/><InteractionEvent Delta="null" EndDate="2019-06-25 21:08:48.333 WIB" Interest="2.7000003" Kind="propagation" Navigation="org.eclipse.mylyn.core.model.edges.containment" OriginId="org.eclipse.mylyn.core.model.interest.propagation" StartDate="2019-06-25 21:08:34.733 WIB" StructureHandle="=org.eclipse.ui.workbench/Eclipse UI&amp;lt;org.eclipse.ui{IWorkbenchPage.java[IWorkbenchPage" StructureKind="java" NumEvents="3" CreationCount="90"/><InteractionEvent Delta="null" EndDate="2019-06-25 21:27:53.649 WIB" Interest="1.0" Kind="edit" Navigation="null" OriginId="org.eclipse.jdt.ui.CompilationUnitEditor" StartDate="2019-06-25 21:27:53.649 WIB" StructureHandle="=org.eclipse.ui.workbench/Eclipse UI&amp;lt;org.eclipse.ui{IWorkbenchPage.java[IWorkbenchPage" StructureKind="java"/><InteractionEvent Delta="null" EndDate="2019-06-25 21:27:51.966 WIB" Interest="1.0" Kind="selection" Navigation="null" OriginId="org.eclipse.jdt.ui.CompilationUnitEditor" StartDate="2019-06-25 21:27:51.966 WIB" StructureHandle="=org.eclipse.ui.workbench/Eclipse UI&amp;lt;org.eclipse.ui{IWorkbenchPage.java[IWorkbenchPage" StructureKind="java"/><InteractionEvent Delta="null" EndDate="2019-06-25 21:27:51.966 WIB" Interest="2.757" Kind="manipulation" Navigation="null" OriginId="org.eclipse.mylyn.core.model.interest.decay.correction" StartDate="2019-06-25 21:27:51.966 WIB" StructureHandle="=org.eclipse.ui.workbench/Eclipse UI&amp;lt;org.eclipse.ui{IWorkbenchPage.java[IWorkbenchPage" StructureKind="java"/><InteractionEvent Delta="null" EndDate="2019-06-25 21:48:20.257 WIB" Interest="6.7970004" Kind="propagation" Navigation="org.eclipse.mylyn.core.model.edges.containment" OriginId="org.eclipse.mylyn.core.model.interest.propagation" StartDate="2019-06-25 21:33:58.228 WIB" StructureHandle="/eclipse/eclipse.platform.ui/bundles/org.eclipse.ui.workbench/bin/org/eclipse/ui/internal/handlers" StructureKind="resource" NumEvents="2" CreationCount="504"/><InteractionEvent Delta="null" EndDate="2019-06-23 22:59:08.726 WIB" Interest="1.0" Kind="propagation" Navigation="null" OriginId="org.eclipse.jdt.ui.PackageExplorer" StartDate="2019-06-23 22:59:08.726 WIB" StructureHandle="/org.eclipse.swt.gtk.linux.x86_64" StructureKind="resource"/><InteractionEvent Delta="null" EndDate="2019-06-25 21:48:18.420 WIB" Interest="118.0" Kind="propagation" Navigation="null" OriginId="org.eclipse.pde.ui.manifestEditor" StartDate="2019-06-25 21:12:56.262 WIB" StructureHandle="/org.eclipse.ui/plugin.xml" StructureKind="resource" NumEvents="118" CreationCount="111"/><InteractionEvent Delta="null" EndDate="2019-06-25 21:48:18.420 WIB" Interest="98.0" Kind="edit" Navigation="null" OriginId="org.eclipse.pde.ui.manifestEditor" StartDate="2019-06-25 21:12:56.262 WIB" StructureHandle="/org.eclipse.ui/plugin.xml" StructureKind="plugin.xml" NumEvents="98" CreationCount="111"/><InteractionEvent Delta="null" EndDate="2019-06-25 21:48:12.337 WIB" Interest="40.0" Kind="selection" Navigation="null" OriginId="org.eclipse.pde.ui.manifestEditor" StartDate="2019-06-25 21:12:33.60 WIB" StructureHandle="/org.eclipse.ui/plugin.xml" StructureKind="plugin.xml" NumEvents="40" CreationCount="111"/><InteractionEvent Delta="null" EndDate="2019-06-25 21:27:55.698 WIB" Interest="1.0" Kind="propagation" Navigation="null" OriginId="org.eclipse.mylyn.resources.ui.interest.updater" StartDate="2019-06-25 21:27:55.698 WIB" StructureHandle="/eclipse/eclipse.platform.ui/bundles/org.eclipse.ui.workbench/Eclipse UI/org/eclipse/ui/IWorkbenchPage.java" StructureKind="resource"/><InteractionEvent Delta="null" EndDate="2019-06-25 22:09:01.431 WIB" Interest="19.428001" Kind="propagation" Navigation="org.eclipse.mylyn.core.model.edges.containment" OriginId="org.eclipse.mylyn.core.model.interest.propagation" StartDate="2019-06-23 23:00:29.557 WIB" StructureHandle="=eclipse" StructureKind="resource" NumEvents="24" CreationCount="48"/><InteractionEvent Delta="null" EndDate="2019-06-25 21:44:05.63 WIB" Interest="174.8" Kind="propagation" Navigation="org.eclipse.mylyn.core.model.edges.containment" OriginId="org.eclipse.mylyn.core.model.interest.propagation" StartDate="2019-06-25 21:23:55.560 WIB" StructureHandle="=org.eclipse.ui.workbench/Eclipse UI&amp;lt;org.eclipse.ui.internal.handlers{MoveTabLeftHandler.java[MoveTabLeftHandler" StructureKind="java" NumEvents="245" CreationCount="313"/><InteractionEvent Delta="null" EndDate="2019-06-25 21:44:08.922 WIB" Interest="4.0" Kind="edit" Navigation="null" OriginId="org.eclipse.jdt.ui.CompilationUnitEditor" StartDate="2019-06-25 21:24:23.899 WIB" StructureHandle="=org.eclipse.ui.workbench/Eclipse UI&amp;lt;org.eclipse.ui.internal.handlers{MoveTabLeftHandler.java[MoveTabLeftHandler" StructureKind="java" NumEvents="4" CreationCount="313"/><InteractionEvent Delta="null" EndDate="2019-06-25 21:44:06.385 WIB" Interest="4.0" Kind="selection" Navigation="null" OriginId="org.eclipse.jdt.ui.CompilationUnitEditor" StartDate="2019-06-25 21:24:13.339 WIB" StructureHandle="=org.eclipse.ui.workbench/Eclipse UI&amp;lt;org.eclipse.ui.internal.handlers{MoveTabLeftHandler.java[MoveTabLeftHandler" StructureKind="java" NumEvents="4" CreationCount="313"/><InteractionEvent Delta="null" EndDate="2019-06-25 21:33:58.222 WIB" Interest="1.0" Kind="prediction" Navigation="null" OriginId="org.eclipse.mylyn.resources.ui.interest.updater" StartDate="2019-06-25 21:33:58.222 WIB" StructureHandle="=eclipse/eclipse.platform.ui\/bundles\/org.eclipse.ui.workbench\/bin\/org\/eclipse\/ui\/internal&amp;lt;(WorkbenchPage.class" StructureKind="java"/><InteractionEvent Delta="null" EndDate="2019-06-25 21:45:37.207 WIB" Interest="1.0" Kind="selection" Navigation="null" OriginId="org.eclipse.pde.ui.manifestEditor" StartDate="2019-06-25 21:45:37.207 WIB" StructureHandle="/org.eclipse.ui/plugin.xml;392261515" StructureKind="plugin.xml"/><InteractionEvent Delta="null" EndDate="2019-06-25 21:50:38.355 WIB" Interest="8.0" Kind="edit" Navigation="null" OriginId="org.eclipse.jdt.ui.CompilationUnitEditor" StartDate="2019-06-25 21:49:47.596 WIB" StructureHandle="=org.eclipse.ui.workbench/Eclipse UI&amp;lt;org.eclipse.ui.internal.handlers{MoveTabHandler.java[MoveTabHandler~computeDirection~QExecutionEvent;" StructureKind="java" NumEvents="8" CreationCount="850"/><InteractionEvent Delta="null" EndDate="2019-06-25 21:52:20.655 WIB" Interest="8.0" Kind="selection" Navigation="null" OriginId="org.eclipse.jdt.ui.CompilationUnitEditor" StartDate="2019-06-25 21:49:44.698 WIB" StructureHandle="=org.eclipse.ui.workbench/Eclipse UI&amp;lt;org.eclipse.ui.internal.handlers{MoveTabHandler.java[MoveTabHandler~computeDirection~QExecutionEvent;" StructureKind="java" NumEvents="8" CreationCount="850"/><InteractionEvent Delta="null" EndDate="2019-06-25 22:09:40.206 WIB" Interest="41.0" Kind="selection" Navigation="null" OriginId="org.eclipse.mylyn.wikitext.ui.editor.markupEditor" StartDate="2019-06-25 21:07:59.415 WIB" StructureHandle="/com.spacetimecat.eclipse.feature/README.md;erik-s-eclipse-enhancements" StructureKind="org.eclipse.mylyn.wikitext" NumEvents="41" CreationCount="69"/><InteractionEvent Delta="null" EndDate="2019-06-25 22:08:13.418 WIB" Interest="13.476002" Kind="manipulation" Navigation="null" OriginId="org.eclipse.mylyn.core.model.interest.decay.correction" StartDate="2019-06-25 22:08:13.418 WIB" StructureHandle="/com.spacetimecat.eclipse.feature/README.md;erik-s-eclipse-enhancements" StructureKind="org.eclipse.mylyn.wikitext"/></InteractionHistory>