<?xml version="1.0" encoding="UTF-8"?><InteractionHistory Id="activity" Version="1"><InteractionEvent Delta="added" EndDate="2019-06-23 17:40:06.174 WIB" Interest="1.0" Kind="attention" Navigation="" OriginId="org.eclipse.ui.workbench" StartDate="2019-06-23 17:35:35.864 WIB" StructureHandle="none" StructureKind="workingset"/><InteractionEvent Delta="added" EndDate="2019-06-23 20:24:38.880 WIB" Interest="1.0" Kind="attention" Navigation="" OriginId="org.eclipse.ui.workbench" StartDate="2019-06-23 20:19:37.502 WIB" StructureHandle="none" StructureKind="workingset"/><InteractionEvent Delta="activated" EndDate="2019-06-23 20:44:26.325 WIB" Interest="1.0" Kind="command" Navigation="" OriginId="org.eclipse.ui.workbench" StartDate="2019-06-23 20:44:26.325 WIB" StructureHandle="local-30" StructureKind="activation"/><InteractionEvent Delta="added" EndDate="2019-06-23 20:54:34.731 WIB" Interest="1.0" Kind="attention" Navigation="" OriginId="org.eclipse.ui.workbench" StartDate="2019-06-23 20:44:01.711 WIB" StructureHandle="local-30" StructureKind="timing"/><InteractionEvent Delta="added" EndDate="2019-06-23 21:05:44.974 WIB" Interest="1.0" Kind="attention" Navigation="" OriginId="org.eclipse.ui.workbench" StartDate="2019-06-23 21:00:14.579 WIB" StructureHandle="local-30" StructureKind="timing"/><InteractionEvent Delta="activated" EndDate="2019-06-23 21:15:03.786 WIB" Interest="1.0" Kind="command" Navigation="" OriginId="org.eclipse.ui.workbench" StartDate="2019-06-23 21:15:03.786 WIB" StructureHandle="local-30" StructureKind="activation"/><InteractionEvent Delta="added" EndDate="2019-06-23 21:22:38.154 WIB" Interest="1.0" Kind="attention" Navigation="" OriginId="org.eclipse.ui.workbench" StartDate="2019-06-23 21:16:03.17 WIB" StructureHandle="local-30" StructureKind="timing"/><InteractionEvent Delta="activated" EndDate="2019-06-23 21:29:28.972 WIB" Interest="1.0" Kind="command" Navigation="" OriginId="org.eclipse.ui.workbench" StartDate="2019-06-23 21:29:28.972 WIB" StructureHandle="local-30" StructureKind="activation"/><InteractionEvent Delta="added" EndDate="2019-06-23 21:30:07.49 WIB" Interest="1.0" Kind="attention" Navigation="" OriginId="org.eclipse.ui.workbench" StartDate="2019-06-23 21:29:32.266 WIB" StructureHandle="local-30" StructureKind="timing"/><InteractionEvent Delta="activated" EndDate="2019-06-23 21:30:51.50 WIB" Interest="1.0" Kind="command" Navigation="" OriginId="org.eclipse.ui.workbench" StartDate="2019-06-23 21:30:51.50 WIB" StructureHandle="local-30" StructureKind="activation"/><InteractionEvent Delta="deactivated" EndDate="2019-06-23 22:36:16.96 WIB" Interest="1.0" Kind="command" Navigation="" OriginId="org.eclipse.ui.workbench" StartDate="2019-06-23 22:36:16.96 WIB" StructureHandle="local-30" StructureKind="activation"/><InteractionEvent Delta="added" EndDate="2019-06-23 22:50:34.954 WIB" Interest="1.0" Kind="attention" Navigation="" OriginId="org.eclipse.ui.workbench" StartDate="2019-06-23 22:36:02.112 WIB" StructureHandle="none" StructureKind="workingset"/><InteractionEvent Delta="activated" EndDate="2019-06-23 22:50:52.566 WIB" Interest="1.0" Kind="command" Navigation="" OriginId="org.eclipse.ui.workbench" StartDate="2019-06-23 22:50:52.566 WIB" StructureHandle="local-58" StructureKind="activation"/><InteractionEvent Delta="added" EndDate="2019-06-23 22:54:35.119 WIB" Interest="1.0" Kind="attention" Navigation="" OriginId="org.eclipse.ui.workbench" StartDate="2019-06-23 22:50:34.954 WIB" StructureHandle="local-58" StructureKind="timing"/><InteractionEvent Delta="deactivated" EndDate="2019-06-23 22:55:03.409 WIB" Interest="1.0" Kind="command" Navigation="" OriginId="org.eclipse.ui.workbench" StartDate="2019-06-23 22:55:03.409 WIB" StructureHandle="local-58" StructureKind="activation"/><InteractionEvent Delta="added" EndDate="2019-06-23 22:55:05.121 WIB" Interest="1.0" Kind="attention" Navigation="" OriginId="org.eclipse.ui.workbench" StartDate="2019-06-23 22:54:35.119 WIB" StructureHandle="none" StructureKind="workingset"/><InteractionEvent Delta="activated" EndDate="2019-06-23 22:55:10.221 WIB" Interest="1.0" Kind="command" Navigation="" OriginId="org.eclipse.ui.workbench" StartDate="2019-06-23 22:55:10.221 WIB" StructureHandle="local-30" StructureKind="activation"/><InteractionEvent Delta="deactivated" EndDate="2019-06-23 22:55:18.797 WIB" Interest="1.0" Kind="command" Navigation="" OriginId="org.eclipse.ui.workbench" StartDate="2019-06-23 22:55:18.797 WIB" StructureHandle="local-30" StructureKind="activation"/><InteractionEvent Delta="added" EndDate="2019-06-23 22:56:05.178 WIB" Interest="1.0" Kind="attention" Navigation="" OriginId="org.eclipse.ui.workbench" StartDate="2019-06-23 22:55:05.121 WIB" StructureHandle="none" StructureKind="workingset"/><InteractionEvent Delta="activated" EndDate="2019-06-23 22:56:13.931 WIB" Interest="1.0" Kind="command" Navigation="" OriginId="org.eclipse.ui.workbench" StartDate="2019-06-23 22:56:13.931 WIB" StructureHandle="local-49" StructureKind="activation"/><InteractionEvent Delta="added" EndDate="2019-06-23 23:00:05.369 WIB" Interest="1.0" Kind="attention" Navigation="" OriginId="org.eclipse.ui.workbench" StartDate="2019-06-23 22:56:05.178 WIB" StructureHandle="local-49" StructureKind="timing"/><InteractionEvent Delta="added" EndDate="2019-06-23 23:18:08.133 WIB" Interest="1.0" Kind="attention" Navigation="" OriginId="org.eclipse.ui.workbench" StartDate="2019-06-23 23:00:05.369 WIB" StructureHandle="local-49" StructureKind="timing"/><InteractionEvent Delta="activated" EndDate="2019-06-23 23:38:40.329 WIB" Interest="1.0" Kind="command" Navigation="" OriginId="org.eclipse.ui.workbench" StartDate="2019-06-23 23:38:40.329 WIB" StructureHandle="local-49" StructureKind="activation"/><InteractionEvent Delta="added" EndDate="2019-06-23 23:43:09.824 WIB" Interest="1.0" Kind="attention" Navigation="" OriginId="org.eclipse.ui.workbench" StartDate="2019-06-23 23:40:39.335 WIB" StructureHandle="local-49" StructureKind="timing"/><InteractionEvent Delta="activated" EndDate="2019-06-23 23:43:58.535 WIB" Interest="1.0" Kind="command" Navigation="" OriginId="org.eclipse.ui.workbench" StartDate="2019-06-23 23:43:58.535 WIB" StructureHandle="local-49" StructureKind="activation"/><InteractionEvent Delta="added" EndDate="2019-06-23 23:47:36.143 WIB" Interest="1.0" Kind="attention" Navigation="" OriginId="org.eclipse.ui.workbench" StartDate="2019-06-23 23:44:05.840 WIB" StructureHandle="local-49" StructureKind="timing"/><InteractionEvent Delta="added" EndDate="2019-06-24 00:11:35.768 WIB" Interest="1.0" Kind="attention" Navigation="" OriginId="org.eclipse.ui.workbench" StartDate="2019-06-24 00:07:05.125 WIB" StructureHandle="local-49" StructureKind="timing"/><InteractionEvent Delta="activated" EndDate="2019-06-24 00:12:33.14 WIB" Interest="1.0" Kind="command" Navigation="" OriginId="org.eclipse.ui.workbench" StartDate="2019-06-24 00:12:33.14 WIB" StructureHandle="local-49" StructureKind="activation"/><InteractionEvent Delta="deactivated" EndDate="2019-06-24 00:12:54.46 WIB" Interest="1.0" Kind="command" Navigation="" OriginId="org.eclipse.ui.workbench" StartDate="2019-06-24 00:12:54.46 WIB" StructureHandle="local-49" StructureKind="activation"/><InteractionEvent Delta="added" EndDate="2019-06-24 00:30:44.377 WIB" Interest="1.0" Kind="attention" Navigation="" OriginId="org.eclipse.ui.workbench" StartDate="2019-06-24 00:12:42.445 WIB" StructureHandle="none" StructureKind="workingset"/><InteractionEvent Delta="added" EndDate="2019-06-24 01:32:32.269 WIB" Interest="1.0" Kind="attention" Navigation="" OriginId="org.eclipse.ui.workbench" StartDate="2019-06-24 01:29:30.985 WIB" StructureHandle="none" StructureKind="workingset"/><InteractionEvent Delta="activated" EndDate="2019-06-24 01:32:40.77 WIB" Interest="1.0" Kind="command" Navigation="" OriginId="org.eclipse.ui.workbench" StartDate="2019-06-24 01:32:40.77 WIB" StructureHandle="local-30" StructureKind="activation"/><InteractionEvent Delta="added" EndDate="2019-06-24 01:42:33.43 WIB" Interest="1.0" Kind="attention" Navigation="" OriginId="org.eclipse.ui.workbench" StartDate="2019-06-24 01:32:32.269 WIB" StructureHandle="local-30" StructureKind="timing"/><InteractionEvent Delta="deactivated" EndDate="2019-06-24 02:00:04.453 WIB" Interest="1.0" Kind="command" Navigation="" OriginId="org.eclipse.ui.workbench" StartDate="2019-06-24 02:00:04.453 WIB" StructureHandle="local-30" StructureKind="activation"/><InteractionEvent Delta="added" EndDate="2019-06-24 02:00:13.965 WIB" Interest="1.0" Kind="attention" Navigation="" OriginId="org.eclipse.ui.workbench" StartDate="2019-06-24 01:59:43.964 WIB" StructureHandle="none" StructureKind="workingset"/><InteractionEvent Delta="added" EndDate="2019-06-24 02:17:14.427 WIB" Interest="1.0" Kind="attention" Navigation="" OriginId="org.eclipse.ui.workbench" StartDate="2019-06-24 02:00:13.965 WIB" StructureHandle="none" StructureKind="workingset"/><InteractionEvent Delta="activated" EndDate="2019-06-24 02:17:25.363 WIB" Interest="1.0" Kind="command" Navigation="" OriginId="org.eclipse.ui.workbench" StartDate="2019-06-24 02:17:25.363 WIB" StructureHandle="local-58" StructureKind="activation"/><InteractionEvent Delta="added" EndDate="2019-06-24 02:52:47.23 WIB" Interest="1.0" Kind="attention" Navigation="" OriginId="org.eclipse.ui.workbench" StartDate="2019-06-24 02:17:14.427 WIB" StructureHandle="local-58" StructureKind="timing"/><InteractionEvent Delta="added" EndDate="2019-06-24 03:26:25.778 WIB" Interest="1.0" Kind="attention" Navigation="" OriginId="org.eclipse.ui.workbench" StartDate="2019-06-24 03:00:22.953 WIB" StructureHandle="local-58" StructureKind="timing"/><InteractionEvent Delta="activated" EndDate="2019-06-24 03:34:43.922 WIB" Interest="1.0" Kind="command" Navigation="" OriginId="org.eclipse.ui.workbench" StartDate="2019-06-24 03:34:43.922 WIB" StructureHandle="local-58" StructureKind="activation"/><InteractionEvent Delta="added" EndDate="2019-06-24 04:00:22.877 WIB" Interest="1.0" Kind="attention" Navigation="" OriginId="org.eclipse.ui.workbench" StartDate="2019-06-24 03:35:20.115 WIB" StructureHandle="local-58" StructureKind="timing"/><InteractionEvent Delta="added" EndDate="2019-06-24 04:17:55.992 WIB" Interest="1.0" Kind="attention" Navigation="" OriginId="org.eclipse.ui.workbench" StartDate="2019-06-24 04:00:22.877 WIB" StructureHandle="local-58" StructureKind="timing"/><InteractionEvent Delta="activated" EndDate="2019-06-24 04:22:33.306 WIB" Interest="1.0" Kind="command" Navigation="" OriginId="org.eclipse.ui.workbench" StartDate="2019-06-24 04:22:33.306 WIB" StructureHandle="local-58" StructureKind="activation"/><InteractionEvent Delta="added" EndDate="2019-06-24 04:29:17.433 WIB" Interest="1.0" Kind="attention" Navigation="" OriginId="org.eclipse.ui.workbench" StartDate="2019-06-24 04:22:46.225 WIB" StructureHandle="local-58" StructureKind="timing"/><InteractionEvent Delta="activated" EndDate="2019-06-24 04:29:47.283 WIB" Interest="1.0" Kind="command" Navigation="" OriginId="org.eclipse.ui.workbench" StartDate="2019-06-24 04:29:47.283 WIB" StructureHandle="local-58" StructureKind="activation"/><InteractionEvent Delta="added" EndDate="2019-06-24 04:31:56.44 WIB" Interest="1.0" Kind="attention" Navigation="" OriginId="org.eclipse.ui.workbench" StartDate="2019-06-24 04:29:53.976 WIB" StructureHandle="local-58" StructureKind="timing"/><InteractionEvent Delta="deactivated" EndDate="2019-06-24 04:31:58.201 WIB" Interest="1.0" Kind="command" Navigation="" OriginId="org.eclipse.ui.workbench" StartDate="2019-06-24 04:31:58.201 WIB" StructureHandle="local-58" StructureKind="activation"/><InteractionEvent Delta="added" EndDate="2019-06-24 04:34:57.301 WIB" Interest="1.0" Kind="attention" Navigation="" OriginId="org.eclipse.ui.workbench" StartDate="2019-06-24 04:31:56.44 WIB" StructureHandle="none" StructureKind="workingset"/><InteractionEvent Delta="activated" EndDate="2019-06-24 04:36:53.126 WIB" Interest="1.0" Kind="command" Navigation="" OriginId="org.eclipse.ui.workbench" StartDate="2019-06-24 04:36:53.126 WIB" StructureHandle="local-58" StructureKind="activation"/><InteractionEvent Delta="added" EndDate="2019-06-24 04:50:08.854 WIB" Interest="1.0" Kind="attention" Navigation="" OriginId="org.eclipse.ui.workbench" StartDate="2019-06-24 04:36:37.964 WIB" StructureHandle="local-58" StructureKind="timing"/><InteractionEvent Delta="activated" EndDate="2019-06-24 04:50:58.427 WIB" Interest="1.0" Kind="command" Navigation="" OriginId="org.eclipse.ui.workbench" StartDate="2019-06-24 04:50:58.427 WIB" StructureHandle="local-58" StructureKind="activation"/><InteractionEvent Delta="added" EndDate="2019-06-24 04:59:42.787 WIB" Interest="1.0" Kind="attention" Navigation="" OriginId="org.eclipse.ui.workbench" StartDate="2019-06-24 04:51:10.926 WIB" StructureHandle="local-58" StructureKind="timing"/><InteractionEvent Delta="activated" EndDate="2019-06-24 05:00:09.973 WIB" Interest="1.0" Kind="command" Navigation="" OriginId="org.eclipse.ui.workbench" StartDate="2019-06-24 05:00:09.973 WIB" StructureHandle="local-58" StructureKind="activation"/><InteractionEvent Delta="deactivated" EndDate="2019-06-24 05:00:25.620 WIB" Interest="1.0" Kind="command" Navigation="" OriginId="org.eclipse.ui.workbench" StartDate="2019-06-24 05:00:25.620 WIB" StructureHandle="local-58" StructureKind="activation"/><InteractionEvent Delta="added" EndDate="2019-06-24 05:08:49.320 WIB" Interest="1.0" Kind="attention" Navigation="" OriginId="org.eclipse.ui.workbench" StartDate="2019-06-24 05:00:18.499 WIB" StructureHandle="none" StructureKind="workingset"/><InteractionEvent Delta="activated" EndDate="2019-06-24 05:09:00.639 WIB" Interest="1.0" Kind="command" Navigation="" OriginId="org.eclipse.ui.workbench" StartDate="2019-06-24 05:09:00.639 WIB" StructureHandle="local-58" StructureKind="activation"/><InteractionEvent Delta="added" EndDate="2019-06-24 05:40:21.214 WIB" Interest="1.0" Kind="attention" Navigation="" OriginId="org.eclipse.ui.workbench" StartDate="2019-06-24 05:08:49.320 WIB" StructureHandle="local-58" StructureKind="timing"/><InteractionEvent Delta="deactivated" EndDate="2019-06-24 05:49:43.154 WIB" Interest="1.0" Kind="command" Navigation="" OriginId="org.eclipse.ui.workbench" StartDate="2019-06-24 05:49:43.154 WIB" StructureHandle="local-58" StructureKind="activation"/><InteractionEvent Delta="added" EndDate="2019-06-24 13:54:49.663 WIB" Interest="1.0" Kind="attention" Navigation="" OriginId="org.eclipse.ui.workbench" StartDate="2019-06-24 13:47:47.738 WIB" StructureHandle="none" StructureKind="workingset"/><InteractionEvent Delta="added" EndDate="2019-06-24 14:13:53.889 WIB" Interest="1.0" Kind="attention" Navigation="" OriginId="org.eclipse.ui.workbench" StartDate="2019-06-24 14:09:20.754 WIB" StructureHandle="none" StructureKind="workingset"/><InteractionEvent Delta="activated" EndDate="2019-06-24 14:14:13.474 WIB" Interest="1.0" Kind="command" Navigation="" OriginId="org.eclipse.ui.workbench" StartDate="2019-06-24 14:14:13.474 WIB" StructureHandle="local-58" StructureKind="activation"/><InteractionEvent Delta="added" EndDate="2019-06-24 14:25:54.770 WIB" Interest="1.0" Kind="attention" Navigation="" OriginId="org.eclipse.ui.workbench" StartDate="2019-06-24 14:13:53.889 WIB" StructureHandle="local-58" StructureKind="timing"/><InteractionEvent Delta="activated" EndDate="2019-06-24 14:26:47.286 WIB" Interest="1.0" Kind="command" Navigation="" OriginId="org.eclipse.ui.workbench" StartDate="2019-06-24 14:26:47.286 WIB" StructureHandle="local-58" StructureKind="activation"/><InteractionEvent Delta="added" EndDate="2019-06-24 14:27:32.94 WIB" Interest="1.0" Kind="attention" Navigation="" OriginId="org.eclipse.ui.workbench" StartDate="2019-06-24 14:27:01.562 WIB" StructureHandle="local-58" StructureKind="timing"/><InteractionEvent Delta="activated" EndDate="2019-06-24 14:28:29.494 WIB" Interest="1.0" Kind="command" Navigation="" OriginId="org.eclipse.ui.workbench" StartDate="2019-06-24 14:28:29.494 WIB" StructureHandle="local-58" StructureKind="activation"/><InteractionEvent Delta="added" EndDate="2019-06-24 14:30:19.788 WIB" Interest="1.0" Kind="attention" Navigation="" OriginId="org.eclipse.ui.workbench" StartDate="2019-06-24 14:29:47.844 WIB" StructureHandle="local-58" StructureKind="timing"/><InteractionEvent Delta="activated" EndDate="2019-06-24 14:31:13.709 WIB" Interest="1.0" Kind="command" Navigation="" OriginId="org.eclipse.ui.workbench" StartDate="2019-06-24 14:31:13.709 WIB" StructureHandle="local-58" StructureKind="activation"/><InteractionEvent Delta="added" EndDate="2019-06-24 14:34:22.478 WIB" Interest="1.0" Kind="attention" Navigation="" OriginId="org.eclipse.ui.workbench" StartDate="2019-06-24 14:31:18.806 WIB" StructureHandle="local-58" StructureKind="timing"/><InteractionEvent Delta="deactivated" EndDate="2019-06-24 14:35:13.268 WIB" Interest="1.0" Kind="command" Navigation="" OriginId="org.eclipse.ui.workbench" StartDate="2019-06-24 14:35:13.268 WIB" StructureHandle="local-58" StructureKind="activation"/><InteractionEvent Delta="activated" EndDate="2019-06-24 14:35:20.806 WIB" Interest="1.0" Kind="command" Navigation="" OriginId="org.eclipse.ui.workbench" StartDate="2019-06-24 14:35:20.806 WIB" StructureHandle="local-58" StructureKind="activation"/><InteractionEvent Delta="deactivated" EndDate="2019-06-24 14:35:25.664 WIB" Interest="1.0" Kind="command" Navigation="" OriginId="org.eclipse.ui.workbench" StartDate="2019-06-24 14:35:25.664 WIB" StructureHandle="local-58" StructureKind="activation"/><InteractionEvent Delta="added" EndDate="2019-06-24 14:35:27.577 WIB" Interest="1.0" Kind="attention" Navigation="" OriginId="org.eclipse.ui.workbench" StartDate="2019-06-24 14:34:57.351 WIB" StructureHandle="none" StructureKind="workingset"/><InteractionEvent Delta="activated" EndDate="2019-06-24 14:35:31.205 WIB" Interest="1.0" Kind="command" Navigation="" OriginId="org.eclipse.ui.workbench" StartDate="2019-06-24 14:35:31.205 WIB" StructureHandle="local-58" StructureKind="activation"/><InteractionEvent Delta="added" EndDate="2019-06-24 14:48:28.299 WIB" Interest="1.0" Kind="attention" Navigation="" OriginId="org.eclipse.ui.workbench" StartDate="2019-06-24 14:35:27.577 WIB" StructureHandle="local-58" StructureKind="timing"/><InteractionEvent Delta="deactivated" EndDate="2019-06-24 14:49:04.83 WIB" Interest="1.0" Kind="command" Navigation="" OriginId="org.eclipse.ui.workbench" StartDate="2019-06-24 14:49:04.83 WIB" StructureHandle="local-58" StructureKind="activation"/><InteractionEvent Delta="activated" EndDate="2019-06-24 14:49:26.780 WIB" Interest="1.0" Kind="command" Navigation="" OriginId="org.eclipse.ui.workbench" StartDate="2019-06-24 14:49:26.780 WIB" StructureHandle="local-60" StructureKind="activation"/><InteractionEvent Delta="added" EndDate="2019-06-24 15:00:03.708 WIB" Interest="1.0" Kind="attention" Navigation="" OriginId="org.eclipse.ui.workbench" StartDate="2019-06-24 14:49:03.239 WIB" StructureHandle="local-60" StructureKind="timing"/><InteractionEvent Delta="added" EndDate="2019-06-24 15:54:11.575 WIB" Interest="1.0" Kind="attention" Navigation="" OriginId="org.eclipse.ui.workbench" StartDate="2019-06-24 15:00:03.708 WIB" StructureHandle="local-60" StructureKind="timing"/><InteractionEvent Delta="added" EndDate="2019-06-24 16:04:07.478 WIB" Interest="1.0" Kind="attention" Navigation="" OriginId="org.eclipse.ui.workbench" StartDate="2019-06-24 16:00:07.294 WIB" StructureHandle="local-60" StructureKind="timing"/><InteractionEvent Delta="deactivated" EndDate="2019-06-24 16:04:20.562 WIB" Interest="1.0" Kind="command" Navigation="" OriginId="org.eclipse.ui.workbench" StartDate="2019-06-24 16:04:20.562 WIB" StructureHandle="local-60" StructureKind="activation"/><InteractionEvent Delta="added" EndDate="2019-06-24 16:07:07.533 WIB" Interest="1.0" Kind="attention" Navigation="" OriginId="org.eclipse.ui.workbench" StartDate="2019-06-24 16:04:07.478 WIB" StructureHandle="none" StructureKind="workingset"/><InteractionEvent Delta="activated" EndDate="2019-06-24 16:17:45.40 WIB" Interest="1.0" Kind="command" Navigation="" OriginId="org.eclipse.ui.workbench" StartDate="2019-06-24 16:17:45.40 WIB" StructureHandle="local-60" StructureKind="activation"/><InteractionEvent Delta="added" EndDate="2019-06-24 16:41:47.772 WIB" Interest="1.0" Kind="attention" Navigation="" OriginId="org.eclipse.ui.workbench" StartDate="2019-06-24 16:17:43.781 WIB" StructureHandle="local-60" StructureKind="timing"/><InteractionEvent Delta="added" EndDate="2019-06-24 17:38:35.642 WIB" Interest="1.0" Kind="attention" Navigation="" OriginId="org.eclipse.ui.workbench" StartDate="2019-06-24 17:04:31.355 WIB" StructureHandle="local-60" StructureKind="timing"/><InteractionEvent Delta="added" EndDate="2019-06-24 19:00:17.713 WIB" Interest="1.0" Kind="attention" Navigation="" OriginId="org.eclipse.ui.workbench" StartDate="2019-06-24 18:59:47.54 WIB" StructureHandle="local-60" StructureKind="timing"/><InteractionEvent Delta="added" EndDate="2019-06-24 19:06:48.20 WIB" Interest="1.0" Kind="attention" Navigation="" OriginId="org.eclipse.ui.workbench" StartDate="2019-06-24 19:00:17.713 WIB" StructureHandle="local-60" StructureKind="timing"/><InteractionEvent Delta="activated" EndDate="2019-06-24 19:07:41.903 WIB" Interest="1.0" Kind="command" Navigation="" OriginId="org.eclipse.ui.workbench" StartDate="2019-06-24 19:07:41.903 WIB" StructureHandle="local-60" StructureKind="activation"/><InteractionEvent Delta="added" EndDate="2019-06-24 19:09:00.271 WIB" Interest="1.0" Kind="attention" Navigation="" OriginId="org.eclipse.ui.workbench" StartDate="2019-06-24 19:07:59.731 WIB" StructureHandle="local-60" StructureKind="timing"/><InteractionEvent Delta="activated" EndDate="2019-06-24 19:09:29.904 WIB" Interest="1.0" Kind="command" Navigation="" OriginId="org.eclipse.ui.workbench" StartDate="2019-06-24 19:09:29.904 WIB" StructureHandle="local-60" StructureKind="activation"/><InteractionEvent Delta="added" EndDate="2019-06-24 19:11:30.16 WIB" Interest="1.0" Kind="attention" Navigation="" OriginId="org.eclipse.ui.workbench" StartDate="2019-06-24 19:09:56.859 WIB" StructureHandle="local-60" StructureKind="timing"/><InteractionEvent Delta="activated" EndDate="2019-06-24 19:12:26.150 WIB" Interest="1.0" Kind="command" Navigation="" OriginId="org.eclipse.ui.workbench" StartDate="2019-06-24 19:12:26.150 WIB" StructureHandle="local-60" StructureKind="activation"/><InteractionEvent Delta="activated" EndDate="2019-06-24 19:13:29.741 WIB" Interest="1.0" Kind="command" Navigation="" OriginId="org.eclipse.ui.workbench" StartDate="2019-06-24 19:13:29.741 WIB" StructureHandle="local-60" StructureKind="activation"/><InteractionEvent Delta="added" EndDate="2019-06-24 19:15:08.801 WIB" Interest="1.0" Kind="attention" Navigation="" OriginId="org.eclipse.ui.workbench" StartDate="2019-06-24 19:13:37.356 WIB" StructureHandle="local-60" StructureKind="timing"/><InteractionEvent Delta="activated" EndDate="2019-06-24 19:16:03.682 WIB" Interest="1.0" Kind="command" Navigation="" OriginId="org.eclipse.ui.workbench" StartDate="2019-06-24 19:16:03.682 WIB" StructureHandle="local-60" StructureKind="activation"/><InteractionEvent Delta="added" EndDate="2019-06-24 19:17:17.747 WIB" Interest="1.0" Kind="attention" Navigation="" OriginId="org.eclipse.ui.workbench" StartDate="2019-06-24 19:16:16.816 WIB" StructureHandle="local-60" StructureKind="timing"/><InteractionEvent Delta="activated" EndDate="2019-06-24 19:17:49.834 WIB" Interest="1.0" Kind="command" Navigation="" OriginId="org.eclipse.ui.workbench" StartDate="2019-06-24 19:17:49.834 WIB" StructureHandle="local-60" StructureKind="activation"/><InteractionEvent Delta="activated" EndDate="2019-06-24 19:19:19.412 WIB" Interest="1.0" Kind="command" Navigation="" OriginId="org.eclipse.ui.workbench" StartDate="2019-06-24 19:19:19.412 WIB" StructureHandle="local-60" StructureKind="activation"/><InteractionEvent Delta="added" EndDate="2019-06-24 19:20:58.555 WIB" Interest="1.0" Kind="attention" Navigation="" OriginId="org.eclipse.ui.workbench" StartDate="2019-06-24 19:19:25.579 WIB" StructureHandle="local-60" StructureKind="timing"/><InteractionEvent Delta="activated" EndDate="2019-06-24 19:21:23.335 WIB" Interest="1.0" Kind="command" Navigation="" OriginId="org.eclipse.ui.workbench" StartDate="2019-06-24 19:21:23.335 WIB" StructureHandle="local-60" StructureKind="activation"/><InteractionEvent Delta="added" EndDate="2019-06-24 20:00:05.260 WIB" Interest="1.0" Kind="attention" Navigation="" OriginId="org.eclipse.ui.workbench" StartDate="2019-06-24 19:23:31.717 WIB" StructureHandle="local-60" StructureKind="timing"/><InteractionEvent Delta="added" EndDate="2019-06-24 20:13:38.854 WIB" Interest="1.0" Kind="attention" Navigation="" OriginId="org.eclipse.ui.workbench" StartDate="2019-06-24 20:00:05.260 WIB" StructureHandle="local-60" StructureKind="timing"/><InteractionEvent Delta="added" EndDate="2019-06-24 22:00:10.891 WIB" Interest="1.0" Kind="attention" Navigation="" OriginId="org.eclipse.ui.workbench" StartDate="2019-06-24 21:00:07.117 WIB" StructureHandle="local-60" StructureKind="timing"/><InteractionEvent Delta="added" EndDate="2019-06-24 22:51:13.767 WIB" Interest="1.0" Kind="attention" Navigation="" OriginId="org.eclipse.ui.workbench" StartDate="2019-06-24 22:00:10.891 WIB" StructureHandle="local-60" StructureKind="timing"/><InteractionEvent Delta="added" EndDate="2019-06-24 23:28:59.3 WIB" Interest="1.0" Kind="attention" Navigation="" OriginId="org.eclipse.ui.workbench" StartDate="2019-06-24 23:26:26.102 WIB" StructureHandle="local-60" StructureKind="timing"/><InteractionEvent Delta="added" EndDate="2019-06-25 01:00:24.729 WIB" Interest="1.0" Kind="attention" Navigation="" OriginId="org.eclipse.ui.workbench" StartDate="2019-06-25 00:59:24.229 WIB" StructureHandle="local-60" StructureKind="timing"/><InteractionEvent Delta="added" EndDate="2019-06-25 01:19:58.653 WIB" Interest="1.0" Kind="attention" Navigation="" OriginId="org.eclipse.ui.workbench" StartDate="2019-06-25 01:00:24.729 WIB" StructureHandle="local-60" StructureKind="timing"/><InteractionEvent Delta="activated" EndDate="2019-06-25 01:36:30.758 WIB" Interest="1.0" Kind="command" Navigation="" OriginId="org.eclipse.ui.workbench" StartDate="2019-06-25 01:36:30.758 WIB" StructureHandle="local-60" StructureKind="activation"/><InteractionEvent Delta="added" EndDate="2019-06-25 01:42:44.843 WIB" Interest="1.0" Kind="attention" Navigation="" OriginId="org.eclipse.ui.workbench" StartDate="2019-06-25 01:36:42.656 WIB" StructureHandle="local-60" StructureKind="timing"/><InteractionEvent Delta="activated" EndDate="2019-06-25 01:44:31.958 WIB" Interest="1.0" Kind="command" Navigation="" OriginId="org.eclipse.ui.workbench" StartDate="2019-06-25 01:44:31.958 WIB" StructureHandle="local-60" StructureKind="activation"/><InteractionEvent Delta="added" EndDate="2019-06-25 01:51:44.47 WIB" Interest="1.0" Kind="attention" Navigation="" OriginId="org.eclipse.ui.workbench" StartDate="2019-06-25 01:45:07.304 WIB" StructureHandle="local-60" StructureKind="timing"/><InteractionEvent Delta="added" EndDate="2019-06-25 02:38:41.57 WIB" Interest="1.0" Kind="attention" Navigation="" OriginId="org.eclipse.ui.workbench" StartDate="2019-06-25 02:22:09.553 WIB" StructureHandle="local-60" StructureKind="timing"/><InteractionEvent Delta="deactivated" EndDate="2019-06-25 02:38:48.785 WIB" Interest="1.0" Kind="command" Navigation="" OriginId="org.eclipse.ui.workbench" StartDate="2019-06-25 02:38:48.785 WIB" StructureHandle="local-60" StructureKind="activation"/><InteractionEvent Delta="activated" EndDate="2019-06-25 02:38:48.792 WIB" Interest="1.0" Kind="command" Navigation="" OriginId="org.eclipse.ui.workbench" StartDate="2019-06-25 02:38:48.792 WIB" StructureHandle="local-62" StructureKind="activation"/><InteractionEvent Delta="added" EndDate="2019-06-25 02:47:41.472 WIB" Interest="1.0" Kind="attention" Navigation="" OriginId="org.eclipse.ui.workbench" StartDate="2019-06-25 02:38:41.57 WIB" StructureHandle="local-62" StructureKind="timing"/><InteractionEvent Delta="deactivated" EndDate="2019-06-25 02:47:53.575 WIB" Interest="1.0" Kind="command" Navigation="" OriginId="org.eclipse.ui.workbench" StartDate="2019-06-25 02:47:53.575 WIB" StructureHandle="local-62" StructureKind="activation"/><InteractionEvent Delta="activated" EndDate="2019-06-25 02:48:02.732 WIB" Interest="1.0" Kind="command" Navigation="" OriginId="org.eclipse.ui.workbench" StartDate="2019-06-25 02:48:02.732 WIB" StructureHandle="local-60" StructureKind="activation"/><InteractionEvent Delta="added" EndDate="2019-06-25 02:54:41.993 WIB" Interest="1.0" Kind="attention" Navigation="" OriginId="org.eclipse.ui.workbench" StartDate="2019-06-25 02:47:41.472 WIB" StructureHandle="local-60" StructureKind="timing"/><InteractionEvent Delta="added" EndDate="2019-06-25 03:26:28.492 WIB" Interest="1.0" Kind="attention" Navigation="" OriginId="org.eclipse.ui.workbench" StartDate="2019-06-25 03:00:24.267 WIB" StructureHandle="local-60" StructureKind="timing"/><InteractionEvent Delta="activated" EndDate="2019-06-25 03:28:29.844 WIB" Interest="1.0" Kind="command" Navigation="" OriginId="org.eclipse.ui.workbench" StartDate="2019-06-25 03:28:29.844 WIB" StructureHandle="local-60" StructureKind="activation"/><InteractionEvent Delta="added" EndDate="2019-06-25 03:35:09.29 WIB" Interest="1.0" Kind="attention" Navigation="" OriginId="org.eclipse.ui.workbench" StartDate="2019-06-25 03:28:36.294 WIB" StructureHandle="local-60" StructureKind="timing"/><InteractionEvent Delta="activated" EndDate="2019-06-25 03:35:54.903 WIB" Interest="1.0" Kind="command" Navigation="" OriginId="org.eclipse.ui.workbench" StartDate="2019-06-25 03:35:54.903 WIB" StructureHandle="local-60" StructureKind="activation"/><InteractionEvent Delta="added" EndDate="2019-06-25 03:39:43.513 WIB" Interest="1.0" Kind="attention" Navigation="" OriginId="org.eclipse.ui.workbench" StartDate="2019-06-25 03:36:41.37 WIB" StructureHandle="local-60" StructureKind="timing"/><InteractionEvent Delta="activated" EndDate="2019-06-25 03:40:15.505 WIB" Interest="1.0" Kind="command" Navigation="" OriginId="org.eclipse.ui.workbench" StartDate="2019-06-25 03:40:15.505 WIB" StructureHandle="local-60" StructureKind="activation"/><InteractionEvent Delta="added" EndDate="2019-06-25 03:52:29.995 WIB" Interest="1.0" Kind="attention" Navigation="" OriginId="org.eclipse.ui.workbench" StartDate="2019-06-25 03:40:28.530 WIB" StructureHandle="local-60" StructureKind="timing"/><InteractionEvent Delta="activated" EndDate="2019-06-25 03:53:00.624 WIB" Interest="1.0" Kind="command" Navigation="" OriginId="org.eclipse.ui.workbench" StartDate="2019-06-25 03:53:00.624 WIB" StructureHandle="local-60" StructureKind="activation"/><InteractionEvent Delta="added" EndDate="2019-06-25 03:58:14.632 WIB" Interest="1.0" Kind="attention" Navigation="" OriginId="org.eclipse.ui.workbench" StartDate="2019-06-25 03:53:14.92 WIB" StructureHandle="local-60" StructureKind="timing"/><InteractionEvent Delta="activated" EndDate="2019-06-25 03:58:53.647 WIB" Interest="1.0" Kind="command" Navigation="" OriginId="org.eclipse.ui.workbench" StartDate="2019-06-25 03:58:53.647 WIB" StructureHandle="local-60" StructureKind="activation"/><InteractionEvent Delta="added" EndDate="2019-06-25 04:08:39.222 WIB" Interest="1.0" Kind="attention" Navigation="" OriginId="org.eclipse.ui.workbench" StartDate="2019-06-25 04:02:37.650 WIB" StructureHandle="local-60" StructureKind="timing"/><InteractionEvent Delta="added" EndDate="2019-06-25 20:00:14.449 WIB" Interest="1.0" Kind="attention" Navigation="" OriginId="org.eclipse.ui.workbench" StartDate="2019-06-25 19:49:13.146 WIB" StructureHandle="none" StructureKind="workingset"/><InteractionEvent Delta="added" EndDate="2019-06-25 20:35:19.944 WIB" Interest="1.0" Kind="attention" Navigation="" OriginId="org.eclipse.ui.workbench" StartDate="2019-06-25 20:00:14.449 WIB" StructureHandle="none" StructureKind="workingset"/><InteractionEvent Delta="added" EndDate="2019-06-25 21:07:08.339 WIB" Interest="1.0" Kind="attention" Navigation="" OriginId="org.eclipse.ui.workbench" StartDate="2019-06-25 21:00:07.834 WIB" StructureHandle="none" StructureKind="workingset"/><InteractionEvent Delta="activated" EndDate="2019-06-25 21:07:32.107 WIB" Interest="1.0" Kind="command" Navigation="" OriginId="org.eclipse.ui.workbench" StartDate="2019-06-25 21:07:32.107 WIB" StructureHandle="local-49" StructureKind="activation"/><InteractionEvent Delta="added" EndDate="2019-06-25 22:00:11.451 WIB" Interest="1.0" Kind="attention" Navigation="" OriginId="org.eclipse.ui.workbench" StartDate="2019-06-25 21:07:08.339 WIB" StructureHandle="local-49" StructureKind="timing"/><InteractionEvent Delta="added" EndDate="2019-06-25 22:08:44.575 WIB" Interest="1.0" Kind="attention" Navigation="" OriginId="org.eclipse.ui.workbench" StartDate="2019-06-25 22:00:11.451 WIB" StructureHandle="local-49" StructureKind="timing"/><InteractionEvent Delta="deactivated" EndDate="2019-06-25 22:09:56.335 WIB" Interest="1.0" Kind="command" Navigation="" OriginId="org.eclipse.ui.workbench" StartDate="2019-06-25 22:09:56.335 WIB" StructureHandle="local-49" StructureKind="activation"/><InteractionEvent Delta="added" EndDate="2019-06-25 23:55:30.952 WIB" Interest="1.0" Kind="attention" Navigation="" OriginId="org.eclipse.ui.workbench" StartDate="2019-06-25 23:54:59.605 WIB" StructureHandle="none" StructureKind="workingset"/><InteractionEvent Delta="added" EndDate="2019-06-26 00:12:58.36 WIB" Interest="1.0" Kind="attention" Navigation="" OriginId="org.eclipse.ui.workbench" StartDate="2019-06-26 00:04:54.21 WIB" StructureHandle="none" StructureKind="workingset"/><InteractionEvent Delta="activated" EndDate="2019-06-26 00:27:48.97 WIB" Interest="1.0" Kind="command" Navigation="" OriginId="org.eclipse.ui.workbench" StartDate="2019-06-26 00:27:48.97 WIB" StructureHandle="local-60" StructureKind="activation"/><InteractionEvent Delta="added" EndDate="2019-06-26 00:37:16.787 WIB" Interest="1.0" Kind="attention" Navigation="" OriginId="org.eclipse.ui.workbench" StartDate="2019-06-26 00:27:40.442 WIB" StructureHandle="local-60" StructureKind="timing"/><InteractionEvent Delta="activated" EndDate="2019-06-26 00:40:00.506 WIB" Interest="1.0" Kind="command" Navigation="" OriginId="org.eclipse.ui.workbench" StartDate="2019-06-26 00:40:00.506 WIB" StructureHandle="local-60" StructureKind="activation"/><InteractionEvent Delta="added" EndDate="2019-06-26 00:43:33.940 WIB" Interest="1.0" Kind="attention" Navigation="" OriginId="org.eclipse.ui.workbench" StartDate="2019-06-26 00:40:28.849 WIB" StructureHandle="local-60" StructureKind="timing"/><InteractionEvent Delta="added" EndDate="2019-06-26 01:18:07.41 WIB" Interest="1.0" Kind="attention" Navigation="" OriginId="org.eclipse.ui.workbench" StartDate="2019-06-26 01:15:03.832 WIB" StructureHandle="local-60" StructureKind="timing"/><InteractionEvent Delta="activated" EndDate="2019-06-26 01:18:51.60 WIB" Interest="1.0" Kind="command" Navigation="" OriginId="org.eclipse.ui.workbench" StartDate="2019-06-26 01:18:51.60 WIB" StructureHandle="local-60" StructureKind="activation"/><InteractionEvent Delta="added" EndDate="2019-06-26 01:37:42.105 WIB" Interest="1.0" Kind="attention" Navigation="" OriginId="org.eclipse.ui.workbench" StartDate="2019-06-26 01:19:39.821 WIB" StructureHandle="local-60" StructureKind="timing"/><InteractionEvent Delta="added" EndDate="2019-06-26 02:20:44.483 WIB" Interest="1.0" Kind="attention" Navigation="" OriginId="org.eclipse.ui.workbench" StartDate="2019-06-26 02:00:10.378 WIB" StructureHandle="local-60" StructureKind="timing"/><InteractionEvent Delta="activated" EndDate="2019-06-26 02:57:01.131 WIB" Interest="1.0" Kind="command" Navigation="" OriginId="org.eclipse.ui.workbench" StartDate="2019-06-26 02:57:01.131 WIB" StructureHandle="local-60" StructureKind="activation"/><InteractionEvent Delta="added" EndDate="2019-06-26 03:08:49.567 WIB" Interest="1.0" Kind="attention" Navigation="" OriginId="org.eclipse.ui.workbench" StartDate="2019-06-26 03:08:18.19 WIB" StructureHandle="local-60" StructureKind="timing"/><InteractionEvent Delta="activated" EndDate="2019-06-26 03:09:38.978 WIB" Interest="1.0" Kind="command" Navigation="" OriginId="org.eclipse.ui.workbench" StartDate="2019-06-26 03:09:38.978 WIB" StructureHandle="local-60" StructureKind="activation"/><InteractionEvent Delta="added" EndDate="2019-06-26 03:16:53.441 WIB" Interest="1.0" Kind="attention" Navigation="" OriginId="org.eclipse.ui.workbench" StartDate="2019-06-26 03:09:52.171 WIB" StructureHandle="local-60" StructureKind="timing"/><InteractionEvent Delta="added" EndDate="2019-06-26 06:23:58.471 WIB" Interest="1.0" Kind="attention" Navigation="" OriginId="org.eclipse.ui.workbench" StartDate="2019-06-26 06:17:53.120 WIB" StructureHandle="local-60" StructureKind="timing"/><InteractionEvent Delta="activated" EndDate="2019-06-27 15:48:11.357 WIB" Interest="1.0" Kind="command" Navigation="" OriginId="org.eclipse.ui.workbench" StartDate="2019-06-27 15:48:11.357 WIB" StructureHandle="local-60" StructureKind="activation"/><InteractionEvent Delta="added" EndDate="2019-06-27 15:56:07.564 WIB" Interest="1.0" Kind="attention" Navigation="" OriginId="org.eclipse.ui.workbench" StartDate="2019-06-27 15:55:07.101 WIB" StructureHandle="local-60" StructureKind="timing"/><InteractionEvent Delta="activated" EndDate="2019-06-27 15:56:46.117 WIB" Interest="1.0" Kind="command" Navigation="" OriginId="org.eclipse.ui.workbench" StartDate="2019-06-27 15:56:46.117 WIB" StructureHandle="local-60" StructureKind="activation"/><InteractionEvent Delta="added" EndDate="2019-06-27 16:00:24.832 WIB" Interest="1.0" Kind="attention" Navigation="" OriginId="org.eclipse.ui.workbench" StartDate="2019-06-27 15:56:51.71 WIB" StructureHandle="local-60" StructureKind="timing"/><InteractionEvent Delta="added" EndDate="2019-06-27 16:10:58.606 WIB" Interest="1.0" Kind="attention" Navigation="" OriginId="org.eclipse.ui.workbench" StartDate="2019-06-27 16:00:24.832 WIB" StructureHandle="local-60" StructureKind="timing"/><InteractionEvent Delta="added" EndDate="2019-06-27 18:00:29.304 WIB" Interest="1.0" Kind="attention" Navigation="" OriginId="org.eclipse.ui.workbench" StartDate="2019-06-27 17:17:25.634 WIB" StructureHandle="local-60" StructureKind="timing"/><InteractionEvent Delta="added" EndDate="2019-06-27 18:47:33.100 WIB" Interest="1.0" Kind="attention" Navigation="" OriginId="org.eclipse.ui.workbench" StartDate="2019-06-27 18:00:29.304 WIB" StructureHandle="local-60" StructureKind="timing"/><InteractionEvent Delta="added" EndDate="2019-06-27 20:00:09.93 WIB" Interest="1.0" Kind="attention" Navigation="" OriginId="org.eclipse.ui.workbench" StartDate="2019-06-27 19:00:05.832 WIB" StructureHandle="local-60" StructureKind="timing"/><InteractionEvent Delta="added" EndDate="2019-06-27 20:54:49.837 WIB" Interest="1.0" Kind="attention" Navigation="" OriginId="org.eclipse.ui.workbench" StartDate="2019-06-27 20:00:09.93 WIB" StructureHandle="local-60" StructureKind="timing"/><InteractionEvent Delta="added" EndDate="2019-06-27 21:30:40.591 WIB" Interest="1.0" Kind="attention" Navigation="" OriginId="org.eclipse.ui.workbench" StartDate="2019-06-27 21:00:04.235 WIB" StructureHandle="local-60" StructureKind="timing"/><InteractionEvent Delta="deactivated" EndDate="2019-06-27 21:36:23.158 WIB" Interest="1.0" Kind="command" Navigation="" OriginId="org.eclipse.ui.workbench" StartDate="2019-06-27 21:36:23.158 WIB" StructureHandle="local-60" StructureKind="activation"/><InteractionEvent Delta="added" EndDate="2019-06-28 17:27:27.338 WIB" Interest="1.0" Kind="attention" Navigation="" OriginId="org.eclipse.ui.workbench" StartDate="2019-06-28 17:17:25.179 WIB" StructureHandle="none" StructureKind="workingset"/><InteractionEvent Delta="added" EndDate="2019-06-28 18:52:02.736 WIB" Interest="1.0" Kind="attention" Navigation="" OriginId="org.eclipse.ui.workbench" StartDate="2019-06-28 18:48:01.718 WIB" StructureHandle="none" StructureKind="workingset"/><InteractionEvent Delta="activated" EndDate="2019-06-28 18:52:08.3 WIB" Interest="1.0" Kind="command" Navigation="" OriginId="org.eclipse.ui.workbench" StartDate="2019-06-28 18:52:08.3 WIB" StructureHandle="local-60" StructureKind="activation"/><InteractionEvent Delta="added" EndDate="2019-06-28 18:59:33.4 WIB" Interest="1.0" Kind="attention" Navigation="" OriginId="org.eclipse.ui.workbench" StartDate="2019-06-28 18:52:02.736 WIB" StructureHandle="local-60" StructureKind="timing"/><InteractionEvent Delta="added" EndDate="2019-06-28 19:19:29.656 WIB" Interest="1.0" Kind="attention" Navigation="" OriginId="org.eclipse.ui.workbench" StartDate="2019-06-28 19:01:28.510 WIB" StructureHandle="local-60" StructureKind="timing"/><InteractionEvent Delta="activated" EndDate="2019-06-28 19:20:06.714 WIB" Interest="1.0" Kind="command" Navigation="" OriginId="org.eclipse.ui.workbench" StartDate="2019-06-28 19:20:06.714 WIB" StructureHandle="local-60" StructureKind="activation"/><InteractionEvent Delta="added" EndDate="2019-06-28 20:00:08.664 WIB" Interest="1.0" Kind="attention" Navigation="" OriginId="org.eclipse.ui.workbench" StartDate="2019-06-28 19:20:34.78 WIB" StructureHandle="local-60" StructureKind="timing"/><InteractionEvent Delta="added" EndDate="2019-06-28 20:50:44.819 WIB" Interest="1.0" Kind="attention" Navigation="" OriginId="org.eclipse.ui.workbench" StartDate="2019-06-28 20:00:08.664 WIB" StructureHandle="local-60" StructureKind="timing"/><InteractionEvent Delta="added" EndDate="2019-06-28 21:55:16.604 WIB" Interest="1.0" Kind="attention" Navigation="" OriginId="org.eclipse.ui.workbench" StartDate="2019-06-28 21:00:10.231 WIB" StructureHandle="local-60" StructureKind="timing"/><InteractionEvent Delta="added" EndDate="2019-06-28 22:48:03.793 WIB" Interest="1.0" Kind="attention" Navigation="" OriginId="org.eclipse.ui.workbench" StartDate="2019-06-28 22:00:00.389 WIB" StructureHandle="local-60" StructureKind="timing"/><InteractionEvent Delta="deactivated" EndDate="2019-06-28 22:55:57.486 WIB" Interest="1.0" Kind="command" Navigation="" OriginId="org.eclipse.ui.workbench" StartDate="2019-06-28 22:55:57.486 WIB" StructureHandle="local-60" StructureKind="activation"/><InteractionEvent Delta="activated" EndDate="2019-06-28 23:49:35.372 WIB" Interest="1.0" Kind="command" Navigation="" OriginId="org.eclipse.ui.workbench" StartDate="2019-06-28 23:49:35.372 WIB" StructureHandle="local-60" StructureKind="activation"/><InteractionEvent Delta="added" EndDate="2019-06-28 23:50:22.980 WIB" Interest="1.0" Kind="attention" Navigation="" OriginId="org.eclipse.ui.workbench" StartDate="2019-06-28 23:49:21.664 WIB" StructureHandle="local-60" StructureKind="timing"/><InteractionEvent Delta="deactivated" EndDate="2019-06-28 23:50:23.655 WIB" Interest="1.0" Kind="command" Navigation="" OriginId="org.eclipse.ui.workbench" StartDate="2019-06-28 23:50:23.655 WIB" StructureHandle="local-60" StructureKind="activation"/><InteractionEvent Delta="activated" EndDate="2019-06-28 23:50:26.468 WIB" Interest="1.0" Kind="command" Navigation="" OriginId="org.eclipse.ui.workbench" StartDate="2019-06-28 23:50:26.468 WIB" StructureHandle="local-60" StructureKind="activation"/><InteractionEvent Delta="added" EndDate="2019-06-28 23:53:23.136 WIB" Interest="1.0" Kind="attention" Navigation="" OriginId="org.eclipse.ui.workbench" StartDate="2019-06-28 23:50:22.980 WIB" StructureHandle="local-60" StructureKind="timing"/><InteractionEvent Delta="added" EndDate="2019-06-29 00:24:23.299 WIB" Interest="1.0" Kind="attention" Navigation="" OriginId="org.eclipse.ui.workbench" StartDate="2019-06-29 00:09:48.359 WIB" StructureHandle="local-60" StructureKind="timing"/><InteractionEvent Delta="added" EndDate="2019-06-29 01:52:44.927 WIB" Interest="1.0" Kind="attention" Navigation="" OriginId="org.eclipse.ui.workbench" StartDate="2019-06-29 01:00:12.50 WIB" StructureHandle="local-60" StructureKind="timing"/><InteractionEvent Delta="added" EndDate="2019-06-29 02:50:15.865 WIB" Interest="1.0" Kind="attention" Navigation="" OriginId="org.eclipse.ui.workbench" StartDate="2019-06-29 02:00:12.623 WIB" StructureHandle="local-60" StructureKind="timing"/><InteractionEvent Delta="added" EndDate="2019-06-29 03:57:13.992 WIB" Interest="1.0" Kind="attention" Navigation="" OriginId="org.eclipse.ui.workbench" StartDate="2019-06-29 03:06:10.291 WIB" StructureHandle="local-60" StructureKind="timing"/><InteractionEvent Delta="added" EndDate="2019-06-29 04:57:38.511 WIB" Interest="1.0" Kind="attention" Navigation="" OriginId="org.eclipse.ui.workbench" StartDate="2019-06-29 04:00:04.851 WIB" StructureHandle="local-60" StructureKind="timing"/><InteractionEvent Delta="added" EndDate="2019-06-29 06:00:11.442 WIB" Interest="1.0" Kind="attention" Navigation="" OriginId="org.eclipse.ui.workbench" StartDate="2019-06-29 05:00:08.16 WIB" StructureHandle="local-60" StructureKind="timing"/><InteractionEvent Delta="added" EndDate="2019-06-29 06:16:12.198 WIB" Interest="1.0" Kind="attention" Navigation="" OriginId="org.eclipse.ui.workbench" StartDate="2019-06-29 06:00:11.442 WIB" StructureHandle="local-60" StructureKind="timing"/><InteractionEvent Delta="activated" EndDate="2019-06-29 06:17:17.431 WIB" Interest="1.0" Kind="command" Navigation="" OriginId="org.eclipse.ui.workbench" StartDate="2019-06-29 06:17:17.431 WIB" StructureHandle="local-60" StructureKind="activation"/><InteractionEvent Delta="activated" EndDate="2019-06-29 15:57:42.277 WIB" Interest="1.0" Kind="command" Navigation="" OriginId="org.eclipse.ui.workbench" StartDate="2019-06-29 15:57:42.277 WIB" StructureHandle="local-60" StructureKind="activation"/><InteractionEvent Delta="added" EndDate="2019-06-29 16:00:00.453 WIB" Interest="1.0" Kind="attention" Navigation="" OriginId="org.eclipse.ui.workbench" StartDate="2019-06-29 15:57:57.822 WIB" StructureHandle="local-60" StructureKind="timing"/><InteractionEvent Delta="added" EndDate="2019-06-29 16:08:01.113 WIB" Interest="1.0" Kind="attention" Navigation="" OriginId="org.eclipse.ui.workbench" StartDate="2019-06-29 16:00:00.453 WIB" StructureHandle="local-60" StructureKind="timing"/><InteractionEvent Delta="added" EndDate="2019-06-29 17:26:36.976 WIB" Interest="1.0" Kind="attention" Navigation="" OriginId="org.eclipse.ui.workbench" StartDate="2019-06-29 17:00:05.139 WIB" StructureHandle="local-60" StructureKind="timing"/><InteractionEvent Delta="added" EndDate="2019-06-29 19:00:15.804 WIB" Interest="1.0" Kind="attention" Navigation="" OriginId="org.eclipse.ui.workbench" StartDate="2019-06-29 18:52:44.486 WIB" StructureHandle="local-60" StructureKind="timing"/><InteractionEvent Delta="added" EndDate="2019-06-29 19:53:32.916 WIB" Interest="1.0" Kind="attention" Navigation="" OriginId="org.eclipse.ui.workbench" StartDate="2019-06-29 19:07:58.383 WIB" StructureHandle="local-60" StructureKind="timing"/><InteractionEvent Delta="added" EndDate="2019-06-29 20:38:40.648 WIB" Interest="1.0" Kind="attention" Navigation="" OriginId="org.eclipse.ui.workbench" StartDate="2019-06-29 20:21:07.298 WIB" StructureHandle="local-60" StructureKind="timing"/><InteractionEvent Delta="added" EndDate="2019-06-29 21:52:14.656 WIB" Interest="1.0" Kind="attention" Navigation="" OriginId="org.eclipse.ui.workbench" StartDate="2019-06-29 21:10:12.421 WIB" StructureHandle="local-60" StructureKind="timing"/><InteractionEvent Delta="added" EndDate="2019-06-29 22:59:32.431 WIB" Interest="1.0" Kind="attention" Navigation="" OriginId="org.eclipse.ui.workbench" StartDate="2019-06-29 22:03:59.73 WIB" StructureHandle="local-60" StructureKind="timing"/><InteractionEvent Delta="added" EndDate="2019-06-29 23:07:49.520 WIB" Interest="1.0" Kind="attention" Navigation="" OriginId="org.eclipse.ui.workbench" StartDate="2019-06-29 23:00:17.347 WIB" StructureHandle="local-60" StructureKind="timing"/><InteractionEvent Delta="added" EndDate="2019-06-30 01:00:05.849 WIB" Interest="1.0" Kind="attention" Navigation="" OriginId="org.eclipse.ui.workbench" StartDate="2019-06-30 00:05:01.246 WIB" StructureHandle="local-60" StructureKind="timing"/><InteractionEvent Delta="added" EndDate="2019-06-30 01:39:08.870 WIB" Interest="1.0" Kind="attention" Navigation="" OriginId="org.eclipse.ui.workbench" StartDate="2019-06-30 01:00:05.849 WIB" StructureHandle="local-60" StructureKind="timing"/><InteractionEvent Delta="added" EndDate="2019-06-30 02:36:04.961 WIB" Interest="1.0" Kind="attention" Navigation="" OriginId="org.eclipse.ui.workbench" StartDate="2019-06-30 02:00:03.141 WIB" StructureHandle="local-60" StructureKind="timing"/><InteractionEvent Delta="activated" EndDate="2019-06-30 14:41:07.675 WIB" Interest="1.0" Kind="command" Navigation="" OriginId="org.eclipse.ui.workbench" StartDate="2019-06-30 14:41:07.675 WIB" StructureHandle="local-60" StructureKind="activation"/><InteractionEvent Delta="added" EndDate="2019-06-30 14:59:50.765 WIB" Interest="1.0" Kind="attention" Navigation="" OriginId="org.eclipse.ui.workbench" StartDate="2019-06-30 14:54:50.488 WIB" StructureHandle="local-60" StructureKind="timing"/><InteractionEvent Delta="added" EndDate="2019-06-30 15:35:42.762 WIB" Interest="1.0" Kind="attention" Navigation="" OriginId="org.eclipse.ui.workbench" StartDate="2019-06-30 15:00:35.562 WIB" StructureHandle="local-60" StructureKind="timing"/><InteractionEvent Delta="activated" EndDate="2019-06-30 15:52:14.567 WIB" Interest="1.0" Kind="command" Navigation="" OriginId="org.eclipse.ui.workbench" StartDate="2019-06-30 15:52:14.567 WIB" StructureHandle="local-60" StructureKind="activation"/><InteractionEvent Delta="added" EndDate="2019-06-30 15:56:28.697 WIB" Interest="1.0" Kind="attention" Navigation="" OriginId="org.eclipse.ui.workbench" StartDate="2019-06-30 15:52:27.532 WIB" StructureHandle="local-60" StructureKind="timing"/><InteractionEvent Delta="deactivated" EndDate="2019-06-30 15:56:45.360 WIB" Interest="1.0" Kind="command" Navigation="" OriginId="org.eclipse.ui.workbench" StartDate="2019-06-30 15:56:45.360 WIB" StructureHandle="local-60" StructureKind="activation"/><InteractionEvent Delta="activated" EndDate="2019-06-30 15:56:48.973 WIB" Interest="1.0" Kind="command" Navigation="" OriginId="org.eclipse.ui.workbench" StartDate="2019-06-30 15:56:48.973 WIB" StructureHandle="local-62" StructureKind="activation"/><InteractionEvent Delta="added" EndDate="2019-06-30 15:59:58.883 WIB" Interest="1.0" Kind="attention" Navigation="" OriginId="org.eclipse.ui.workbench" StartDate="2019-06-30 15:56:28.697 WIB" StructureHandle="local-62" StructureKind="timing"/><InteractionEvent Delta="added" EndDate="2019-06-30 16:47:28.963 WIB" Interest="1.0" Kind="attention" Navigation="" OriginId="org.eclipse.ui.workbench" StartDate="2019-06-30 16:20:57.443 WIB" StructureHandle="local-62" StructureKind="timing"/><InteractionEvent Delta="added" EndDate="2019-06-30 17:56:09.180 WIB" Interest="1.0" Kind="attention" Navigation="" OriginId="org.eclipse.ui.workbench" StartDate="2019-06-30 17:51:08.576 WIB" StructureHandle="local-62" StructureKind="timing"/><InteractionEvent Delta="added" EndDate="2019-06-30 18:46:01.575 WIB" Interest="1.0" Kind="attention" Navigation="" OriginId="org.eclipse.ui.workbench" StartDate="2019-06-30 18:03:27.31 WIB" StructureHandle="local-62" StructureKind="timing"/><InteractionEvent Delta="added" EndDate="2019-06-30 20:00:28.200 WIB" Interest="1.0" Kind="attention" Navigation="" OriginId="org.eclipse.ui.workbench" StartDate="2019-06-30 19:13:24.281 WIB" StructureHandle="local-62" StructureKind="timing"/><InteractionEvent Delta="added" EndDate="2019-06-30 20:26:29.629 WIB" Interest="1.0" Kind="attention" Navigation="" OriginId="org.eclipse.ui.workbench" StartDate="2019-06-30 20:00:28.200 WIB" StructureHandle="local-62" StructureKind="timing"/><InteractionEvent Delta="added" EndDate="2019-06-30 21:45:03.982 WIB" Interest="1.0" Kind="attention" Navigation="" OriginId="org.eclipse.ui.workbench" StartDate="2019-06-30 21:04:58.969 WIB" StructureHandle="local-62" StructureKind="timing"/><InteractionEvent Delta="added" EndDate="2019-06-30 22:57:38.814 WIB" Interest="1.0" Kind="attention" Navigation="" OriginId="org.eclipse.ui.workbench" StartDate="2019-06-30 22:00:03.118 WIB" StructureHandle="local-62" StructureKind="timing"/><InteractionEvent Delta="added" EndDate="2019-07-01 00:00:15.275 WIB" Interest="1.0" Kind="attention" Navigation="" OriginId="org.eclipse.ui.workbench" StartDate="2019-06-30 23:00:12.446 WIB" StructureHandle="local-62" StructureKind="timing"/><InteractionEvent Delta="added" EndDate="2019-07-01 00:49:18.399 WIB" Interest="1.0" Kind="attention" Navigation="" OriginId="org.eclipse.ui.workbench" StartDate="2019-07-01 00:00:15.275 WIB" StructureHandle="local-62" StructureKind="timing"/><InteractionEvent Delta="added" EndDate="2019-07-01 01:14:18.928 WIB" Interest="1.0" Kind="attention" Navigation="" OriginId="org.eclipse.ui.workbench" StartDate="2019-07-01 01:00:17.422 WIB" StructureHandle="local-62" StructureKind="timing"/><InteractionEvent Delta="activated" EndDate="2019-07-01 01:18:19.481 WIB" Interest="1.0" Kind="command" Navigation="" OriginId="org.eclipse.ui.workbench" StartDate="2019-07-01 01:18:19.481 WIB" StructureHandle="local-62" StructureKind="activation"/><InteractionEvent Delta="added" EndDate="2019-07-01 01:37:37.890 WIB" Interest="1.0" Kind="attention" Navigation="" OriginId="org.eclipse.ui.workbench" StartDate="2019-07-01 01:19:00.256 WIB" StructureHandle="local-62" StructureKind="timing"/><InteractionEvent Delta="deactivated" EndDate="2019-07-01 02:41:01.668 WIB" Interest="1.0" Kind="command" Navigation="" OriginId="org.eclipse.ui.workbench" StartDate="2019-07-01 02:41:01.668 WIB" StructureHandle="local-62" StructureKind="activation"/><InteractionEvent Delta="added" EndDate="2019-07-01 02:47:54.243 WIB" Interest="1.0" Kind="attention" Navigation="" OriginId="org.eclipse.ui.workbench" StartDate="2019-07-01 02:40:51.757 WIB" StructureHandle="none" StructureKind="workingset"/><InteractionEvent Delta="added" EndDate="2019-07-01 15:42:12.699 WIB" Interest="1.0" Kind="attention" Navigation="" OriginId="org.eclipse.ui.workbench" StartDate="2019-07-01 15:05:36.200 WIB" StructureHandle="none" StructureKind="workingset"/><InteractionEvent Delta="added" EndDate="2019-07-01 16:29:39.508 WIB" Interest="1.0" Kind="attention" Navigation="" OriginId="org.eclipse.ui.workbench" StartDate="2019-07-01 16:00:06.819 WIB" StructureHandle="none" StructureKind="workingset"/><InteractionEvent Delta="activated" EndDate="2019-07-01 16:34:01.930 WIB" Interest="1.0" Kind="command" Navigation="" OriginId="org.eclipse.ui.workbench" StartDate="2019-07-01 16:34:01.930 WIB" StructureHandle="local-60" StructureKind="activation"/><InteractionEvent Delta="added" EndDate="2019-07-01 16:46:46.107 WIB" Interest="1.0" Kind="attention" Navigation="" OriginId="org.eclipse.ui.workbench" StartDate="2019-07-01 16:33:45.313 WIB" StructureHandle="local-60" StructureKind="timing"/><InteractionEvent Delta="added" EndDate="2019-07-01 18:40:32.455 WIB" Interest="1.0" Kind="attention" Navigation="" OriginId="org.eclipse.ui.workbench" StartDate="2019-07-01 18:26:00.874 WIB" StructureHandle="local-60" StructureKind="timing"/><InteractionEvent Delta="added" EndDate="2019-07-01 19:39:11.429 WIB" Interest="1.0" Kind="attention" Navigation="" OriginId="org.eclipse.ui.workbench" StartDate="2019-07-01 19:26:07.507 WIB" StructureHandle="local-60" StructureKind="timing"/><InteractionEvent Delta="activated" EndDate="2019-07-01 19:51:56.306 WIB" Interest="1.0" Kind="command" Navigation="" OriginId="org.eclipse.ui.workbench" StartDate="2019-07-01 19:51:56.306 WIB" StructureHandle="local-60" StructureKind="activation"/><InteractionEvent Delta="added" EndDate="2019-07-01 19:57:04.344 WIB" Interest="1.0" Kind="attention" Navigation="" OriginId="org.eclipse.ui.workbench" StartDate="2019-07-01 19:52:33.218 WIB" StructureHandle="local-60" StructureKind="timing"/><InteractionEvent Delta="deactivated" EndDate="2019-07-01 19:57:32.686 WIB" Interest="1.0" Kind="command" Navigation="" OriginId="org.eclipse.ui.workbench" StartDate="2019-07-01 19:57:32.686 WIB" StructureHandle="local-60" StructureKind="activation"/><InteractionEvent Delta="added" EndDate="2019-07-01 20:00:04.499 WIB" Interest="1.0" Kind="attention" Navigation="" OriginId="org.eclipse.ui.workbench" StartDate="2019-07-01 19:57:04.344 WIB" StructureHandle="none" StructureKind="workingset"/><InteractionEvent Delta="added" EndDate="2019-07-01 20:51:08.802 WIB" Interest="1.0" Kind="attention" Navigation="" OriginId="org.eclipse.ui.workbench" StartDate="2019-07-01 20:00:04.499 WIB" StructureHandle="none" StructureKind="workingset"/><InteractionEvent Delta="added" EndDate="2019-07-01 22:24:17.735 WIB" Interest="1.0" Kind="attention" Navigation="" OriginId="org.eclipse.ui.workbench" StartDate="2019-07-01 22:04:16.532 WIB" StructureHandle="none" StructureKind="workingset"/><InteractionEvent Delta="added" EndDate="2019-07-01 23:53:25.518 WIB" Interest="1.0" Kind="attention" Navigation="" OriginId="org.eclipse.ui.workbench" StartDate="2019-07-01 23:27:54.192 WIB" StructureHandle="none" StructureKind="workingset"/></InteractionHistory>