<?xml version="1.0" encoding="UTF-8"?><InteractionHistory Id="local-14" Version="1"><InteractionEvent Delta="null" EndDate="2019-06-11 04:58:50.784 WIB" Interest="46.144" Kind="propagation" Navigation="org.eclipse.mylyn.core.model.edges.containment" OriginId="org.eclipse.mylyn.core.model.interest.propagation" StartDate="2019-06-11 01:26:41.646 WIB" StructureHandle="" StructureKind="c/c++" NumEvents="71" CreationCount="60"/><InteractionEvent Delta="null" EndDate="2019-06-11 04:34:38.944 WIB" Interest="102.651" Kind="propagation" Navigation="org.eclipse.mylyn.core.model.edges.containment" OriginId="org.eclipse.mylyn.core.model.interest.propagation" StartDate="2019-06-11 04:08:05.486 WIB" StructureHandle="=eclipse-sample-plugin/src&amp;lt;com.spacetimecat.eclipse_sample_plugin{Sample_Activator.java" StructureKind="java" NumEvents="151" CreationCount="117"/><InteractionEvent Delta="null" EndDate="2019-06-11 04:53:17.585 WIB" Interest="15.0" Kind="selection" Navigation="null" OriginId="org.eclipse.ui.navigator.ProjectExplorer" StartDate="2019-06-11 04:08:03.792 WIB" StructureHandle="=eclipse-sample-plugin/src&amp;lt;com.spacetimecat.eclipse_sample_plugin{Sample_Activator.java" StructureKind="java" NumEvents="15" CreationCount="117"/><InteractionEvent Delta="null" EndDate="2019-06-11 04:17:27.697 WIB" Interest="2.0" Kind="selection" Navigation="null" OriginId="org.eclipse.jdt.ui.ClassFileEditor" StartDate="2019-06-11 04:17:23.472 WIB" StructureHandle="=External Plug-in Libraries/\/junk\/eclipse\/plugins\/org.eclipse.ui.workbench_3.113.0.v20190219-1432.jar&amp;lt;org.eclipse.ui(IWorkbenchActionConstants.class[IWorkbenchActionConstants^M_NAVIGATE" StructureKind="java" NumEvents="2" CreationCount="284"/><InteractionEvent Delta="null" EndDate="2019-06-11 04:43:09.405 WIB" Interest="4.0" Kind="selection" Navigation="null" OriginId="org.eclipse.pde.ui.manifestEditor" StartDate="2019-06-11 04:42:35.658 WIB" StructureHandle="/eclipse.platform.ui/bundles/org.eclipse.ui.ide/plugin.xml;1341431159" StructureKind="plugin.xml" NumEvents="4" CreationCount="490"/><InteractionEvent Delta="null" EndDate="2019-06-11 04:55:33.551 WIB" Interest="1.0" Kind="selection" Navigation="null" OriginId="org.eclipse.pde.ui.manifestEditor" StartDate="2019-06-11 04:55:33.551 WIB" StructureHandle="/org.eclipse.ui.ide/plugin.xml;-786328906" StructureKind="plugin.xml"/><InteractionEvent Delta="null" EndDate="2019-06-11 04:56:02.487 WIB" Interest="3.0" Kind="selection" Navigation="null" OriginId="org.eclipse.pde.ui.manifestEditor" StartDate="2019-06-11 04:55:51.613 WIB" StructureHandle="/org.eclipse.ui.ide/plugin.xml;-432069081" StructureKind="plugin.xml" NumEvents="3" CreationCount="379"/><InteractionEvent Delta="null" EndDate="2019-06-11 04:57:06.386 WIB" Interest="2.0" Kind="selection" Navigation="null" OriginId="org.eclipse.pde.ui.manifestEditor" StartDate="2019-06-11 04:57:05.889 WIB" StructureHandle="/org.eclipse.ui.workbench/plugin.xml;1209656400" StructureKind="plugin.xml" NumEvents="2" CreationCount="402"/><InteractionEvent Delta="null" EndDate="2019-06-11 01:23:26.731 WIB" Interest="1.0" Kind="edit" Navigation="null" OriginId="org.eclipse.jdt.ui.CompilationUnitEditor" StartDate="2019-06-11 01:23:26.731 WIB" StructureHandle="=org.eclipse.ui/src&amp;lt;org.eclipse.ui.internal{UIPlugin.java[UIPlugin~UIPlugin" StructureKind="java"/><InteractionEvent Delta="null" EndDate="2019-06-11 01:23:25.124 WIB" Interest="1.0" Kind="selection" Navigation="null" OriginId="org.eclipse.jdt.ui.CompilationUnitEditor" StartDate="2019-06-11 01:23:25.124 WIB" StructureHandle="=org.eclipse.ui/src&amp;lt;org.eclipse.ui.internal{UIPlugin.java[UIPlugin~UIPlugin" StructureKind="java"/><InteractionEvent Delta="null" EndDate="2019-06-11 01:26:23.94 WIB" Interest="3.0" Kind="selection" Navigation="null" OriginId="org.eclipse.pde.ui.manifestEditor" StartDate="2019-06-11 01:26:17.484 WIB" StructureHandle="/org.eclipse.ui/plugin.xml;728421508" StructureKind="plugin.xml" NumEvents="3" CreationCount="48"/><InteractionEvent Delta="null" EndDate="2019-06-11 04:43:09.406 WIB" Interest="4.0" Kind="propagation" Navigation="org.eclipse.mylyn.core.model.edges.containment" OriginId="org.eclipse.mylyn.core.model.interest.propagation" StartDate="2019-06-11 04:42:35.665 WIB" StructureHandle="/eclipse.platform.ui/bundles/org.eclipse.ui.ide/plugin.xml;-985174221" StructureKind="plugin.xml" NumEvents="4" CreationCount="490"/><InteractionEvent Delta="null" EndDate="2019-06-11 04:55:34.475 WIB" Interest="1.0" Kind="propagation" Navigation="org.eclipse.mylyn.core.model.edges.containment" OriginId="org.eclipse.mylyn.core.model.interest.propagation" StartDate="2019-06-11 04:55:34.475 WIB" StructureHandle="/org.eclipse.ui.ide/plugin.xml;532928852" StructureKind="plugin.xml"/><InteractionEvent Delta="null" EndDate="2019-06-11 04:25:05.403 WIB" Interest="1.051" Kind="propagation" Navigation="org.eclipse.mylyn.core.model.edges.containment" OriginId="org.eclipse.mylyn.core.model.interest.propagation" StartDate="2019-06-11 04:24:40.795 WIB" StructureHandle="=External Plug-in Libraries/\/junk\/eclipse\/plugins\/org.eclipse.ui.workbench_3.113.0.v20190219-1432.jar&amp;lt;org.eclipse.ui(PlatformUI.class[PlatformUI" StructureKind="java" NumEvents="2" CreationCount="358"/><InteractionEvent Delta="null" EndDate="2019-06-11 04:55:30.456 WIB" Interest="5.0" Kind="propagation" Navigation="org.eclipse.mylyn.core.model.edges.containment" OriginId="org.eclipse.mylyn.core.model.interest.propagation" StartDate="2019-06-11 04:42:43.918 WIB" StructureHandle="/org.eclipse.ui.ide/plugin.xml;-985174221" StructureKind="plugin.xml" NumEvents="5" CreationCount="494"/><InteractionEvent Delta="null" EndDate="2019-06-11 04:43:00.329 WIB" Interest="3.0" Kind="propagation" Navigation="org.eclipse.mylyn.core.model.edges.containment" OriginId="org.eclipse.mylyn.core.model.interest.propagation" StartDate="2019-06-11 04:42:43.918 WIB" StructureHandle="/org.eclipse.ui.ide/plugin.xml;-2041646044" StructureKind="plugin.xml" NumEvents="3" CreationCount="494"/><InteractionEvent Delta="null" EndDate="2019-06-11 04:55:30.454 WIB" Interest="2.0" Kind="selection" Navigation="null" OriginId="org.eclipse.pde.ui.manifestEditor" StartDate="2019-06-11 04:55:29.968 WIB" StructureHandle="/org.eclipse.ui.ide/plugin.xml;-2041646044" StructureKind="plugin.xml" NumEvents="2" CreationCount="494"/><InteractionEvent Delta="null" EndDate="2019-06-11 04:28:38.246 WIB" Interest="1.0" Kind="edit" Navigation="null" OriginId="org.eclipse.jdt.ui.CompilationUnitEditor" StartDate="2019-06-11 04:28:38.246 WIB" StructureHandle="=eclipse-sample-plugin/src&amp;lt;com.spacetimecat.eclipse_sample_plugin{Sample_Activator.java[Sample_Activator~start~QBundleContext;[~removeExtension~QIExtension;~\[QObject;" StructureKind="java"/><InteractionEvent Delta="null" EndDate="2019-06-11 04:28:37.270 WIB" Interest="1.0" Kind="selection" Navigation="null" OriginId="org.eclipse.jdt.ui.CompilationUnitEditor" StartDate="2019-06-11 04:28:37.270 WIB" StructureHandle="=eclipse-sample-plugin/src&amp;lt;com.spacetimecat.eclipse_sample_plugin{Sample_Activator.java[Sample_Activator~start~QBundleContext;[~removeExtension~QIExtension;~\[QObject;" StructureKind="java"/><InteractionEvent Delta="null" EndDate="2019-06-11 04:33:24.447 WIB" Interest="1.0" Kind="propagation" Navigation="org.eclipse.mylyn.core.model.edges.containment" OriginId="org.eclipse.mylyn.core.model.interest.propagation" StartDate="2019-06-11 04:33:24.447 WIB" StructureHandle="=eclipse-sample-plugin/\/junk\/eclipse\/plugins\/org.eclipse.osgi_3.13.300.v20190218-1622.jar&amp;lt;org.eclipse.osgi.storage(FrameworkExtensionInstaller.class" StructureKind="java"/><InteractionEvent Delta="null" EndDate="2019-06-11 04:55:39.476 WIB" Interest="2.0" Kind="selection" Navigation="null" OriginId="org.eclipse.pde.ui.manifestEditor" StartDate="2019-06-11 04:55:37.126 WIB" StructureHandle="/org.eclipse.ui.ide/plugin.xml;2053420901" StructureKind="plugin.xml" NumEvents="2" CreationCount="365"/><InteractionEvent Delta="null" EndDate="2019-06-11 04:17:29.873 WIB" Interest="2.034" Kind="propagation" Navigation="org.eclipse.mylyn.core.model.edges.containment" OriginId="org.eclipse.mylyn.core.model.interest.propagation" StartDate="2019-06-11 04:17:22.504 WIB" StructureHandle="=External Plug-in Libraries/\/junk\/eclipse\/plugins\/org.eclipse.ui.workbench_3.113.0.v20190219-1432.jar&amp;lt;org.eclipse.ui(IWorkbenchActionConstants.class[IWorkbenchActionConstants" StructureKind="java" NumEvents="5" CreationCount="283"/><InteractionEvent Delta="null" EndDate="2019-06-11 04:58:41.842 WIB" Interest="1.0" Kind="selection" Navigation="null" OriginId="org.eclipse.pde.ui.manifestEditor" StartDate="2019-06-11 04:58:41.842 WIB" StructureHandle="/org.eclipse.ui.ide/plugin.xml;-1699430623" StructureKind="plugin.xml"/><InteractionEvent Delta="null" EndDate="2019-06-11 04:33:24.448 WIB" Interest="1.0" Kind="propagation" Navigation="org.eclipse.mylyn.core.model.edges.containment" OriginId="org.eclipse.mylyn.core.model.interest.propagation" StartDate="2019-06-11 04:33:24.448 WIB" StructureHandle="=eclipse-sample-plugin/\/junk\/eclipse\/plugins\/org.eclipse.osgi_3.13.300.v20190218-1622.jar&amp;lt;org.eclipse.osgi.storage" StructureKind="java"/><InteractionEvent Delta="null" EndDate="2019-06-11 01:26:16.604 WIB" Interest="6.0" Kind="propagation" Navigation="org.eclipse.mylyn.core.model.edges.containment" OriginId="org.eclipse.mylyn.core.model.interest.propagation" StartDate="2019-06-11 01:26:11.7 WIB" StructureHandle="/org.eclipse.ui.workbench/Eclipse UI/org" StructureKind="resource" NumEvents="6" CreationCount="42"/><InteractionEvent Delta="null" EndDate="2019-06-11 04:34:49.386 WIB" Interest="1.0" Kind="selection" Navigation="null" OriginId="org.eclipse.jdt.ui.CompilationUnitEditor" StartDate="2019-06-11 04:34:49.386 WIB" StructureHandle="=eclipse-sample-plugin/src&amp;lt;com.spacetimecat.eclipse_sample_plugin{Sample_Activator.java#org.eclipse.jface.action.IContributionManager" StructureKind="java"/><InteractionEvent Delta="null" EndDate="2019-06-11 04:43:09.410 WIB" Interest="4.0" Kind="propagation" Navigation="null" OriginId="org.eclipse.pde.ui.manifestEditor" StartDate="2019-06-11 04:42:35.671 WIB" StructureHandle="/eclipse.platform.ui/bundles/org.eclipse.ui.ide/plugin.xml" StructureKind="resource" NumEvents="4" CreationCount="488"/><InteractionEvent Delta="null" EndDate="2019-06-11 04:43:10.336 WIB" Interest="6.0" Kind="edit" Navigation="null" OriginId="org.eclipse.pde.ui.manifestEditor" StartDate="2019-06-11 04:42:33.400 WIB" StructureHandle="/eclipse.platform.ui/bundles/org.eclipse.ui.ide/plugin.xml" StructureKind="plugin.xml" NumEvents="6" CreationCount="488"/><InteractionEvent Delta="null" EndDate="2019-06-11 04:43:06.159 WIB" Interest="3.0" Kind="selection" Navigation="null" OriginId="org.eclipse.pde.ui.manifestEditor" StartDate="2019-06-11 04:42:33.143 WIB" StructureHandle="/eclipse.platform.ui/bundles/org.eclipse.ui.ide/plugin.xml" StructureKind="plugin.xml" NumEvents="3" CreationCount="488"/><InteractionEvent Delta="null" EndDate="2019-06-11 04:57:14.684 WIB" Interest="6.0" Kind="propagation" Navigation="null" OriginId="org.eclipse.pde.ui.manifestEditor" StartDate="2019-06-11 04:57:05.890 WIB" StructureHandle="/org.eclipse.ui.workbench/plugin.xml" StructureKind="resource" NumEvents="6" CreationCount="397"/><InteractionEvent Delta="null" EndDate="2019-06-11 04:57:14.684 WIB" Interest="7.0" Kind="edit" Navigation="null" OriginId="org.eclipse.pde.ui.manifestEditor" StartDate="2019-06-11 04:57:05.890 WIB" StructureHandle="/org.eclipse.ui.workbench/plugin.xml" StructureKind="plugin.xml" NumEvents="7" CreationCount="397"/><InteractionEvent Delta="null" EndDate="2019-06-11 04:57:13.192 WIB" Interest="5.0" Kind="selection" Navigation="null" OriginId="org.eclipse.pde.ui.manifestEditor" StartDate="2019-06-11 04:56:47.353 WIB" StructureHandle="/org.eclipse.ui.workbench/plugin.xml" StructureKind="plugin.xml" NumEvents="5" CreationCount="397"/><InteractionEvent Delta="null" EndDate="2019-06-11 04:57:13.219 WIB" Interest="2.0" Kind="selection" Navigation="null" OriginId="org.eclipse.pde.ui.manifestEditor" StartDate="2019-06-11 04:57:10.865 WIB" StructureHandle="/org.eclipse.ui.workbench/plugin.xml;579192216" StructureKind="plugin.xml" NumEvents="2" CreationCount="409"/><InteractionEvent Delta="null" EndDate="2019-06-11 04:53:17.586 WIB" Interest="220.0" Kind="propagation" Navigation="null" OriginId="org.eclipse.ui.navigator.ProjectExplorer" StartDate="2019-06-11 04:08:03.793 WIB" StructureHandle="/eclipse-sample-plugin/src/com/spacetimecat/eclipse_sample_plugin" StructureKind="resource" NumEvents="220" CreationCount="117"/><InteractionEvent Delta="null" EndDate="2019-06-11 04:56:09.365 WIB" Interest="2.0" Kind="selection" Navigation="null" OriginId="org.eclipse.pde.ui.manifestEditor" StartDate="2019-06-11 04:56:06.896 WIB" StructureHandle="/org.eclipse.ui.ide/plugin.xml;-1909540917" StructureKind="plugin.xml" NumEvents="2" CreationCount="385"/><InteractionEvent Delta="null" EndDate="2019-06-11 01:24:25.472 WIB" Interest="1.0" Kind="selection" Navigation="null" OriginId="org.eclipse.pde.ui.manifestEditor" StartDate="2019-06-11 01:24:25.472 WIB" StructureHandle="/org.eclipse.ui/plugin.xml;1263940487" StructureKind="plugin.xml"/><InteractionEvent Delta="null" EndDate="2019-06-11 04:58:50.784 WIB" Interest="319.972" Kind="propagation" Navigation="null" OriginId="org.eclipse.pde.ui.manifestEditor" StartDate="2019-06-11 01:22:48.148 WIB" StructureHandle="/" StructureKind="resource" NumEvents="326" CreationCount="1"/><InteractionEvent Delta="null" EndDate="2019-06-11 01:24:20.575 WIB" Interest="3.0" Kind="selection" Navigation="null" OriginId="org.eclipse.pde.ui.manifestEditor" StartDate="2019-06-11 01:24:20.476 WIB" StructureHandle="/org.eclipse.ui/plugin.xml;376652357" StructureKind="plugin.xml" NumEvents="3" CreationCount="18"/><InteractionEvent Delta="null" EndDate="2019-06-11 01:26:16.604 WIB" Interest="6.0" Kind="propagation" Navigation="org.eclipse.mylyn.core.model.edges.containment" OriginId="org.eclipse.mylyn.core.model.interest.propagation" StartDate="2019-06-11 01:26:11.7 WIB" StructureHandle="/org.eclipse.ui.workbench/Eclipse UI/org/eclipse/ui" StructureKind="resource" NumEvents="6" CreationCount="42"/><InteractionEvent Delta="null" EndDate="2019-06-11 04:43:09.406 WIB" Interest="4.0" Kind="propagation" Navigation="org.eclipse.mylyn.core.model.edges.containment" OriginId="org.eclipse.mylyn.core.model.interest.propagation" StartDate="2019-06-11 04:42:35.660 WIB" StructureHandle="/eclipse.platform.ui/bundles/org.eclipse.ui.ide/plugin.xml;922597378" StructureKind="plugin.xml" NumEvents="4" CreationCount="490"/><InteractionEvent Delta="null" EndDate="2019-06-11 01:27:00.961 WIB" Interest="1.0" Kind="propagation" Navigation="org.eclipse.mylyn.core.model.edges.containment" OriginId="org.eclipse.mylyn.core.model.interest.propagation" StartDate="2019-06-11 01:27:00.961 WIB" StructureHandle="/org.eclipse.ui.navigator/plugin.xml;-985174221" StructureKind="plugin.xml"/><InteractionEvent Delta="null" EndDate="2019-06-11 04:42:21.167 WIB" Interest="1.286" Kind="propagation" Navigation="org.eclipse.mylyn.core.model.edges.containment" OriginId="org.eclipse.mylyn.core.model.interest.propagation" StartDate="2019-06-11 04:34:49.386 WIB" StructureHandle="=eclipse-sample-plugin/src&amp;lt;com.spacetimecat.eclipse_sample_plugin{Sample_Activator.java#" StructureKind="java" NumEvents="3" CreationCount="528"/><InteractionEvent Delta="null" EndDate="2019-06-11 04:18:44.457 WIB" Interest="2.0" Kind="edit" Navigation="null" OriginId="org.eclipse.jdt.ui.CompilationUnitEditor" StartDate="2019-06-11 04:18:43.715 WIB" StructureHandle="=eclipse-sample-plugin/src&amp;lt;com.spacetimecat.eclipse_sample_plugin{Sample_Activator.java[Sample_Activator~stop~QBundleContext;" StructureKind="java" NumEvents="2" CreationCount="314"/><InteractionEvent Delta="null" EndDate="2019-06-11 04:18:56.876 WIB" Interest="2.0" Kind="selection" Navigation="null" OriginId="org.eclipse.jdt.ui.CompilationUnitEditor" StartDate="2019-06-11 04:18:41.169 WIB" StructureHandle="=eclipse-sample-plugin/src&amp;lt;com.spacetimecat.eclipse_sample_plugin{Sample_Activator.java[Sample_Activator~stop~QBundleContext;" StructureKind="java" NumEvents="2" CreationCount="314"/><InteractionEvent Delta="null" EndDate="2019-06-11 04:24:40.795 WIB" Interest="1.0" Kind="selection" Navigation="null" OriginId="org.eclipse.jdt.ui.ClassFileEditor" StartDate="2019-06-11 04:24:40.795 WIB" StructureHandle="=External Plug-in Libraries/\/junk\/eclipse\/plugins\/org.eclipse.ui.workbench_3.113.0.v20190219-1432.jar&amp;lt;org.eclipse.ui(PlatformUI.class[PlatformUI^PLUGIN_ID" StructureKind="java"/><InteractionEvent Delta="null" EndDate="2019-06-11 04:58:50.784 WIB" Interest="32.8" Kind="propagation" Navigation="org.eclipse.mylyn.core.model.edges.containment" OriginId="org.eclipse.mylyn.core.model.interest.propagation" StartDate="2019-06-11 04:42:41.670 WIB" StructureHandle="=org.eclipse.ui.ide" StructureKind="c/c++" NumEvents="46" CreationCount="492"/><InteractionEvent Delta="null" EndDate="2019-06-11 04:53:50.770 WIB" Interest="6.0" Kind="selection" Navigation="null" OriginId="org.eclipse.ui.navigator.ProjectExplorer" StartDate="2019-06-11 04:49:27.15 WIB" StructureHandle="=org.eclipse.ui.ide" StructureKind="java" NumEvents="6" CreationCount="492"/><InteractionEvent Delta="null" EndDate="2019-06-11 04:58:50.784 WIB" Interest="66.0" Kind="propagation" Navigation="null" OriginId="org.eclipse.pde.ui.manifestEditor" StartDate="2019-06-11 04:53:19.567 WIB" StructureHandle="/org.eclipse.ui.ide" StructureKind="resource" NumEvents="66" CreationCount="475"/><InteractionEvent Delta="null" EndDate="2019-06-11 04:49:55.92 WIB" Interest="117.651" Kind="propagation" Navigation="org.eclipse.mylyn.core.model.edges.containment" OriginId="org.eclipse.mylyn.core.model.interest.propagation" StartDate="2019-06-11 04:08:03.794 WIB" StructureHandle="=eclipse-sample-plugin/src" StructureKind="java" NumEvents="167" CreationCount="117"/><InteractionEvent Delta="null" EndDate="2019-06-11 04:53:11.298 WIB" Interest="1.0" Kind="selection" Navigation="null" OriginId="org.eclipse.ui.navigator.ProjectExplorer" StartDate="2019-06-11 04:53:11.298 WIB" StructureHandle="=eclipse-sample-plugin/src" StructureKind="java"/><InteractionEvent Delta="null" EndDate="2019-06-11 01:23:36.659 WIB" Interest="2.4340005" Kind="propagation" Navigation="org.eclipse.mylyn.core.model.edges.containment" OriginId="org.eclipse.mylyn.core.model.interest.propagation" StartDate="2019-06-11 01:23:23.333 WIB" StructureHandle="=org.eclipse.ui/src&amp;lt;org.eclipse.ui.internal{UIPlugin.java" StructureKind="java" NumEvents="4" CreationCount="5"/><InteractionEvent Delta="null" EndDate="2019-06-11 01:26:26.905 WIB" Interest="4.0" Kind="selection" Navigation="null" OriginId="org.eclipse.ui.navigator.ProjectExplorer" StartDate="2019-06-11 01:23:19.90 WIB" StructureHandle="=org.eclipse.ui/src&amp;lt;org.eclipse.ui.internal{UIPlugin.java" StructureKind="java" NumEvents="4" CreationCount="5"/><InteractionEvent Delta="null" EndDate="2019-06-11 04:27:48.390 WIB" Interest="11.534" Kind="propagation" Navigation="org.eclipse.mylyn.core.model.edges.containment" OriginId="org.eclipse.mylyn.core.model.interest.propagation" StartDate="2019-06-11 04:23:49.932 WIB" StructureHandle="=eclipse-sample-plugin/src&amp;lt;com.spacetimecat.eclipse_sample_plugin{Eclipse_Sample_Plugin_Startup.java" StructureKind="java" NumEvents="20" CreationCount="336"/><InteractionEvent Delta="null" EndDate="2019-06-11 04:53:16.623 WIB" Interest="5.0" Kind="selection" Navigation="null" OriginId="org.eclipse.ui.navigator.ProjectExplorer" StartDate="2019-06-11 04:23:49.339 WIB" StructureHandle="=eclipse-sample-plugin/src&amp;lt;com.spacetimecat.eclipse_sample_plugin{Eclipse_Sample_Plugin_Startup.java" StructureKind="java" NumEvents="5" CreationCount="336"/><InteractionEvent Delta="null" EndDate="2019-06-11 01:26:23.96 WIB" Interest="3.0" Kind="propagation" Navigation="org.eclipse.mylyn.core.model.edges.containment" OriginId="org.eclipse.mylyn.core.model.interest.propagation" StartDate="2019-06-11 01:26:17.486 WIB" StructureHandle="/org.eclipse.ui/plugin.xml;-767343663" StructureKind="plugin.xml" NumEvents="3" CreationCount="48"/><InteractionEvent Delta="null" EndDate="2019-06-11 04:18:10.785 WIB" Interest="1.0" Kind="selection" Navigation="null" OriginId="org.eclipse.jdt.ui.ClassFileEditor" StartDate="2019-06-11 04:18:10.785 WIB" StructureHandle="=External Plug-in Libraries/\/junk\/eclipse\/plugins\/org.eclipse.ui.workbench_3.113.0.v20190219-1432.jar&amp;lt;org.eclipse.ui(IWorkbenchActionConstants.class[IWorkbenchActionConstants^M_FILE" StructureKind="java"/><InteractionEvent Delta="null" EndDate="2019-06-11 04:55:34.474 WIB" Interest="1.0" Kind="selection" Navigation="null" OriginId="org.eclipse.pde.ui.manifestEditor" StartDate="2019-06-11 04:55:34.474 WIB" StructureHandle="/org.eclipse.ui.ide/plugin.xml;-24357408" StructureKind="plugin.xml"/><InteractionEvent Delta="null" EndDate="2019-06-11 04:57:13.219 WIB" Interest="2.119" Kind="propagation" Navigation="org.eclipse.mylyn.core.model.edges.containment" OriginId="org.eclipse.mylyn.core.model.interest.propagation" StartDate="2019-06-11 04:57:05.889 WIB" StructureHandle="/org.eclipse.ui.workbench/plugin.xml;-985174221" StructureKind="plugin.xml" NumEvents="3" CreationCount="402"/><InteractionEvent Delta="null" EndDate="2019-06-11 04:27:48.390 WIB" Interest="12.517" Kind="propagation" Navigation="org.eclipse.mylyn.core.model.edges.containment" OriginId="org.eclipse.mylyn.core.model.interest.propagation" StartDate="2019-06-11 04:23:53.761 WIB" StructureHandle="=eclipse-sample-plugin/src&amp;lt;com.spacetimecat.eclipse_sample_plugin{Eclipse_Sample_Plugin_Startup.java[Eclipse_Sample_Plugin_Startup" StructureKind="java" NumEvents="18" CreationCount="337"/><InteractionEvent Delta="null" EndDate="2019-06-11 04:25:13.672 WIB" Interest="2.0" Kind="selection" Navigation="null" OriginId="org.eclipse.jdt.ui.CompilationUnitEditor" StartDate="2019-06-11 04:23:49.931 WIB" StructureHandle="=eclipse-sample-plugin/src&amp;lt;com.spacetimecat.eclipse_sample_plugin{Eclipse_Sample_Plugin_Startup.java[Eclipse_Sample_Plugin_Startup" StructureKind="java" NumEvents="2" CreationCount="337"/><InteractionEvent Delta="null" EndDate="2019-06-11 04:27:48.389 WIB" Interest="15.0" Kind="edit" Navigation="null" OriginId="org.eclipse.jdt.ui.CompilationUnitEditor" StartDate="2019-06-11 04:23:54.722 WIB" StructureHandle="=eclipse-sample-plugin/src&amp;lt;com.spacetimecat.eclipse_sample_plugin{Eclipse_Sample_Plugin_Startup.java[Eclipse_Sample_Plugin_Startup~earlyStartup" StructureKind="java" NumEvents="15" CreationCount="338"/><InteractionEvent Delta="null" EndDate="2019-06-11 04:25:14.338 WIB" Interest="4.0" Kind="selection" Navigation="null" OriginId="org.eclipse.jdt.ui.CompilationUnitEditor" StartDate="2019-06-11 04:23:53.761 WIB" StructureHandle="=eclipse-sample-plugin/src&amp;lt;com.spacetimecat.eclipse_sample_plugin{Eclipse_Sample_Plugin_Startup.java[Eclipse_Sample_Plugin_Startup~earlyStartup" StructureKind="java" NumEvents="4" CreationCount="338"/><InteractionEvent Delta="null" EndDate="2019-06-11 04:25:05.403 WIB" Interest="1.051" Kind="propagation" Navigation="org.eclipse.mylyn.core.model.edges.containment" OriginId="org.eclipse.mylyn.core.model.interest.propagation" StartDate="2019-06-11 04:24:40.795 WIB" StructureHandle="=External Plug-in Libraries/\/junk\/eclipse\/plugins\/org.eclipse.ui.workbench_3.113.0.v20190219-1432.jar&amp;lt;org.eclipse.ui(PlatformUI.class" StructureKind="java" NumEvents="2" CreationCount="358"/><InteractionEvent Delta="null" EndDate="2019-06-11 04:53:16.624 WIB" Interest="26.0" Kind="propagation" Navigation="null" OriginId="org.eclipse.ui.navigator.ProjectExplorer" StartDate="2019-06-11 04:23:49.339 WIB" StructureHandle="/eclipse-sample-plugin/src/com/spacetimecat/eclipse_sample_plugin/Eclipse_Sample_Plugin_Startup.java" StructureKind="resource" NumEvents="26" CreationCount="336"/><InteractionEvent Delta="null" EndDate="2019-06-11 04:34:38.944 WIB" Interest="112.634" Kind="propagation" Navigation="org.eclipse.mylyn.core.model.edges.containment" OriginId="org.eclipse.mylyn.core.model.interest.propagation" StartDate="2019-06-11 04:08:09.264 WIB" StructureHandle="=eclipse-sample-plugin/src&amp;lt;com.spacetimecat.eclipse_sample_plugin{Sample_Activator.java[Sample_Activator" StructureKind="java" NumEvents="156" CreationCount="118"/><InteractionEvent Delta="null" EndDate="2019-06-11 04:18:58.756 WIB" Interest="4.0" Kind="selection" Navigation="null" OriginId="org.eclipse.jdt.ui.CompilationUnitEditor" StartDate="2019-06-11 04:08:05.485 WIB" StructureHandle="=eclipse-sample-plugin/src&amp;lt;com.spacetimecat.eclipse_sample_plugin{Sample_Activator.java[Sample_Activator" StructureKind="java" NumEvents="4" CreationCount="118"/><InteractionEvent Delta="null" EndDate="2019-06-11 04:18:09.893 WIB" Interest="2.0" Kind="selection" Navigation="null" OriginId="org.eclipse.jdt.ui.ClassFileEditor" StartDate="2019-06-11 04:17:22.503 WIB" StructureHandle="=External Plug-in Libraries/\/junk\/eclipse\/plugins\/org.eclipse.ui.workbench_3.113.0.v20190219-1432.jar&amp;lt;org.eclipse.ui(IWorkbenchActionConstants.class[IWorkbenchActionConstants^MENU_PREFIX" StructureKind="java" NumEvents="2" CreationCount="283"/><InteractionEvent Delta="null" EndDate="2019-06-11 04:43:10.336 WIB" Interest="11.2" Kind="propagation" Navigation="org.eclipse.mylyn.core.model.edges.containment" OriginId="org.eclipse.mylyn.core.model.interest.propagation" StartDate="2019-06-11 04:42:33.143 WIB" StructureHandle="/eclipse.platform.ui/bundles/org.eclipse.ui.ide" StructureKind="resource" NumEvents="13" CreationCount="488"/><InteractionEvent Delta="null" EndDate="2019-06-11 04:55:36.244 WIB" Interest="1.0" Kind="propagation" Navigation="org.eclipse.mylyn.core.model.edges.containment" OriginId="org.eclipse.mylyn.core.model.interest.propagation" StartDate="2019-06-11 04:55:36.244 WIB" StructureHandle="/org.eclipse.ui.ide/plugin.xml;-1816397200" StructureKind="plugin.xml"/><InteractionEvent Delta="null" EndDate="2019-06-11 01:26:26.905 WIB" Interest="15.0" Kind="propagation" Navigation="null" OriginId="org.eclipse.ui.navigator.ProjectExplorer" StartDate="2019-06-11 01:23:19.91 WIB" StructureHandle="/org.eclipse.ui/src/org/eclipse/ui/internal/UIPlugin.java" StructureKind="resource" NumEvents="15" CreationCount="5"/><InteractionEvent Delta="null" EndDate="2019-06-11 04:55:33.552 WIB" Interest="1.0" Kind="propagation" Navigation="org.eclipse.mylyn.core.model.edges.containment" OriginId="org.eclipse.mylyn.core.model.interest.propagation" StartDate="2019-06-11 04:55:33.552 WIB" StructureHandle="/org.eclipse.ui.ide/plugin.xml;-128567391" StructureKind="plugin.xml"/><InteractionEvent Delta="null" EndDate="2019-06-11 01:26:26.905 WIB" Interest="15.0" Kind="propagation" Navigation="org.eclipse.mylyn.core.model.edges.containment" OriginId="org.eclipse.mylyn.core.model.interest.propagation" StartDate="2019-06-11 01:23:19.91 WIB" StructureHandle="/org.eclipse.ui/src/org/eclipse" StructureKind="resource" NumEvents="15" CreationCount="5"/><InteractionEvent Delta="null" EndDate="2019-06-11 04:58:40.455 WIB" Interest="3.0" Kind="selection" Navigation="null" OriginId="org.eclipse.pde.ui.manifestEditor" StartDate="2019-06-11 04:56:16.540 WIB" StructureHandle="/org.eclipse.ui.ide/plugin.xml;-1294488666" StructureKind="plugin.xml" NumEvents="3" CreationCount="389"/><InteractionEvent Delta="null" EndDate="2019-06-11 04:17:33.876 WIB" Interest="1.0" Kind="selection" Navigation="null" OriginId="org.eclipse.jdt.ui.ClassFileEditor" StartDate="2019-06-11 04:17:33.876 WIB" StructureHandle="=External Plug-in Libraries/\/junk\/eclipse\/plugins\/org.eclipse.ui.workbench_3.113.0.v20190219-1432.jar&amp;lt;org.eclipse.ui(IWorkbenchActionConstants.class[IWorkbenchActionConstants^PIN_GROUP" StructureKind="java"/><InteractionEvent Delta="null" EndDate="2019-06-11 04:25:05.403 WIB" Interest="1.0" Kind="selection" Navigation="null" OriginId="org.eclipse.jdt.ui.ClassFileEditor" StartDate="2019-06-11 04:25:05.403 WIB" StructureHandle="=External Plug-in Libraries/\/junk\/eclipse\/plugins\/org.eclipse.ui.workbench_3.113.0.v20190219-1432.jar&amp;lt;org.eclipse.ui(PlatformUI.class[PlatformUI~getTestableObject" StructureKind="java"/><InteractionEvent Delta="null" EndDate="2019-06-11 04:34:38.944 WIB" Interest="138.0" Kind="edit" Navigation="null" OriginId="org.eclipse.jdt.ui.CompilationUnitEditor" StartDate="2019-06-11 04:08:11.957 WIB" StructureHandle="=eclipse-sample-plugin/src&amp;lt;com.spacetimecat.eclipse_sample_plugin{Sample_Activator.java[Sample_Activator~start~QBundleContext;" StructureKind="java" NumEvents="138" CreationCount="120"/><InteractionEvent Delta="null" EndDate="2019-06-11 04:33:59.773 WIB" Interest="20.0" Kind="selection" Navigation="null" OriginId="org.eclipse.jdt.ui.CompilationUnitEditor" StartDate="2019-06-11 04:08:09.264 WIB" StructureHandle="=eclipse-sample-plugin/src&amp;lt;com.spacetimecat.eclipse_sample_plugin{Sample_Activator.java[Sample_Activator~start~QBundleContext;" StructureKind="java" NumEvents="20" CreationCount="120"/><InteractionEvent Delta="null" EndDate="2019-06-11 04:57:14.684 WIB" Interest="10.967999" Kind="propagation" Navigation="org.eclipse.mylyn.core.model.edges.containment" OriginId="org.eclipse.mylyn.core.model.interest.propagation" StartDate="2019-06-11 04:56:55.141 WIB" StructureHandle="=org.eclipse.ui.workbench" StructureKind="resource" NumEvents="14" CreationCount="393"/><InteractionEvent Delta="null" EndDate="2019-06-11 04:56:55.355 WIB" Interest="5.0" Kind="selection" Navigation="null" OriginId="org.eclipse.ui.navigator.ProjectExplorer" StartDate="2019-06-11 04:56:39.502 WIB" StructureHandle="=org.eclipse.ui.workbench" StructureKind="java" NumEvents="5" CreationCount="393"/><InteractionEvent Delta="null" EndDate="2019-06-11 04:55:44.979 WIB" Interest="1.0680001" Kind="propagation" Navigation="org.eclipse.mylyn.core.model.edges.containment" OriginId="org.eclipse.mylyn.core.model.interest.propagation" StartDate="2019-06-11 04:55:41.899 WIB" StructureHandle="/org.eclipse.ui.ide/plugin.xml;1919310411" StructureKind="plugin.xml" NumEvents="2" CreationCount="371"/><InteractionEvent Delta="null" EndDate="2019-06-11 04:33:24.447 WIB" Interest="1.0" Kind="propagation" Navigation="org.eclipse.mylyn.core.model.edges.containment" OriginId="org.eclipse.mylyn.core.model.interest.propagation" StartDate="2019-06-11 04:33:24.447 WIB" StructureHandle="=eclipse-sample-plugin/\/junk\/eclipse\/plugins\/org.eclipse.osgi_3.13.300.v20190218-1622.jar&amp;lt;org.eclipse.osgi.storage(FrameworkExtensionInstaller.class[FrameworkExtensionInstaller" StructureKind="java"/><InteractionEvent Delta="null" EndDate="2019-06-11 04:57:14.684 WIB" Interest="23.0" Kind="propagation" Navigation="null" OriginId="org.eclipse.pde.ui.manifestEditor" StartDate="2019-06-11 04:56:39.502 WIB" StructureHandle="/org.eclipse.ui.workbench" StructureKind="resource" NumEvents="23" CreationCount="393"/><InteractionEvent Delta="null" EndDate="2019-06-11 01:26:26.905 WIB" Interest="15.0" Kind="propagation" Navigation="org.eclipse.mylyn.core.model.edges.containment" OriginId="org.eclipse.mylyn.core.model.interest.propagation" StartDate="2019-06-11 01:23:19.91 WIB" StructureHandle="/org.eclipse.ui/src/org/eclipse/ui/internal" StructureKind="resource" NumEvents="15" CreationCount="5"/><InteractionEvent Delta="null" EndDate="2019-06-11 04:55:40.536 WIB" Interest="1.0" Kind="selection" Navigation="null" OriginId="org.eclipse.pde.ui.manifestEditor" StartDate="2019-06-11 04:55:40.536 WIB" StructureHandle="/org.eclipse.ui.ide/plugin.xml;-1421062085" StructureKind="plugin.xml"/><InteractionEvent Delta="null" EndDate="2019-06-11 04:55:36.243 WIB" Interest="1.0" Kind="selection" Navigation="null" OriginId="org.eclipse.pde.ui.manifestEditor" StartDate="2019-06-11 04:55:36.243 WIB" StructureHandle="/org.eclipse.ui.ide/plugin.xml;-1826104392" StructureKind="plugin.xml"/><InteractionEvent Delta="null" EndDate="2019-06-11 01:23:29.301 WIB" Interest="1.0" Kind="selection" Navigation="null" OriginId="org.eclipse.jdt.ui.CompilationUnitEditor" StartDate="2019-06-11 01:23:29.301 WIB" StructureHandle="=org.eclipse.ui/src&amp;lt;org.eclipse.ui.internal{UIPlugin.java[UIPlugin~createImageRegistry" StructureKind="java"/><InteractionEvent Delta="null" EndDate="2019-06-11 04:43:10.336 WIB" Interest="11.2" Kind="propagation" Navigation="org.eclipse.mylyn.core.model.edges.containment" OriginId="org.eclipse.mylyn.core.model.interest.propagation" StartDate="2019-06-11 04:42:33.143 WIB" StructureHandle="/eclipse.platform.ui/bundles" StructureKind="resource" NumEvents="13" CreationCount="488"/><InteractionEvent Delta="null" EndDate="2019-06-11 01:23:36.659 WIB" Interest="1.0" Kind="edit" Navigation="null" OriginId="org.eclipse.jdt.ui.CompilationUnitEditor" StartDate="2019-06-11 01:23:36.659 WIB" StructureHandle="=org.eclipse.ui/src&amp;lt;org.eclipse.ui.internal{UIPlugin.java[UIPlugin~start~QBundleContext;" StructureKind="java"/><InteractionEvent Delta="null" EndDate="2019-06-11 01:26:18.459 WIB" Interest="2.0" Kind="selection" Navigation="null" OriginId="org.eclipse.jdt.ui.CompilationUnitEditor" StartDate="2019-06-11 01:23:34.341 WIB" StructureHandle="=org.eclipse.ui/src&amp;lt;org.eclipse.ui.internal{UIPlugin.java[UIPlugin~start~QBundleContext;" StructureKind="java" NumEvents="2" CreationCount="15"/><InteractionEvent Delta="null" EndDate="2019-06-11 04:33:21.872 WIB" Interest="1.0" Kind="selection" Navigation="null" OriginId="org.eclipse.jdt.callhierarchy.view" StartDate="2019-06-11 04:33:21.872 WIB" StructureHandle="=eclipse-sample-plugin/\/junk\/eclipse\/plugins\/org.eclipse.osgi_3.13.300.v20190218-1622.jar&amp;lt;org.eclipse.osgi.internal.framework(BundleContextImpl$1.class[~run" StructureKind="java"/><InteractionEvent Delta="null" EndDate="2019-06-11 01:26:26.906 WIB" Interest="6.4340005" Kind="propagation" Navigation="org.eclipse.mylyn.core.model.edges.containment" OriginId="org.eclipse.mylyn.core.model.interest.propagation" StartDate="2019-06-11 01:23:19.92 WIB" StructureHandle="=org.eclipse.ui/src" StructureKind="java" NumEvents="9" CreationCount="5"/><InteractionEvent Delta="null" EndDate="2019-06-11 01:26:30.267 WIB" Interest="1.0" Kind="selection" Navigation="null" OriginId="org.eclipse.ui.navigator.ProjectExplorer" StartDate="2019-06-11 01:26:30.267 WIB" StructureHandle="=org.eclipse.ui/src" StructureKind="java"/><InteractionEvent Delta="null" EndDate="2019-06-11 04:55:39.477 WIB" Interest="2.0" Kind="propagation" Navigation="org.eclipse.mylyn.core.model.edges.containment" OriginId="org.eclipse.mylyn.core.model.interest.propagation" StartDate="2019-06-11 04:55:37.128 WIB" StructureHandle="/org.eclipse.ui.ide/plugin.xml;376652357" StructureKind="plugin.xml" NumEvents="2" CreationCount="365"/><InteractionEvent Delta="null" EndDate="2019-06-11 01:26:16.604 WIB" Interest="3.0" Kind="propagation" Navigation="org.eclipse.mylyn.core.model.edges.containment" OriginId="org.eclipse.mylyn.core.model.interest.propagation" StartDate="2019-06-11 01:26:11.7 WIB" StructureHandle="=org.eclipse.ui.workbench/Eclipse UI" StructureKind="java" NumEvents="3" CreationCount="42"/><InteractionEvent Delta="null" EndDate="2019-06-11 04:53:17.587 WIB" Interest="215.051" Kind="propagation" Navigation="org.eclipse.mylyn.core.model.edges.containment" OriginId="org.eclipse.mylyn.core.model.interest.propagation" StartDate="2019-06-11 04:07:33.764 WIB" StructureHandle="=eclipse-sample-plugin" StructureKind="resource" NumEvents="219" CreationCount="114"/><InteractionEvent Delta="null" EndDate="2019-06-11 04:53:12.234 WIB" Interest="6.0" Kind="selection" Navigation="null" OriginId="org.eclipse.ui.navigator.ProjectExplorer" StartDate="2019-06-11 04:18:20.755 WIB" StructureHandle="=eclipse-sample-plugin" StructureKind="java" NumEvents="6" CreationCount="114"/><InteractionEvent Delta="null" EndDate="2019-06-11 04:42:58.170 WIB" Interest="2.0" Kind="propagation" Navigation="org.eclipse.mylyn.core.model.edges.containment" OriginId="org.eclipse.mylyn.core.model.interest.propagation" StartDate="2019-06-11 04:42:43.917 WIB" StructureHandle="/org.eclipse.ui.ide/plugin.xml;922597378" StructureKind="plugin.xml" NumEvents="2" CreationCount="494"/><InteractionEvent Delta="null" EndDate="2019-06-11 04:58:49.877 WIB" Interest="3.0" Kind="selection" Navigation="null" OriginId="org.eclipse.pde.ui.manifestEditor" StartDate="2019-06-11 04:43:00.329 WIB" StructureHandle="/org.eclipse.ui.ide/plugin.xml;922597378" StructureKind="plugin.xml" NumEvents="3" CreationCount="494"/><InteractionEvent Delta="null" EndDate="2019-06-11 04:18:11.760 WIB" Interest="1.0" Kind="selection" Navigation="null" OriginId="org.eclipse.jdt.ui.ClassFileEditor" StartDate="2019-06-11 04:18:11.760 WIB" StructureHandle="=External Plug-in Libraries/\/junk\/eclipse\/plugins\/org.eclipse.ui.workbench_3.113.0.v20190219-1432.jar&amp;lt;org.eclipse.ui(IWorkbenchActionConstants.class[IWorkbenchActionConstants^EDIT_END" StructureKind="java"/><InteractionEvent Delta="null" EndDate="2019-06-11 01:26:26.905 WIB" Interest="15.0" Kind="propagation" Navigation="org.eclipse.mylyn.core.model.edges.containment" OriginId="org.eclipse.mylyn.core.model.interest.propagation" StartDate="2019-06-11 01:23:19.91 WIB" StructureHandle="/org.eclipse.ui/src/org/eclipse/ui" StructureKind="resource" NumEvents="15" CreationCount="5"/><InteractionEvent Delta="null" EndDate="2019-06-11 04:33:24.448 WIB" Interest="1.0" Kind="propagation" Navigation="org.eclipse.mylyn.core.model.edges.containment" OriginId="org.eclipse.mylyn.core.model.interest.propagation" StartDate="2019-06-11 04:33:24.448 WIB" StructureHandle="=eclipse-sample-plugin/\/junk\/eclipse\/plugins\/org.eclipse.osgi_3.13.300.v20190218-1622.jar" StructureKind="java"/><InteractionEvent Delta="null" EndDate="2019-06-11 04:57:14.683 WIB" Interest="1.0" Kind="selection" Navigation="null" OriginId="org.eclipse.pde.ui.manifestEditor" StartDate="2019-06-11 04:57:14.683 WIB" StructureHandle="/org.eclipse.ui.workbench/plugin.xml;1938150396" StructureKind="plugin.xml"/><InteractionEvent Delta="null" EndDate="2019-06-11 01:27:00.961 WIB" Interest="1.0" Kind="propagation" Navigation="null" OriginId="org.eclipse.pde.ui.manifestEditor" StartDate="2019-06-11 01:27:00.961 WIB" StructureHandle="/org.eclipse.ui.navigator/plugin.xml" StructureKind="resource"/><InteractionEvent Delta="null" EndDate="2019-06-11 01:27:00.961 WIB" Interest="3.0" Kind="edit" Navigation="null" OriginId="org.eclipse.pde.ui.manifestEditor" StartDate="2019-06-11 01:26:46.199 WIB" StructureHandle="/org.eclipse.ui.navigator/plugin.xml" StructureKind="plugin.xml" NumEvents="3" CreationCount="61"/><InteractionEvent Delta="null" EndDate="2019-06-11 04:06:33.571 WIB" Interest="5.0" Kind="selection" Navigation="null" OriginId="org.eclipse.pde.ui.manifestEditor" StartDate="2019-06-11 01:26:45.830 WIB" StructureHandle="/org.eclipse.ui.navigator/plugin.xml" StructureKind="plugin.xml" NumEvents="5" CreationCount="61"/><InteractionEvent Delta="null" EndDate="2019-06-11 01:26:48.136 WIB" Interest="1.0" Kind="edit" Navigation="null" OriginId="org.eclipse.wst.xml.ui.internal.tabletree.XMLMultiPageEditorPart" StartDate="2019-06-11 01:26:48.136 WIB" StructureHandle="/org.eclipse.ui.navigator/pom.xml" StructureKind="resource"/><InteractionEvent Delta="null" EndDate="2019-06-11 01:28:41.188 WIB" Interest="3.0" Kind="selection" Navigation="null" OriginId="org.eclipse.ui.navigator.ProjectExplorer" StartDate="2019-06-11 01:26:48.59 WIB" StructureHandle="/org.eclipse.ui.navigator/pom.xml" StructureKind="resource" NumEvents="3" CreationCount="65"/><InteractionEvent Delta="null" EndDate="2019-06-11 01:26:15.4 WIB" Interest="1.0" Kind="selection" Navigation="null" OriginId="org.eclipse.jdt.ui.CompilationUnitEditor" StartDate="2019-06-11 01:26:15.4 WIB" StructureHandle="=org.eclipse.ui.workbench/Eclipse UI&amp;lt;org.eclipse.ui.internal{ViewIntroAdapterPart.java[ViewIntroAdapterPart~addZoomListener" StructureKind="java"/><InteractionEvent Delta="null" EndDate="2019-06-11 01:26:26.906 WIB" Interest="6.4340005" Kind="propagation" Navigation="org.eclipse.mylyn.core.model.edges.containment" OriginId="org.eclipse.mylyn.core.model.interest.propagation" StartDate="2019-06-11 01:23:19.91 WIB" StructureHandle="=org.eclipse.ui/src&amp;lt;org.eclipse.ui.internal" StructureKind="java" NumEvents="9" CreationCount="5"/><InteractionEvent Delta="null" EndDate="2019-06-11 04:17:29.873 WIB" Interest="2.0" Kind="selection" Navigation="null" OriginId="org.eclipse.jdt.ui.ClassFileEditor" StartDate="2019-06-11 04:17:25.945 WIB" StructureHandle="=External Plug-in Libraries/\/junk\/eclipse\/plugins\/org.eclipse.ui.workbench_3.113.0.v20190219-1432.jar&amp;lt;org.eclipse.ui(IWorkbenchActionConstants.class[IWorkbenchActionConstants^M_PERSPECTIVE" StructureKind="java" NumEvents="2" CreationCount="285"/><InteractionEvent Delta="null" EndDate="2019-06-11 01:27:00.960 WIB" Interest="1.0" Kind="selection" Navigation="null" OriginId="org.eclipse.pde.ui.manifestEditor" StartDate="2019-06-11 01:27:00.960 WIB" StructureHandle="/org.eclipse.ui.navigator/plugin.xml;-1869326816" StructureKind="plugin.xml"/><InteractionEvent Delta="null" EndDate="2019-06-11 04:43:09.406 WIB" Interest="4.0" Kind="propagation" Navigation="org.eclipse.mylyn.core.model.edges.containment" OriginId="org.eclipse.mylyn.core.model.interest.propagation" StartDate="2019-06-11 04:42:35.661 WIB" StructureHandle="/eclipse.platform.ui/bundles/org.eclipse.ui.ide/plugin.xml;-2041646044" StructureKind="plugin.xml" NumEvents="4" CreationCount="490"/><InteractionEvent Delta="null" EndDate="2019-06-11 01:25:37.14 WIB" Interest="1.0" Kind="selection" Navigation="null" OriginId="org.eclipse.pde.ui.manifestEditor" StartDate="2019-06-11 01:25:37.14 WIB" StructureHandle="/org.eclipse.ui/plugin.xml;-799666868" StructureKind="plugin.xml"/><InteractionEvent Delta="null" EndDate="2019-06-11 04:33:24.447 WIB" Interest="1.0" Kind="selection" Navigation="null" OriginId="org.eclipse.jdt.callhierarchy.view" StartDate="2019-06-11 04:33:24.447 WIB" StructureHandle="=eclipse-sample-plugin/\/junk\/eclipse\/plugins\/org.eclipse.osgi_3.13.300.v20190218-1622.jar&amp;lt;org.eclipse.osgi.storage(FrameworkExtensionInstaller.class[FrameworkExtensionInstaller~startActivator~Lorg.osgi.framework.BundleActivator;~Lorg.osgi.framework.BundleContext;~Lorg.osgi.framework.Bundle;" StructureKind="java"/><InteractionEvent Delta="null" EndDate="2019-06-11 01:26:16.603 WIB" Interest="6.0" Kind="propagation" Navigation="org.eclipse.mylyn.core.model.edges.containment" OriginId="org.eclipse.mylyn.core.model.interest.propagation" StartDate="2019-06-11 01:26:11.7 WIB" StructureHandle="/org.eclipse.ui.workbench/Eclipse UI/org/eclipse/ui/internal" StructureKind="resource" NumEvents="6" CreationCount="42"/><InteractionEvent Delta="null" EndDate="2019-06-11 04:53:17.586 WIB" Interest="220.0" Kind="propagation" Navigation="org.eclipse.mylyn.core.model.edges.containment" OriginId="org.eclipse.mylyn.core.model.interest.propagation" StartDate="2019-06-11 04:08:03.793 WIB" StructureHandle="/eclipse-sample-plugin/src/com/spacetimecat" StructureKind="resource" NumEvents="220" CreationCount="117"/><InteractionEvent Delta="null" EndDate="2019-06-11 04:57:13.219 WIB" Interest="1.051" Kind="propagation" Navigation="org.eclipse.mylyn.core.model.edges.containment" OriginId="org.eclipse.mylyn.core.model.interest.propagation" StartDate="2019-06-11 04:57:10.865 WIB" StructureHandle="/org.eclipse.ui.workbench/plugin.xml;10690348" StructureKind="plugin.xml" NumEvents="2" CreationCount="406"/><InteractionEvent Delta="null" EndDate="2019-06-11 04:57:07.404 WIB" Interest="1.0" Kind="selection" Navigation="null" OriginId="org.eclipse.pde.ui.manifestEditor" StartDate="2019-06-11 04:57:07.404 WIB" StructureHandle="/org.eclipse.ui.workbench/plugin.xml;10690348" StructureKind="plugin.xml"/><InteractionEvent Delta="null" EndDate="2019-06-11 01:26:26.906 WIB" Interest="15.0" Kind="propagation" Navigation="org.eclipse.mylyn.core.model.edges.containment" OriginId="org.eclipse.mylyn.core.model.interest.propagation" StartDate="2019-06-11 01:23:19.91 WIB" StructureHandle="/org.eclipse.ui/src/org" StructureKind="resource" NumEvents="15" CreationCount="5"/><InteractionEvent Delta="null" EndDate="2019-06-11 01:26:16.604 WIB" Interest="3.0" Kind="propagation" Navigation="org.eclipse.mylyn.core.model.edges.containment" OriginId="org.eclipse.mylyn.core.model.interest.propagation" StartDate="2019-06-11 01:26:11.7 WIB" StructureHandle="=org.eclipse.ui.workbench/Eclipse UI&amp;lt;org.eclipse.ui.internal" StructureKind="java" NumEvents="3" CreationCount="42"/><InteractionEvent Delta="null" EndDate="2019-06-11 01:26:12.866 WIB" Interest="1.0" Kind="edit" Navigation="null" OriginId="org.eclipse.jdt.ui.CompilationUnitEditor" StartDate="2019-06-11 01:26:12.866 WIB" StructureHandle="=org.eclipse.ui.workbench/Eclipse UI&amp;lt;org.eclipse.ui.internal{ViewIntroAdapterPart.java[ViewIntroAdapterPart" StructureKind="java"/><InteractionEvent Delta="null" EndDate="2019-06-11 01:26:11.604 WIB" Interest="1.0" Kind="selection" Navigation="null" OriginId="org.eclipse.jdt.ui.CompilationUnitEditor" StartDate="2019-06-11 01:26:11.604 WIB" StructureHandle="=org.eclipse.ui.workbench/Eclipse UI&amp;lt;org.eclipse.ui.internal{ViewIntroAdapterPart.java[ViewIntroAdapterPart" StructureKind="java"/><InteractionEvent Delta="null" EndDate="2019-06-11 01:26:16.603 WIB" Interest="3.0" Kind="selection" Navigation="null" OriginId="org.eclipse.jdt.ui.CompilationUnitEditor" StartDate="2019-06-11 01:26:11.6 WIB" StructureHandle="=org.eclipse.ui.workbench/Eclipse UI&amp;lt;org.eclipse.ui.internal{ViewIntroAdapterPart.java" StructureKind="java" NumEvents="3" CreationCount="42"/><InteractionEvent Delta="null" EndDate="2019-06-11 04:42:21.166 WIB" Interest="2.0" Kind="selection" Navigation="null" OriginId="org.eclipse.jdt.ui.CompilationUnitEditor" StartDate="2019-06-11 04:34:59.423 WIB" StructureHandle="=eclipse-sample-plugin/src&amp;lt;com.spacetimecat.eclipse_sample_plugin{Sample_Activator.java#org.eclipse.ui.IWorkbenchWindow" StructureKind="java" NumEvents="2" CreationCount="486"/><InteractionEvent Delta="null" EndDate="2019-06-11 04:10:37.516 WIB" Interest="1.0" Kind="selection" Navigation="null" OriginId="org.eclipse.jdt.ui.ClassFileEditor" StartDate="2019-06-11 04:10:37.516 WIB" StructureHandle="=eclipse-sample-plugin/\/junk\/eclipse\/plugins\/org.eclipse.ui.workbench_3.113.0.v20190219-1432.jar&amp;lt;org.eclipse.ui.services(IServiceLocator.class" StructureKind="java"/><InteractionEvent Delta="null" EndDate="2019-06-11 04:17:36.827 WIB" Interest="1.0" Kind="selection" Navigation="null" OriginId="org.eclipse.jdt.ui.ClassFileEditor" StartDate="2019-06-11 04:17:36.827 WIB" StructureHandle="=External Plug-in Libraries/\/junk\/eclipse\/plugins\/org.eclipse.ui.workbench_3.113.0.v20190219-1432.jar&amp;lt;org.eclipse.ui(IWorkbenchActionConstants.class[IWorkbenchActionConstants^M_PROJECT_CONFIGURE" StructureKind="java"/><InteractionEvent Delta="null" EndDate="2019-06-11 01:26:16.604 WIB" Interest="6.0" Kind="propagation" Navigation="org.eclipse.mylyn.core.model.edges.containment" OriginId="org.eclipse.mylyn.core.model.interest.propagation" StartDate="2019-06-11 01:26:11.7 WIB" StructureHandle="/org.eclipse.ui.workbench/Eclipse UI" StructureKind="resource" NumEvents="6" CreationCount="42"/><InteractionEvent Delta="null" EndDate="2019-06-11 04:18:08.127 WIB" Interest="8.971001" Kind="propagation" Navigation="org.eclipse.mylyn.core.model.edges.containment" OriginId="org.eclipse.mylyn.core.model.interest.propagation" StartDate="2019-06-11 04:12:29.243 WIB" StructureHandle="=eclipse-sample-plugin/\/junk\/eclipse\/plugins\/org.eclipse.ui.workbench_3.113.0.v20190219-1432.jar&amp;lt;org.eclipse.ui" StructureKind="java" NumEvents="13" CreationCount="219"/><InteractionEvent Delta="null" EndDate="2019-06-11 04:34:38.945 WIB" Interest="116.651" Kind="propagation" Navigation="org.eclipse.mylyn.core.model.edges.containment" OriginId="org.eclipse.mylyn.core.model.interest.propagation" StartDate="2019-06-11 04:08:03.793 WIB" StructureHandle="=eclipse-sample-plugin/src&amp;lt;com.spacetimecat.eclipse_sample_plugin" StructureKind="java" NumEvents="166" CreationCount="117"/><InteractionEvent Delta="null" EndDate="2019-06-11 04:53:14.742 WIB" Interest="2.0" Kind="selection" Navigation="null" OriginId="org.eclipse.ui.navigator.ProjectExplorer" StartDate="2019-06-11 04:49:55.91 WIB" StructureHandle="=eclipse-sample-plugin/src&amp;lt;com.spacetimecat.eclipse_sample_plugin" StructureKind="java" NumEvents="2" CreationCount="117"/><InteractionEvent Delta="null" EndDate="2019-06-11 04:58:40.457 WIB" Interest="1.2720001" Kind="propagation" Navigation="org.eclipse.mylyn.core.model.edges.containment" OriginId="org.eclipse.mylyn.core.model.interest.propagation" StartDate="2019-06-11 04:55:59.759 WIB" StructureHandle="/org.eclipse.ui.ide/plugin.xml;-775765929" StructureKind="plugin.xml" NumEvents="4" CreationCount="373"/><InteractionEvent Delta="null" EndDate="2019-06-11 04:55:49.997 WIB" Interest="2.0" Kind="selection" Navigation="null" OriginId="org.eclipse.pde.ui.manifestEditor" StartDate="2019-06-11 04:55:43.612 WIB" StructureHandle="/org.eclipse.ui.ide/plugin.xml;-775765929" StructureKind="plugin.xml" NumEvents="2" CreationCount="373"/><InteractionEvent Delta="null" EndDate="2019-06-11 04:55:41.897 WIB" Interest="1.0" Kind="selection" Navigation="null" OriginId="org.eclipse.pde.ui.manifestEditor" StartDate="2019-06-11 04:55:41.897 WIB" StructureHandle="/org.eclipse.ui.ide/plugin.xml;1537037912" StructureKind="plugin.xml"/><InteractionEvent Delta="null" EndDate="2019-06-11 01:32:15.850 WIB" Interest="16.0" Kind="propagation" Navigation="null" OriginId="org.eclipse.ui.navigator.ProjectExplorer" StartDate="2019-06-11 01:26:41.646 WIB" StructureHandle="/org.eclipse.ui.navigator" StructureKind="resource" NumEvents="16" CreationCount="60"/><InteractionEvent Delta="null" EndDate="2019-06-11 04:53:17.586 WIB" Interest="192.0" Kind="propagation" Navigation="null" OriginId="org.eclipse.ui.navigator.ProjectExplorer" StartDate="2019-06-11 04:08:03.793 WIB" StructureHandle="/eclipse-sample-plugin/src/com/spacetimecat/eclipse_sample_plugin/Sample_Activator.java" StructureKind="resource" NumEvents="192" CreationCount="117"/><InteractionEvent Delta="null" EndDate="2019-06-11 04:55:44.976 WIB" Interest="1.0" Kind="selection" Navigation="null" OriginId="org.eclipse.pde.ui.manifestEditor" StartDate="2019-06-11 04:55:44.976 WIB" StructureHandle="/org.eclipse.ui.ide/plugin.xml;-726510516" StructureKind="plugin.xml"/><InteractionEvent Delta="null" EndDate="2019-06-11 04:07:58.669 WIB" Interest="3.0" Kind="selection" Navigation="null" OriginId="org.eclipse.pde.ui.manifestEditor" StartDate="2019-06-11 04:07:33.764 WIB" StructureHandle="/eclipse-sample-plugin/plugin.xml" StructureKind="plugin.xml" NumEvents="3" CreationCount="114"/><InteractionEvent Delta="null" EndDate="2019-06-11 01:24:21.95 WIB" Interest="1.0" Kind="selection" Navigation="null" OriginId="org.eclipse.pde.ui.manifestEditor" StartDate="2019-06-11 01:24:21.95 WIB" StructureHandle="/org.eclipse.ui/plugin.xml;-413877012" StructureKind="plugin.xml"/><InteractionEvent Delta="null" EndDate="2019-06-11 01:26:16.604 WIB" Interest="6.0" Kind="propagation" Navigation="org.eclipse.mylyn.core.model.edges.containment" OriginId="org.eclipse.mylyn.core.model.interest.propagation" StartDate="2019-06-11 01:26:11.7 WIB" StructureHandle="/org.eclipse.ui.workbench/Eclipse UI/org/eclipse" StructureKind="resource" NumEvents="6" CreationCount="42"/><InteractionEvent Delta="null" EndDate="2019-06-11 04:55:32.689 WIB" Interest="0.03399998" Kind="propagation" Navigation="org.eclipse.mylyn.core.model.edges.containment" OriginId="org.eclipse.mylyn.core.model.interest.propagation" StartDate="2019-06-11 04:55:32.689 WIB" StructureHandle="/org.eclipse.ui.ide/plugin.xml;2112776176" StructureKind="plugin.xml"/><InteractionEvent Delta="null" EndDate="2019-06-11 04:58:50.778 WIB" Interest="4.0" Kind="selection" Navigation="null" OriginId="org.eclipse.pde.ui.manifestEditor" StartDate="2019-06-11 04:55:31.80 WIB" StructureHandle="/org.eclipse.ui.ide/plugin.xml;2112776176" StructureKind="plugin.xml" NumEvents="4" CreationCount="355"/><InteractionEvent Delta="null" EndDate="2019-06-11 04:58:44.18 WIB" Interest="0.12200004" Kind="manipulation" Navigation="null" OriginId="org.eclipse.mylyn.core.model.interest.decay.correction" StartDate="2019-06-11 04:58:44.18 WIB" StructureHandle="/org.eclipse.ui.ide/plugin.xml;2112776176" StructureKind="plugin.xml"/><InteractionEvent Delta="null" EndDate="2019-06-11 01:25:44.258 WIB" Interest="5.17" Kind="propagation" Navigation="org.eclipse.mylyn.core.model.edges.containment" OriginId="org.eclipse.mylyn.core.model.interest.propagation" StartDate="2019-06-11 01:24:20.481 WIB" StructureHandle="/org.eclipse.ui/plugin.xml;-985174221" StructureKind="plugin.xml" NumEvents="6" CreationCount="18"/><InteractionEvent Delta="null" EndDate="2019-06-11 04:28:39.419 WIB" Interest="2.0" Kind="selection" Navigation="null" OriginId="org.eclipse.jdt.ui.CompilationUnitEditor" StartDate="2019-06-11 04:28:35.843 WIB" StructureHandle="=eclipse-sample-plugin/src&amp;lt;com.spacetimecat.eclipse_sample_plugin{Sample_Activator.java[Sample_Activator~start~QBundleContext;[~addExtension~QIExtensionTracker;~QIExtension;" StructureKind="java" NumEvents="2" CreationCount="389"/><InteractionEvent Delta="null" EndDate="2019-06-11 01:23:23.332 WIB" Interest="2.0" Kind="edit" Navigation="null" OriginId="org.eclipse.jdt.ui.CompilationUnitEditor" StartDate="2019-06-11 01:23:21.596 WIB" StructureHandle="=org.eclipse.ui/src&amp;lt;org.eclipse.ui.internal{UIPlugin.java[UIPlugin" StructureKind="java" NumEvents="2" CreationCount="7"/><InteractionEvent Delta="null" EndDate="2019-06-11 01:23:31.764 WIB" Interest="3.0" Kind="selection" Navigation="null" OriginId="org.eclipse.jdt.ui.CompilationUnitEditor" StartDate="2019-06-11 01:23:19.740 WIB" StructureHandle="=org.eclipse.ui/src&amp;lt;org.eclipse.ui.internal{UIPlugin.java[UIPlugin" StructureKind="java" NumEvents="3" CreationCount="7"/><InteractionEvent Delta="null" EndDate="2019-06-11 04:55:32.688 WIB" Interest="1.0" Kind="selection" Navigation="null" OriginId="org.eclipse.pde.ui.manifestEditor" StartDate="2019-06-11 04:55:32.688 WIB" StructureHandle="/org.eclipse.ui.ide/plugin.xml;103000330" StructureKind="plugin.xml"/><InteractionEvent Delta="null" EndDate="2019-06-11 01:26:16.603 WIB" Interest="6.0" Kind="propagation" Navigation="null" OriginId="org.eclipse.jdt.ui.CompilationUnitEditor" StartDate="2019-06-11 01:26:11.7 WIB" StructureHandle="/org.eclipse.ui.workbench/Eclipse UI/org/eclipse/ui/internal/ViewIntroAdapterPart.java" StructureKind="resource" NumEvents="6" CreationCount="42"/><InteractionEvent Delta="null" EndDate="2019-06-11 04:17:35.952 WIB" Interest="1.0" Kind="selection" Navigation="null" OriginId="org.eclipse.jdt.ui.ClassFileEditor" StartDate="2019-06-11 04:17:35.952 WIB" StructureHandle="=External Plug-in Libraries/\/junk\/eclipse\/plugins\/org.eclipse.ui.workbench_3.113.0.v20190219-1432.jar&amp;lt;org.eclipse.ui(IWorkbenchActionConstants.class[IWorkbenchActionConstants^CLOSE_PROJECT" StructureKind="java"/><InteractionEvent Delta="null" EndDate="2019-06-11 01:26:23.100 WIB" Interest="14.0" Kind="propagation" Navigation="null" OriginId="org.eclipse.pde.ui.manifestEditor" StartDate="2019-06-11 01:24:20.487 WIB" StructureHandle="/org.eclipse.ui/plugin.xml" StructureKind="resource" NumEvents="14" CreationCount="1"/><InteractionEvent Delta="null" EndDate="2019-06-11 01:25:48.709 WIB" Interest="13.0" Kind="edit" Navigation="null" OriginId="org.eclipse.pde.ui.manifestEditor" StartDate="2019-06-11 01:24:20.487 WIB" StructureHandle="/org.eclipse.ui/plugin.xml" StructureKind="plugin.xml" NumEvents="13" CreationCount="1"/><InteractionEvent Delta="null" EndDate="2019-06-11 04:07:20.35 WIB" Interest="10.0" Kind="selection" Navigation="null" OriginId="org.eclipse.pde.ui.manifestEditor" StartDate="2019-06-11 01:22:48.147 WIB" StructureHandle="/org.eclipse.ui/plugin.xml" StructureKind="plugin.xml" NumEvents="10" CreationCount="1"/><InteractionEvent Delta="null" EndDate="2019-06-11 04:53:17.587 WIB" Interest="221.0" Kind="propagation" Navigation="null" OriginId="org.eclipse.ui.navigator.ProjectExplorer" StartDate="2019-06-11 04:08:03.793 WIB" StructureHandle="/eclipse-sample-plugin/src" StructureKind="resource" NumEvents="221" CreationCount="117"/><InteractionEvent Delta="null" EndDate="2019-06-11 04:17:29.873 WIB" Interest="2.034" Kind="propagation" Navigation="org.eclipse.mylyn.core.model.edges.containment" OriginId="org.eclipse.mylyn.core.model.interest.propagation" StartDate="2019-06-11 04:17:22.504 WIB" StructureHandle="=External Plug-in Libraries/\/junk\/eclipse\/plugins\/org.eclipse.ui.workbench_3.113.0.v20190219-1432.jar&amp;lt;org.eclipse.ui(IWorkbenchActionConstants.class" StructureKind="java" NumEvents="5" CreationCount="283"/><InteractionEvent Delta="null" EndDate="2019-06-11 04:53:17.586 WIB" Interest="220.0" Kind="propagation" Navigation="org.eclipse.mylyn.core.model.edges.containment" OriginId="org.eclipse.mylyn.core.model.interest.propagation" StartDate="2019-06-11 04:08:03.793 WIB" StructureHandle="/eclipse-sample-plugin/src/com" StructureKind="resource" NumEvents="220" CreationCount="117"/><InteractionEvent Delta="null" EndDate="2019-06-11 04:42:58.170 WIB" Interest="2.0" Kind="selection" Navigation="null" OriginId="org.eclipse.pde.ui.manifestEditor" StartDate="2019-06-11 04:42:43.917 WIB" StructureHandle="/org.eclipse.ui.ide/plugin.xml;1341431159" StructureKind="plugin.xml" NumEvents="2" CreationCount="494"/><InteractionEvent Delta="null" EndDate="2019-06-11 01:25:44.257 WIB" Interest="5.0" Kind="selection" Navigation="null" OriginId="org.eclipse.pde.ui.manifestEditor" StartDate="2019-06-11 01:24:28.971 WIB" StructureHandle="/org.eclipse.ui/plugin.xml;-144831092" StructureKind="plugin.xml" NumEvents="5" CreationCount="28"/><InteractionEvent Delta="null" EndDate="2019-06-11 01:26:30.268 WIB" Interest="16.0" Kind="propagation" Navigation="null" OriginId="org.eclipse.ui.navigator.ProjectExplorer" StartDate="2019-06-11 01:23:19.91 WIB" StructureHandle="/org.eclipse.ui/src" StructureKind="resource" NumEvents="16" CreationCount="5"/><InteractionEvent Delta="null" EndDate="2019-06-11 04:10:37.517 WIB" Interest="1.0" Kind="propagation" Navigation="org.eclipse.mylyn.core.model.edges.containment" OriginId="org.eclipse.mylyn.core.model.interest.propagation" StartDate="2019-06-11 04:10:37.517 WIB" StructureHandle="=eclipse-sample-plugin/\/junk\/eclipse\/plugins\/org.eclipse.ui.workbench_3.113.0.v20190219-1432.jar&amp;lt;org.eclipse.ui.services" StructureKind="java"/><InteractionEvent Delta="null" EndDate="2019-06-11 04:43:00.335 WIB" Interest="3.0" Kind="propagation" Navigation="null" OriginId="org.eclipse.pde.ui.manifestEditor" StartDate="2019-06-11 04:42:43.928 WIB" StructureHandle="/org.eclipse.ui.ide/plugin.xml" StructureKind="resource" NumEvents="3" CreationCount="492"/><InteractionEvent Delta="null" EndDate="2019-06-11 04:58:50.784 WIB" Interest="34.0" Kind="edit" Navigation="null" OriginId="org.eclipse.pde.ui.manifestEditor" StartDate="2019-06-11 04:42:42.737 WIB" StructureHandle="/org.eclipse.ui.ide/plugin.xml" StructureKind="plugin.xml" NumEvents="34" CreationCount="492"/><InteractionEvent Delta="null" EndDate="2019-06-11 04:58:40.425 WIB" Interest="12.0" Kind="selection" Navigation="null" OriginId="org.eclipse.pde.ui.manifestEditor" StartDate="2019-06-11 04:42:41.670 WIB" StructureHandle="/org.eclipse.ui.ide/plugin.xml" StructureKind="plugin.xml" NumEvents="12" CreationCount="492"/></InteractionHistory>